repository,commit,path,bytes,text_newlines,sha256,coverage
koreader,5ec0242b50ce821e4edd06a033b548e6e99880b9,.ci/after_success.sh,411,15,2608f4d96bd366e0399638a93323090b75184c8ad914cbe00527661c44ab2226,inventoried
koreader,5ec0242b50ce821e4edd06a033b548e6e99880b9,.ci/after_success_docs_translation.sh,1643,42,f2a3a0adb95686fb4ff46b5fed288e4e9fc47f9454008015870bef5c0926013f,inventoried
koreader,5ec0242b50ce821e4edd06a033b548e6e99880b9,.ci/build.sh,241,14,54597c77938c08f87a6468a046b17b53238b81dd676bdc207bfcf53bb3c80862,inventoried
koreader,5ec0242b50ce821e4edd06a033b548e6e99880b9,.ci/check.sh,3022,55,a5e6c56f44bd59b8bf4daf8fdf3960db2c1c6bb92c5f0baa12153522247a2cba,inventoried
koreader,5ec0242b50ce821e4edd06a033b548e6e99880b9,.ci/common.sh,666,33,617131ad2ea93c10037f0e4b5fc428efba5bfad6ba15b77f6e6811786eac140d,inventoried
koreader,5ec0242b50ce821e4edd06a033b548e6e99880b9,.ci/fetch.sh,170,7,a03084d309b6a640b4654a149edbd89cf61deb1268adaccebfb5b6ab1dabdf49,inventoried
koreader,5ec0242b50ce821e4edd06a033b548e6e99880b9,.ci/helper_shellchecks.sh,569,10,26707738eab28046aa44f17428471dadc34a3e59401e81e563b5c3a46b556b61,inventoried
koreader,5ec0242b50ce821e4edd06a033b548e6e99880b9,.ci/test.sh,479,17,f3efc68045e0ac604acb8e40b5648dad0f3aa1c83601e50491a5dd093a26da33,inventoried
koreader,5ec0242b50ce821e4edd06a033b548e6e99880b9,.circleci/config.yml,3725,165,9c19817ba2ec721a8de21406d546f75c570ce0f2667a2327772f38817bf72ef5,inventoried
koreader,5ec0242b50ce821e4edd06a033b548e6e99880b9,.codecov.yml,55,4,887f037fee9debbe3712650edc10a129a0ea59bcac90e99ae81bcae28b223705,inventoried
koreader,5ec0242b50ce821e4edd06a033b548e6e99880b9,.editorconfig,424,27,b9a0c5cb6dc045158fe4b4f0f2ef2b2cbf204481b6ce131b48b80029e2288585,inventoried
koreader,5ec0242b50ce821e4edd06a033b548e6e99880b9,.emmyrc.json,534,26,68ce97f7ae6947afabcc6de584e78e4578d36dbeca2790e11dff63cc628255ac,inventoried
koreader,5ec0242b50ce821e4edd06a033b548e6e99880b9,.github/CODEOWNERS,267,9,bec9c00c5eea53833a68e8abf51b2f9745e158eb5115bbfd02d727e1f47310b4,inventoried
koreader,5ec0242b50ce821e4edd06a033b548e6e99880b9,.github/FUNDING.yml,20,1,07b177de9d5308f28c6700092dd0f6349d2d8b6d35dc2b0c6479cd839249c9e1,inventoried
koreader,5ec0242b50ce821e4edd06a033b548e6e99880b9,.github/ISSUE_TEMPLATE/bug_report.yml,4409,136,71ba4a97dffb7234502ca288d9f1bcef0b469a29c21c163c08939e8a953f7476,inventoried
koreader,5ec0242b50ce821e4edd06a033b548e6e99880b9,.github/ISSUE_TEMPLATE/feature_request.md,674,20,d76e7b8cbfe669945bb0ca360049cfe2a365fed6a85cca046a43965b89d92904,inventoried
koreader,5ec0242b50ce821e4edd06a033b548e6e99880b9,.github/dependabot.yml,118,6,883b95e3be554fbadd92b315e4a8c6ea6ca688b64924e22dd61222b07f683507,inventoried
koreader,5ec0242b50ce821e4edd06a033b548e6e99880b9,.github/workflows/build.yml,6617,226,5764c86b61f248af17d53dbc0a2c72afc00014c6bb960685c6ad13d81488a64d,inventoried
koreader,5ec0242b50ce821e4edd06a033b548e6e99880b9,.gitignore,350,43,b287bc520fc8f9e4f84babeba37bd8a40ee38ac9f565b8dff5f3b65001d0d1b8,inventoried
koreader,5ec0242b50ce821e4edd06a033b548e6e99880b9,.gitmodules,575,18,4c19a90cf7544dae99cb3d216a9a18b7a5a83ced25a2ba93da70f181cb57acfb,inventoried
koreader,5ec0242b50ce821e4edd06a033b548e6e99880b9,.luacheckrc,1020,43,9a59cbf06437cc63d9242e3f83acd05f7c520794d39ad14c9c4bb2131d67ea21,inventoried
koreader,5ec0242b50ce821e4edd06a033b548e6e99880b9,.luacov,1612,71,42d4283371b0b09226f644953096d8b3fc857b3148cc68b9d756f10d3cf96546,inventoried
koreader,5ec0242b50ce821e4edd06a033b548e6e99880b9,.luarc.json,132,5,1361039e55639fdbc223be141f617643211e7725eaef4928be4be59604a07547,inventoried
koreader,5ec0242b50ce821e4edd06a033b548e6e99880b9,.shellcheckrc,32,1,88c27d091d881d61a62afda3dd138b84bc9fa19d284d1894beefadd62ff82c18,inventoried
koreader,5ec0242b50ce821e4edd06a033b548e6e99880b9,COPYING,34520,661,57c8ff33c9c0cfc3ef00e650a1cc910d7ee479a8bc509f6c9209a7c2a11399d6,inventoried
koreader,5ec0242b50ce821e4edd06a033b548e6e99880b9,Makefile,5902,230,72a67a7c6d74eeb74586a13baf396e20613497e7cb1a2b610d6e1db22bdb49b3,inventoried
koreader,5ec0242b50ce821e4edd06a033b548e6e99880b9,README.md,6334,104,c92b4e7f503350c79d4f32ba1f1fb8c6cb273baec03d82ce7696c62606530ec1,inventoried
koreader,5ec0242b50ce821e4edd06a033b548e6e99880b9,datastorage.lua,4265,125,32ba6a7688ee2a279fbc67dad9060454a58420a9065a10175f47866fa4f967cb,inventoried
koreader,5ec0242b50ce821e4edd06a033b548e6e99880b9,defaults.lua,9000,202,be7c335d81dc6d7bebc608e15584b569ac2a541fbbabd019ad53719e3853f78f,inventoried
koreader,5ec0242b50ce821e4edd06a033b548e6e99880b9,doc/Building.md,9692,328,f0dddb14ab70872c2dd46e3d1d42ea884fed7858ff4afc5466a3bfcfe66048cf,inventoried
koreader,5ec0242b50ce821e4edd06a033b548e6e99880b9,doc/Building_targets.md,3807,147,f94fcf571a37d99b63d6fcd608bc3bef7fedceb19e044afb21270295f1048cb1,inventoried
koreader,5ec0242b50ce821e4edd06a033b548e6e99880b9,doc/Collaborating_with_Git.md,4334,124,b7039e294a587feb05fcd34beef1ab05870a2abd61459b1a39a29f1ee8ed597e,inventoried
koreader,5ec0242b50ce821e4edd06a033b548e6e99880b9,doc/DataStore.md,2070,70,14c43b98d8c176d530416da1451550933b0b8abad37195f757cde0e8af27dfa7,inventoried
koreader,5ec0242b50ce821e4edd06a033b548e6e99880b9,doc/Development_guide.md,4804,134,99fd7b53ff735924a1e3ce09aab84ec7f417717ad3422eac6ebc8339dc41ea53,inventoried
koreader,5ec0242b50ce821e4edd06a033b548e6e99880b9,doc/Events.md,4108,66,7394bdeaaebaa1148d4d69d6e3ba114fb53ecd2530a2c218e7c865700a3ce9f0,inventoried
koreader,5ec0242b50ce821e4edd06a033b548e6e99880b9,doc/Hacking.md,1630,51,a98733a21f08673c0a65e83711fdaad8008c9d14020be961a78df466556aabd6,inventoried
koreader,5ec0242b50ce821e4edd06a033b548e6e99880b9,doc/Makefile,123,8,c5ce68b57634cb79663d16dcd7df1b14ed8df4fdbb3adbb705e3c4b4a92028c3,inventoried
koreader,5ec0242b50ce821e4edd06a033b548e6e99880b9,doc/Porting.md,8500,103,6f49a5a9ce8aa525b1b16d88edb291f46f6df51b98ee1af3981e32bb02b83884,inventoried
koreader,5ec0242b50ce821e4edd06a033b548e6e99880b9,doc/Unit_tests.md,505,14,d8f606292c0ddfc9feaa540eee895738eb5f6385a406ade82d589b558c580fcd,inventoried
koreader,5ec0242b50ce821e4edd06a033b548e6e99880b9,doc/config.ld,972,33,3541c53d881595e1613c47aa8006c8bbde19712c5c922f46f77311df48de9b3e,inventoried
koreader,5ec0242b50ce821e4edd06a033b548e6e99880b9,frontend/apps/filemanager/filemanager.lua,64936,1725,01773fcbf336d1824346e48243608084990be09a48c142f0f9b1969dce511190,inventoried
koreader,5ec0242b50ce821e4edd06a033b548e6e99880b9,frontend/apps/filemanager/filemanagerbookinfo.lua,49318,1192,6fa10a875490d5829ddb0990fb65c53ac4e3d2fb7b8320d5a6237bfde2a14cb2,inventoried
koreader,5ec0242b50ce821e4edd06a033b548e6e99880b9,frontend/apps/filemanager/filemanagercollection.lua,68028,1770,4d2c0a1d0d0824e14a3788ca60e754ce8ace2f88197e4463a2f132c4ba0a4705,inventoried
koreader,5ec0242b50ce821e4edd06a033b548e6e99880b9,frontend/apps/filemanager/filemanagerconverter.lua,4519,136,19338e7be0a739bee3f2d66c15902172ec3dd5c631a26c35bfd7b2d37a36f975,inventoried
koreader,5ec0242b50ce821e4edd06a033b548e6e99880b9,frontend/apps/filemanager/filemanagerfilesearcher.lua,24288,630,c6a4f9bc8ed69e80ba9a890c73fd0706abea1bd303e942a057e195a9d7809c06,inventoried
koreader,5ec0242b50ce821e4edd06a033b548e6e99880b9,frontend/apps/filemanager/filemanagerhistory.lua,15689,432,a8996b205246a4ff99a5ea63ea8a5f71290ca3ad3fe90bf5e946a085011d3cfa,inventoried
koreader,5ec0242b50ce821e4edd06a033b548e6e99880b9,frontend/apps/filemanager/filemanagermenu.lua,47507,1145,fa4f4a0f3b9ea7b33ef8e016d57bab54c501c0c96f53262e13bf04c83a8ad766,inventoried
koreader,5ec0242b50ce821e4edd06a033b548e6e99880b9,frontend/apps/filemanager/filemanagersetdefaults.lua,13600,352,888688466df3b103f390345050debbfbea1e40b7ec24746b8e0c99b87b6a05a1,inventoried
koreader,5ec0242b50ce821e4edd06a033b548e6e99880b9,frontend/apps/filemanager/filemanagershortcuts.lua,21498,614,447f3acf5c404f911763ea3dab793f5d968d9c9d14f26fc197178a902a030b94,inventoried
koreader,5ec0242b50ce821e4edd06a033b548e6e99880b9,frontend/apps/filemanager/filemanagerutil.lua,18842,478,67509496c1aa1fa748a20c686ae4a6ad67305a7ddb2210016d5b2898e3041eee,inventoried
koreader,5ec0242b50ce821e4edd06a033b548e6e99880b9,frontend/apps/filemanager/lib/md.lua,16824,533,af320c067b328464279e3d5862b74ed0267db053d62c7e455b16ed8d1161b83d,inventoried
koreader,5ec0242b50ce821e4edd06a033b548e6e99880b9,frontend/apps/reader/modules/readeractivityindicator.lua,2668,81,f85c0ea5dce62e6520f37e76e0d9c0366a94f4b7992951528b8c5d6ef2bed08b,inventoried
koreader,5ec0242b50ce821e4edd06a033b548e6e99880b9,frontend/apps/reader/modules/readerannotation.lua,23171,576,ef0a59a9045c7338d1fffcbf5e201c3fe7de3f73761769734eb635b34f306626,inventoried
koreader,5ec0242b50ce821e4edd06a033b548e6e99880b9,frontend/apps/reader/modules/readerback.lua,7525,195,6992b529d2080b6a73a9cf4e92c6846685c868beaf6a5532f919c4ae647ebd09,inventoried
koreader,5ec0242b50ce821e4edd06a033b548e6e99880b9,frontend/apps/reader/modules/readerbookmark.lua,65811,1680,bde9d2e97d915f1dd737da0343d645337d34507bf5c19b73dca8a5e68fbb98f4,inventoried
koreader,5ec0242b50ce821e4edd06a033b548e6e99880b9,frontend/apps/reader/modules/readerconfig.lua,6713,197,a2657cf0a8c12213e291f3647585f13292c29db04a3ef8a4f9316d99e5d5af18,inventoried
koreader,5ec0242b50ce821e4edd06a033b548e6e99880b9,frontend/apps/reader/modules/readercoptlistener.lua,24406,555,38508fed1515bfc544f13921170af4104b2bace76b29656972686b9f5d297235,inventoried
koreader,5ec0242b50ce821e4edd06a033b548e6e99880b9,frontend/apps/reader/modules/readercropping.lua,6243,179,1b9cb8108c98aed608e5a47cdd14951fe9af416f844072a350c6241972b3371e,inventoried
koreader,5ec0242b50ce821e4edd06a033b548e6e99880b9,frontend/apps/reader/modules/readerdevicestatus.lua,17002,351,0ad3fbb74a4916c887571c00c1dc6dec8722be9583d80a505d9099ac8e4731a7,inventoried
koreader,5ec0242b50ce821e4edd06a033b548e6e99880b9,frontend/apps/reader/modules/readerdictionary.lua,79693,2030,09ebbae462df4e9402b3ea03abf8f307c97bc4b0dfec33937c75dca322ccd902,inventoried
koreader,5ec0242b50ce821e4edd06a033b548e6e99880b9,frontend/apps/reader/modules/readerdogear.lua,4753,130,9c2862b675d29ce92f84a4101413c169f73cb4b1c20e72d1376c2911188af747,inventoried
koreader,5ec0242b50ce821e4edd06a033b548e6e99880b9,frontend/apps/reader/modules/readerflipping.lua,4489,117,35a1b86909e5ee0ebfa032a972a6f6f853269e8e3de1d3fa2e0c92b3ead29775,inventoried
koreader,5ec0242b50ce821e4edd06a033b548e6e99880b9,frontend/apps/reader/modules/readerfont.lua,42147,962,a53fdbc39a5f83a2c4f033da91d6b7fdb4133f0d3d961e606b0a720514dc853c,inventoried
koreader,5ec0242b50ce821e4edd06a033b548e6e99880b9,frontend/apps/reader/modules/readerfooter.lua,120458,2776,d69cff02566afae4a257c4e6acd2f88e6b58cee385204b066c7951ae2f5249f4,inventoried
koreader,5ec0242b50ce821e4edd06a033b548e6e99880b9,frontend/apps/reader/modules/readergoto.lua,11895,330,902448c7bf549739f17fdc6c83998c07465e344f324bcb6b9b8897720ee90f45,inventoried
koreader,5ec0242b50ce821e4edd06a033b548e6e99880b9,frontend/apps/reader/modules/readerhandmade.lua,30880,741,5260c7e9019b6a544709394b41ca24e49041fadcfda5b921437644189833f3ff,inventoried
koreader,5ec0242b50ce821e4edd06a033b548e6e99880b9,frontend/apps/reader/modules/readerhighlight.lua,120837,2911,f8ca6bbb8bc24c037295c6fce484e19fedd48d1a414a3207204b9be6d1977ae4,inventoried
koreader,5ec0242b50ce821e4edd06a033b548e6e99880b9,frontend/apps/reader/modules/readerhinting.lua,1132,43,100ce59b7d6ee6568e0e7096e7572e21d82344bd8a970ce9ad4fb072bb6a4bca,inventoried
koreader,5ec0242b50ce821e4edd06a033b548e6e99880b9,frontend/apps/reader/modules/readerkeyselection.lua,54103,1230,16c48ed358b816094aa4d5f8e8b2c04064b24f3b284582864bcb06cb81f4a025,inventoried
koreader,5ec0242b50ce821e4edd06a033b548e6e99880b9,frontend/apps/reader/modules/readerkoptlistener.lua,4632,101,03bc57e03ceb89fc5d4b53d6f3560d8abd2ac8fdf4e14edbe6f7efee66c078eb,inventoried
koreader,5ec0242b50ce821e4edd06a033b548e6e99880b9,frontend/apps/reader/modules/readerlink.lua,73630,1680,c05e1d64990ac502a5713f255a4933050485b615607e180a0a236985a5ea490d,inventoried
koreader,5ec0242b50ce821e4edd06a033b548e6e99880b9,frontend/apps/reader/modules/readermenu.lua,19583,541,5d712a468df3862707808cff3231f0c41d939ad9f20bc881223df40ed60f4657,inventoried
koreader,5ec0242b50ce821e4edd06a033b548e6e99880b9,frontend/apps/reader/modules/readerpagemap.lua,30657,685,cb9e1f15c00324a7240e3da6ed8253c7450931f2ac82887bb90dc8bfd611c4fb,inventoried
koreader,5ec0242b50ce821e4edd06a033b548e6e99880b9,frontend/apps/reader/modules/readerpaging.lua,48831,1222,d110f266d90ceb48699c85118f74c0c8d213e50dd2d6c2301a7c499abc65fcd7,inventoried
koreader,5ec0242b50ce821e4edd06a033b548e6e99880b9,frontend/apps/reader/modules/readerpanning.lua,1715,62,bcd1f7783162b7bdcdad7e7d2b7fda7c0a94ac4559969faa8b8b51ffa95bcb19,inventoried
koreader,5ec0242b50ce821e4edd06a033b548e6e99880b9,frontend/apps/reader/modules/readerrolling.lua,92745,1983,4af978e7d81fa91d8f3a93096b9c656edf0a7c47078a305ea35ac87d9d72d68c,inventoried
koreader,5ec0242b50ce821e4edd06a033b548e6e99880b9,frontend/apps/reader/modules/readerscrolling.lua,17376,421,e76cb7f1da4bcc14675756a197fdd0ee953817bf99f54dbb0dd6f3b91da14c8d,inventoried
koreader,5ec0242b50ce821e4edd06a033b548e6e99880b9,frontend/apps/reader/modules/readersearch.lua,43291,988,d82613473d850146087f278716afc06037d75960feae687702f695509cba667f,inventoried
koreader,5ec0242b50ce821e4edd06a033b548e6e99880b9,frontend/apps/reader/modules/readerstatus.lua,8034,219,c46458fd10dddc3ab3221f50c25c1a958f6ddb56f098b8b67227d9e85eed0017,inventoried
koreader,5ec0242b50ce821e4edd06a033b548e6e99880b9,frontend/apps/reader/modules/readerstyletweak.lua,55546,1262,0ca07b9e31b6bff09c20442712503f6f123e5152fba1237d9aeaa96c09eb65a3,inventoried
koreader,5ec0242b50ce821e4edd06a033b548e6e99880b9,frontend/apps/reader/modules/readerthumbnail.lua,22825,553,84572c4511cb73354750fe6cbf69cc14956b73de9423f4b7bbd4f533045af871,inventoried
koreader,5ec0242b50ce821e4edd06a033b548e6e99880b9,frontend/apps/reader/modules/readertoc.lua,57249,1476,9672c948ce50a229911954b689f03cc03aaafb9befe39137960573833bd67637,inventoried
koreader,5ec0242b50ce821e4edd06a033b548e6e99880b9,frontend/apps/reader/modules/readertypeset.lua,24731,579,56d2e85550bd2149b37261f0d2d514e5123c5a0006593d81cf4a4a5dc721fb8f,inventoried
koreader,5ec0242b50ce821e4edd06a033b548e6e99880b9,frontend/apps/reader/modules/readertypography.lua,44356,860,1cce85dc450bd01e4e11343b3084403cdfebf884d1f6c6d16218932bf5df707c,inventoried
koreader,5ec0242b50ce821e4edd06a033b548e6e99880b9,frontend/apps/reader/modules/readeruserhyph.lua,11598,328,6c1b669af1ef191c9068c2e56b8dbe2e5703ca7abb97dadf13ef2498a6c55aee,inventoried
koreader,5ec0242b50ce821e4edd06a033b548e6e99880b9,frontend/apps/reader/modules/readerview.lua,58887,1500,1215d1ea5d232c87399e4df39bd920edc998968a35d3b3815a2860c38ef8ba85,inventoried
koreader,5ec0242b50ce821e4edd06a033b548e6e99880b9,frontend/apps/reader/modules/readerwikipedia.lua,25657,580,a82bc0162538cb41759ed54571703be4b33388f82fc98b5ba51d43a74ce249c4,inventoried
koreader,5ec0242b50ce821e4edd06a033b548e6e99880b9,frontend/apps/reader/modules/readerzooming.lua,27742,748,216f333915fcf0cca4fbee9f6c0d3025e3d5f9afd261992c1e6a860cdfd10112,inventoried
koreader,5ec0242b50ce821e4edd06a033b548e6e99880b9,frontend/apps/reader/readerui.lua,37470,1005,48447145385e068d32eca1412a091d95f6afde66f05a2c2bd6434bd89f8bb33f,inventoried
koreader,5ec0242b50ce821e4edd06a033b548e6e99880b9,frontend/cache.lua,5734,196,f6ff31fa60b93190c007a9e3b407c5ef8043fc7ab0f1531f24703aab9eec32b5,inventoried
koreader,5ec0242b50ce821e4edd06a033b548e6e99880b9,frontend/cacheitem.lua,1090,28,7a01e1a423c5654204cc57ce867783a767a84051833007fbd7c46414f94fcb59,inventoried
koreader,5ec0242b50ce821e4edd06a033b548e6e99880b9,frontend/cachesqlite.lua,6225,213,0c236cb749a53b16cc8a9c61cb6172d0156e54f0d7aaf12b6c53f14710bea7fd,inventoried
koreader,5ec0242b50ce821e4edd06a033b548e6e99880b9,frontend/configurable.lua,1916,68,51abad81d29f15e8f73b5e2cf2594e9a55c317b7d70e2b182cf6c7268806bab2,inventoried
koreader,5ec0242b50ce821e4edd06a033b548e6e99880b9,frontend/datetime.lua,14879,344,46810d09cf6c9683a6ec04aab7e10d50f9942311891d8516e46fa1b89ec606fb,inventoried
koreader,5ec0242b50ce821e4edd06a033b548e6e99880b9,frontend/dbg.lua,2782,104,0849ffd67cd7ae8ac523c0a9ba9ba6735f687f69e7f8d264c38b9e9c327aff08,inventoried
koreader,5ec0242b50ce821e4edd06a033b548e6e99880b9,frontend/depgraph.lua,6889,213,f8a7f49573964b378e75aec898b7580d2cee4203a600ef14933ef47ec8cfeb99,inventoried
koreader,5ec0242b50ce821e4edd06a033b548e6e99880b9,frontend/device.lua,1150,29,821be559161f786046b1af9657a7ad74eac17faa8fa66f0fe7c36386def9db5a,inventoried
koreader,5ec0242b50ce821e4edd06a033b548e6e99880b9,frontend/device/android/device.lua,22364,604,ecd9a2827c710cc50fd1b9435f149711415a601b783551aef6256c2865a7902a,inventoried
koreader,5ec0242b50ce821e4edd06a033b548e6e99880b9,frontend/device/android/event_map.lua,1129,30,7d73cbeb6d4895b84c3f3603f7cbdd480a526b09ec8212fd8b602586c0e80982,inventoried
koreader,5ec0242b50ce821e4edd06a033b548e6e99880b9,frontend/device/android/powerd.lua,2417,82,9bcb598f4c71cee034896cab9d023c25a31ab734e3b2db522137191b224ab48f,inventoried
koreader,5ec0242b50ce821e4edd06a033b548e6e99880b9,frontend/device/cervantes/device.lua,9982,296,a206e42355f2de7c42438bc5908921bf8e9c855358784d0e0f317c0102bffd45,inventoried
koreader,5ec0242b50ce821e4edd06a033b548e6e99880b9,frontend/device/cervantes/powerd.lua,5587,163,3c23be48a88deeffef799cc62e7da3af2fc36b91168bee216a0291e346c6c6f3,inventoried
koreader,5ec0242b50ce821e4edd06a033b548e6e99880b9,frontend/device/devicelistener.lua,17366,479,8336d0dc943f27edb9f6ef1ee41a3b4ee81c7c4f6b6cfa68efba7466c17bd9ab,inventoried
koreader,5ec0242b50ce821e4edd06a033b548e6e99880b9,frontend/device/dummy/device.lua,566,26,1aac1546623f1cfbd29bb5911cb28b53cd58ddc4f301544b6d14b8f9ffc71d56,inventoried
koreader,5ec0242b50ce821e4edd06a033b548e6e99880b9,frontend/device/generic/device.lua,43174,1137,3199a9b88502faf0eff13a21abb1a3e2ff373b34b53c8414e7a95dc3e88678ea,inventoried
koreader,5ec0242b50ce821e4edd06a033b548e6e99880b9,frontend/device/generic/powerd.lua,12558,362,e1a12b8b566ecfd43025de96e01ba32ef03e2cab2569edcee384137f739119f4,inventoried
koreader,5ec0242b50ce821e4edd06a033b548e6e99880b9,frontend/device/gesturedetector.lua,65512,1540,eda71485de9e19b3487c71833e0d9b62a4cd56caa0d05b34a6256ccd1f5c6e34,inventoried
koreader,5ec0242b50ce821e4edd06a033b548e6e99880b9,frontend/device/input.lua,78526,1837,c40d10835256d0ed60d3852b27f8a4ad48a81eb68c90c4c6ac0daa76adb13862,inventoried
koreader,5ec0242b50ce821e4edd06a033b548e6e99880b9,frontend/device/key.lua,2238,94,ebbeaa311c9c61a9502e074301263cf7328292f3c1034133e099fa51e58ff66d,inventoried
koreader,5ec0242b50ce821e4edd06a033b548e6e99880b9,frontend/device/kindle/device.lua,87200,2225,20b891f773f6caadda278822b88330d02e28a4a88115493fd589b02006b40a37,inventoried
koreader,5ec0242b50ce821e4edd06a033b548e6e99880b9,frontend/device/kindle/event_map_keyboard.lua,924,30,05a9c3cdd8ae657573aabb0b1660f8afb580b77a2f96eb63362f7e0b619f1a2a,inventoried
koreader,5ec0242b50ce821e4edd06a033b548e6e99880b9,frontend/device/kindle/event_map_kindle4.lua,1211,33,36817a92766ed2d0af42362ea8c7a5ff1fb12fc190ecbbe175276a16198b3be5,inventoried
koreader,5ec0242b50ce821e4edd06a033b548e6e99880b9,frontend/device/kindle/k3_alt_and_top_row.lua,463,13,bd16923770a8d062e0f4d570e5a5faaaf8b46406f923c4f62e796fb6c4755327,inventoried
koreader,5ec0242b50ce821e4edd06a033b548e6e99880b9,frontend/device/kindle/keyboard_layout.lua,324,14,1bbe0ce54bb68aa007396543fc6142107c631df98dc201537a90a62bf347445b,inventoried
koreader,5ec0242b50ce821e4edd06a033b548e6e99880b9,frontend/device/kindle/mockrtc.lua,2129,62,85bfa11f58272112707067f50be9821c9bd2fe3312606a91afce80d82176c191,inventoried
koreader,5ec0242b50ce821e4edd06a033b548e6e99880b9,frontend/device/kindle/powerd.lua,13845,363,e4f233415386f9d5c48ad5d8222d8c4c703090908f08d61fc999978a2649282f,inventoried
koreader,5ec0242b50ce821e4edd06a033b548e6e99880b9,frontend/device/kobo/device.lua,71206,1821,a8d370589a00554f577d68a1803ee9520448df59a4229ac3869f2f5a27135883,inventoried
koreader,5ec0242b50ce821e4edd06a033b548e6e99880b9,frontend/device/kobo/nickel_conf.lua,6760,223,2b4f7f98090ae507204f49b8878f048589a57e81e14f9d6f7421af8231c576fa,inventoried
koreader,5ec0242b50ce821e4edd06a033b548e6e99880b9,frontend/device/kobo/ntx_io.lua,528,18,a53f4c6114f523c5af29b690c9f797fe60a8140a8b82cb21692aa4ec8e1ebc83,inventoried
koreader,5ec0242b50ce821e4edd06a033b548e6e99880b9,frontend/device/kobo/powerd.lua,24493,540,c9404c9ef84d4378bde8757a8156a7dee2a3a0c99b669e42cdf2dcac60c67725,inventoried
koreader,5ec0242b50ce821e4edd06a033b548e6e99880b9,frontend/device/pocketbook/device.lua,32251,1017,fc5b3bce260f24073d25d8307183629dde5dc888b0d38fd42fd0a62ff36d395d,inventoried
koreader,5ec0242b50ce821e4edd06a033b548e6e99880b9,frontend/device/pocketbook/powerd.lua,3795,116,93711d6916a553a2ec6e88d7b3d0f3ee87b19f909a13975fb96d039bfe9578cb,inventoried
koreader,5ec0242b50ce821e4edd06a033b548e6e99880b9,frontend/device/remarkable/device.lua,18853,529,88aa0366b5c1eac3fa8713f0e2ab0ab306f2ba4a9e9f81d9c4a1eed3cb569f45,inventoried
koreader,5ec0242b50ce821e4edd06a033b548e6e99880b9,frontend/device/remarkable/event_map.lua,217,9,582fa5d5587f590cc70095b8735a3e437c96f8234f5f08b2e6fcf85da2fbd112,inventoried
koreader,5ec0242b50ce821e4edd06a033b548e6e99880b9,frontend/device/remarkable/powerd.lua,3525,115,18cb39a3f088db147095164f358463200696f551f929efc87de3362dc9aaa3c4,inventoried
koreader,5ec0242b50ce821e4edd06a033b548e6e99880b9,frontend/device/sdl/device.lua,17783,510,b040ff950a4b662a9a6bf149423136c258fe173bf2971f18f1c22fa9ce4407c4,inventoried
koreader,5ec0242b50ce821e4edd06a033b548e6e99880b9,frontend/device/sdl/event_map_sdl2.lua,2614,91,e667e91b69d513b6641aa29010ed251712341fe75d682187b0241a51f6c59bc1,inventoried
koreader,5ec0242b50ce821e4edd06a033b548e6e99880b9,frontend/device/sdl/gamepad.lua,4204,147,f95fc7c6927363869f2f70ba19e29572a449adfad3a268a1aa0b0814adc7032f,inventoried
koreader,5ec0242b50ce821e4edd06a033b548e6e99880b9,frontend/device/sdl/keyboard_layout.lua,322,14,e9419cf88ebea212dc772c8bf915dc037aa190f17cfdb1385812149b52c28535,inventoried
koreader,5ec0242b50ce821e4edd06a033b548e6e99880b9,frontend/device/sdl/powerd.lua,1266,53,30095c7db138125a2021f84d0e1db4248eb103423453c7c7bcf9dc32440a5268,inventoried
koreader,5ec0242b50ce821e4edd06a033b548e6e99880b9,frontend/device/sony-prstux/device.lua,7089,254,5df038f269c2dd9d1304812a48884a8b8ab21e6695b436ed7c8dc8f239701253,inventoried
koreader,5ec0242b50ce821e4edd06a033b548e6e99880b9,frontend/device/sony-prstux/event_map.lua,133,8,3fd25e6ff6e6fc61f863a0d25cfb8aef00f6764563e6a05ddf5eec637c418b70,inventoried
koreader,5ec0242b50ce821e4edd06a033b548e6e99880b9,frontend/device/sony-prstux/powerd.lua,1091,43,3a40a1cbd7bf044a33204c659ae65aa3361ed045d6ab726171405647489867ff,inventoried
koreader,5ec0242b50ce821e4edd06a033b548e6e99880b9,frontend/device/sysfs_light.lua,4375,134,ca28327babe6dcc0ce89a7a571c6f6d1009139494458c96f791aed895e7515aa,inventoried
koreader,5ec0242b50ce821e4edd06a033b548e6e99880b9,frontend/device/thirdparty.lua,1855,70,4c484fab5ded1dc6372995707adfda07192d31a0e43d1d1807d75654e6b23877,inventoried
koreader,5ec0242b50ce821e4edd06a033b548e6e99880b9,frontend/device/wakeupmgr.lua,9532,287,452edffa8c9d89f222c615ad885065d898a20832d30e89299f138d18904f5828,inventoried
koreader,5ec0242b50ce821e4edd06a033b548e6e99880b9,frontend/dispatcher.lua,78163,1579,9200297cc93c5633da073081192cc4f2ccea931bb57b9e2142bdd042110b22de,inventoried
koreader,5ec0242b50ce821e4edd06a033b548e6e99880b9,frontend/docsettings.lua,25909,651,2ac292560866b8ecae40cfd8afa7bc79adf84d62711619ab3e476edaa82a0ad0,inventoried
koreader,5ec0242b50ce821e4edd06a033b548e6e99880b9,frontend/document/canvascontext.lua,3273,99,1412e64a4e957d63ef3fe1a6d9c32ce8032e0504c8716d8a3a8eae2612bfefd3,inventoried
koreader,5ec0242b50ce821e4edd06a033b548e6e99880b9,frontend/document/credocument.lua,86331,2059,09a6aca7b123d87661e22d95fc3179547bc8d1ccc20facd9ed93875f528b3a99,inventoried
koreader,5ec0242b50ce821e4edd06a033b548e6e99880b9,frontend/document/djvudocument.lua,10143,298,af2d0cb1c85a6b0eeb4a150b5aee304aeccf8c6977b745c44a6c17c071cf7ed7,inventoried
koreader,5ec0242b50ce821e4edd06a033b548e6e99880b9,frontend/document/doccache.lua,4447,121,dd20bc668f0974a8598a2f8b65f9fe6abdac7abe2a005d47ac4395bb2eb5ab42,inventoried
koreader,5ec0242b50ce821e4edd06a033b548e6e99880b9,frontend/document/document.lua,21108,639,fbc8a11e4a5321c4b86742f9d699839a56ebe125edf6030f85f8ef57789c4129,inventoried
koreader,5ec0242b50ce821e4edd06a033b548e6e99880b9,frontend/document/documentregistry.lua,9975,297,2d5d43d9d7f0ebefafb575d2d08ba63eab867d77d682a2c27c79c568c287838a,inventoried
koreader,5ec0242b50ce821e4edd06a033b548e6e99880b9,frontend/document/koptinterface.lua,61035,1708,6e1df97a2dd655dd31030447d87ff671fa3ff3f74bfbb3b535018c0180d205f4,inventoried
koreader,5ec0242b50ce821e4edd06a033b548e6e99880b9,frontend/document/pdfdocument.lua,15536,418,51e6ec248674186fb67abb0fd50de7aff0b8326165618adb737a27026146a6df,inventoried
koreader,5ec0242b50ce821e4edd06a033b548e6e99880b9,frontend/document/picdocument.lua,1873,65,3fa0f4235afaec4051ecfbd2db590e87f1b93f087c3a7b76d0022a6b505beda9,inventoried
koreader,5ec0242b50ce821e4edd06a033b548e6e99880b9,frontend/document/tilecacheitem.lua,2171,80,3b7b80f60d0c7b1eae2d21924b3cfbc195123b3b1da4b3743ed3f43fc10e3c0a,inventoried
koreader,5ec0242b50ce821e4edd06a033b548e6e99880b9,frontend/dump.lua,2394,75,016dd15917b707d351f549f43b3e271710acd7f78bdc0ac85198880e3c11bcc5,inventoried
koreader,5ec0242b50ce821e4edd06a033b548e6e99880b9,frontend/fontlist.lua,8902,276,07001c2424c821d09fcc6ecf33eb1b27e24f67e40876d893dcfb215cc702ba03,inventoried
koreader,5ec0242b50ce821e4edd06a033b548e6e99880b9,frontend/gettext.lua,17152,510,c992d0448800cfebbe66979e1bd974091c1646160f47a037aa7ce6d76069e57a,inventoried
koreader,5ec0242b50ce821e4edd06a033b548e6e99880b9,frontend/httpasync.lua,14293,394,2cdcb4fe5554bfa6a3a60eb19dbef1472d13fbce547d4d5fc7a6ff4fd82dcd7f,inventoried
koreader,5ec0242b50ce821e4edd06a033b548e6e99880b9,frontend/httpclient.lua,1159,37,7f7ab9260c79a86625266b1e99647fcecd3afb165605d213f6cfae2da2df1142,inventoried
koreader,5ec0242b50ce821e4edd06a033b548e6e99880b9,frontend/languagesupport.lua,13149,304,7bf8c365fc5851c92e2c82aceef13c9017dba9d754a317ddfd232a3914b53b6b,inventoried
koreader,5ec0242b50ce821e4edd06a033b548e6e99880b9,frontend/logger.lua,3021,125,f0d17650a7bfb4193fd9d5c5ab07e1e9663d01b280474a0d71cd1847efcbd4bd,inventoried
koreader,5ec0242b50ce821e4edd06a033b548e6e99880b9,frontend/luadata.lua,5995,188,53ad4d8ab3529a3103763c02103dcea029affb907f022c8d255e6e76f1634c38,inventoried
koreader,5ec0242b50ce821e4edd06a033b548e6e99880b9,frontend/luadefaults.lua,4399,160,efaf82c77f6959689e6ea8c0be0eeb6f4e33a59a21afecd192a0993b7075f126,inventoried
koreader,5ec0242b50ce821e4edd06a033b548e6e99880b9,frontend/luasettings.lua,7896,290,3483f15c8f3ec6a4e2a3a6196683f6446a91c5782acf6be375298a934ed91b8c,inventoried
koreader,5ec0242b50ce821e4edd06a033b548e6e99880b9,frontend/luxl.lua,18368,459,6424f06824ce156ee0dd885a95de0d76496e03b01db5590e2645094050922b45,inventoried
koreader,5ec0242b50ce821e4edd06a033b548e6e99880b9,frontend/optmath.lua,2627,128,bb630c2db62d468bf4bf59fb3347515481262696891b51e577390f099bfacdca,inventoried
koreader,5ec0242b50ce821e4edd06a033b548e6e99880b9,frontend/persist.lua,9269,310,78cb40306628f570eae8e29790134a0b604557648bbdf8a7f875dc6f4ea40656,inventoried
koreader,5ec0242b50ce821e4edd06a033b548e6e99880b9,frontend/pluginloader.lua,21479,583,9f27af5090ea20377ab1fbe40b3b9758673819a00f667f6965ee12675b7d807f,inventoried
koreader,5ec0242b50ce821e4edd06a033b548e6e99880b9,frontend/pluginshare.lua,229,4,a52e5420638676747e2f28002a78889f32806a983ed2b541230004cb17567236,inventoried
koreader,5ec0242b50ce821e4edd06a033b548e6e99880b9,frontend/provider.lua,2030,92,78995be124e947ce7b4fea95ad62f5f75e707efcc26dbdca053107121745b0a6,inventoried
koreader,5ec0242b50ce821e4edd06a033b548e6e99880b9,frontend/random.lua,982,34,0151b873608cce2deafceb8a07c321ec3a6d20a994bbc3bd634ea395c4b82212,inventoried
koreader,5ec0242b50ce821e4edd06a033b548e6e99880b9,frontend/readcollection.lua,13834,421,be32c5999cf6a03a0fd9988cf0707085e21c90e2865b82cadb4a1edc8a86bf44,inventoried
koreader,5ec0242b50ce821e4edd06a033b548e6e99880b9,frontend/readhistory.lua,11898,375,b6da914f0b49bc2b84fb4f4b8970f44874601fe9763639be062dc7abf8e90d4e,inventoried
koreader,5ec0242b50ce821e4edd06a033b548e6e99880b9,frontend/socketutil.lua,7607,196,3fcdf366ee34d499d603f14733bfc27fdf941dbe9934e34c0713cd7976609908,inventoried
koreader,5ec0242b50ce821e4edd06a033b548e6e99880b9,frontend/sort.lua,4356,133,7cd22f8695228d2cbed1e07d5cd5828c44500116b124e422b93827b18df1b1e2,inventoried
koreader,5ec0242b50ce821e4edd06a033b548e6e99880b9,frontend/ui/bidi.lua,11491,314,05ca900fd03f930c39ff6cd4667ffa7f397dcd4a13e09eb8a3884111725853b2,inventoried
koreader,5ec0242b50ce821e4edd06a033b548e6e99880b9,frontend/ui/data/creoptions.lua,39555,747,7beb54531450cbd77d47e97c1846ca0b4ca5f1daf8e9d8b2e4e8117319a3d94c,inventoried
koreader,5ec0242b50ce821e4edd06a033b548e6e99880b9,frontend/ui/data/css_tweaks.lua,52523,1190,de5a6abb994aa8c1ec6faec9ca7c042cee780ff602f10f0b881ba5e7a37dc645,inventoried
koreader,5ec0242b50ce821e4edd06a033b548e6e99880b9,frontend/ui/data/dictionaries.lua,344871,9004,8dab09c35e79e04bbba6d7dbd46333668fb4aafac8a90c67e4096373805bd7c6,inventoried
koreader,5ec0242b50ce821e4edd06a033b548e6e99880b9,frontend/ui/data/dictionaries_wikdict.lua,110071,3398,60a36c667880a052b525146ff4473cf52764dba978a082ff74ea1b143dcc67c9,inventoried
koreader,5ec0242b50ce821e4edd06a033b548e6e99880b9,frontend/ui/data/isolanguage.lua,10023,370,0c34fccc140f17ba1454f347fea0bee1615e8c8f0af132de431308346c5e6790,inventoried
koreader,5ec0242b50ce821e4edd06a033b548e6e99880b9,frontend/ui/data/keyboardlayouts/ar_keyboard.lua,5783,126,4544bfcffc3042cd6c3f84685eb4371deaf5f0580195379c9db0f0c041b5c154,inventoried
koreader,5ec0242b50ce821e4edd06a033b548e6e99880b9,frontend/ui/data/keyboardlayouts/bg_keyboard.lua,4404,75,14c7ade857c17caf297a5d1ec3bda5b05a6389b91264e5fe973ff1af5aabdf96,inventoried
koreader,5ec0242b50ce821e4edd06a033b548e6e99880b9,frontend/ui/data/keyboardlayouts/bn_keyboard.lua,7109,215,34f1f3cba30e60ba797821c8428693911b75ec269ff41e242415612166583e53,inventoried
koreader,5ec0242b50ce821e4edd06a033b548e6e99880b9,frontend/ui/data/keyboardlayouts/cs_keyboard.lua,1014,57,cf4d85bf6ce1d73e301a1223c51fb631d996a72aa2d997f04bdaf1a14507d86a,inventoried
koreader,5ec0242b50ce821e4edd06a033b548e6e99880b9,frontend/ui/data/keyboardlayouts/da_keyboard.lua,344,10,6c331d08c9645831db32b513b59bf857edf4452f5420dddb6b7a078adb5269ba,inventoried
koreader,5ec0242b50ce821e4edd06a033b548e6e99880b9,frontend/ui/data/keyboardlayouts/de_keyboard.lua,315,9,402fa10922bdc60c0d874e870733f628d8a9faf7b2e60990fadaaab552a811ef,inventoried
koreader,5ec0242b50ce821e4edd06a033b548e6e99880b9,frontend/ui/data/keyboardlayouts/el_keyboard.lua,6234,198,d9128ed087e08c492517d1db4a9711058c0ea6955216451eb164dcb486be047f,inventoried
koreader,5ec0242b50ce821e4edd06a033b548e6e99880b9,frontend/ui/data/keyboardlayouts/en_keyboard.lua,5924,198,aec6218ddf1ceb302396fe6cccfba130b9e21c6d5ce4e0535b453814610555b8,inventoried
koreader,5ec0242b50ce821e4edd06a033b548e6e99880b9,frontend/ui/data/keyboardlayouts/es_keyboard.lua,1064,28,1cabdaecceabdc7e2f69d5d5bd4375b98b09ca2e41b5de81c75ec0d417b26778,inventoried
koreader,5ec0242b50ce821e4edd06a033b548e6e99880b9,frontend/ui/data/keyboardlayouts/fa_keyboard.lua,4354,86,381a0fd39e942454ee2c840bceb6bebfeadb3f8ca18cb72f87007fffdc2f58e5,inventoried
koreader,5ec0242b50ce821e4edd06a033b548e6e99880b9,frontend/ui/data/keyboardlayouts/fr_keyboard.lua,1629,30,fb427ebeb131c6bb01d0e6db98e678b8ece42613471403fc7163eb14d83908b6,inventoried
koreader,5ec0242b50ce821e4edd06a033b548e6e99880b9,frontend/ui/data/keyboardlayouts/generic_ime.lua,15741,447,e2439f3e2d62722f7356c448de56ebb81b7239ea995284426f7e7a2f8d4a7bdd,inventoried
koreader,5ec0242b50ce821e4edd06a033b548e6e99880b9,frontend/ui/data/keyboardlayouts/he_keyboard.lua,5557,170,e9f9015d026aa5bd95b8b10b662c8ddb34ffb0a61a43bdf62095d11e8d2cd8d7,inventoried
koreader,5ec0242b50ce821e4edd06a033b548e6e99880b9,frontend/ui/data/keyboardlayouts/hu_keyboard.lua,1888,58,f36b2d6a088f52c865b199758192a1f8b92904eef5d363125447d32781bbdae3,inventoried
koreader,5ec0242b50ce821e4edd06a033b548e6e99880b9,frontend/ui/data/keyboardlayouts/ja_keyboard.lua,11622,251,56b21ab47c3705c386bcd14b8adee03e83833b2ce9efcde78ce3072416069b84,inventoried
koreader,5ec0242b50ce821e4edd06a033b548e6e99880b9,frontend/ui/data/keyboardlayouts/ja_keyboard_keys.lua,16347,339,efc6e6addea5cbffc18ba747dde2ed3bbf254c205f0541a1e8286cadcd68a929,inventoried
koreader,5ec0242b50ce821e4edd06a033b548e6e99880b9,frontend/ui/data/keyboardlayouts/ka_keyboard.lua,4544,93,9c47948317c00fec7fe73919ffb7b213b8b02c35e7c2a94c385310380f4ae24d,inventoried
koreader,5ec0242b50ce821e4edd06a033b548e6e99880b9,frontend/ui/data/keyboardlayouts/keypopup/ar_popup.lua,2379,162,26df783d9466f5885850a850550ee888739adb8be86001f225749035ad12d5c3,inventoried
koreader,5ec0242b50ce821e4edd06a033b548e6e99880b9,frontend/ui/data/keyboardlayouts/keypopup/bn_popup.lua,17454,558,cf9648f966d47dd434cf5cf598f3a391dc6a1fc49ed076a26260eaf651dfa191,inventoried
koreader,5ec0242b50ce821e4edd06a033b548e6e99880b9,frontend/ui/data/keyboardlayouts/keypopup/el_popup.lua,20676,636,a17d4674faac02dd83b215cca5f047a1769ee025a3b26e410129096a5b4e3e8f,inventoried
koreader,5ec0242b50ce821e4edd06a033b548e6e99880b9,frontend/ui/data/keyboardlayouts/keypopup/en_popup.lua,24851,743,3afb575b482e2d098db022150a08e5b3d1e37b81e7b7f5932cae50daf6ca18cd,inventoried
koreader,5ec0242b50ce821e4edd06a033b548e6e99880b9,frontend/ui/data/keyboardlayouts/keypopup/fa_popup.lua,1196,70,12c59c21c9abc4a49bd6a0109496ca83bc3344b64df7f71b05af94bb94374adc,inventoried
koreader,5ec0242b50ce821e4edd06a033b548e6e99880b9,frontend/ui/data/keyboardlayouts/keypopup/he_popup.lua,1964,119,e6d58c5495a88b4350a99d6c94ae1aa9a924f9e2a026f466b31f2436e18bb6e5,inventoried
koreader,5ec0242b50ce821e4edd06a033b548e6e99880b9,frontend/ui/data/keyboardlayouts/keypopup/ka_popup.lua,1300,74,73f9f43efb2e7ecb013ee9bb792babb66629687e3d03c76b27acc749a35aa851,inventoried
koreader,5ec0242b50ce821e4edd06a033b548e6e99880b9,frontend/ui/data/keyboardlayouts/keypopup/ml_popup.lua,12960,486,af6549304808b32053696884b78a246c5da56211e0584937c75ab8b195c83e67,inventoried
koreader,5ec0242b50ce821e4edd06a033b548e6e99880b9,frontend/ui/data/keyboardlayouts/keypopup/ro_popup.lua,639,46,7cfada090f8c4dfc51982f2804eeee233f53edaec5fe39a9d59137f2cb2ff593,inventoried
koreader,5ec0242b50ce821e4edd06a033b548e6e99880b9,frontend/ui/data/keyboardlayouts/keypopup/ru_popup.lua,15155,255,26595e7760bce5b51f08ba8fac7e9dd520221ef6260d2f38f17d107d21768c64,inventoried
koreader,5ec0242b50ce821e4edd06a033b548e6e99880b9,frontend/ui/data/keyboardlayouts/keypopup/sk_popup.lua,14458,603,dc67c546a6927ba6a36c7df8c8ca1ada506e5c6224f9e831af14e9565e4262fb,inventoried
koreader,5ec0242b50ce821e4edd06a033b548e6e99880b9,frontend/ui/data/keyboardlayouts/keypopup/sr_popup.lua,25050,775,4efbc439377486c713b5d3c7086ebbfe2d0fc1dd8ce89c794f98cbb42db652d0,inventoried
koreader,5ec0242b50ce821e4edd06a033b548e6e99880b9,frontend/ui/data/keyboardlayouts/keypopup/uk_popup.lua,14334,274,323889772436969d7a1fdb16d504d319b81f3e7940d6b7ff3ef57f4f1648dcde,inventoried
koreader,5ec0242b50ce821e4edd06a033b548e6e99880b9,frontend/ui/data/keyboardlayouts/ko_KR_helper.lua,13768,441,21e04c17da803aedda697bd1b5739a5b0dc09e96bb185a496b8a14803b5a78e3,inventoried
koreader,5ec0242b50ce821e4edd06a033b548e6e99880b9,frontend/ui/data/keyboardlayouts/ko_KR_keyboard.lua,6478,186,4fffcf7721937539d989125e5860e10ff2e528cea630923b53922e9688d53ec3,inventoried
koreader,5ec0242b50ce821e4edd06a033b548e6e99880b9,frontend/ui/data/keyboardlayouts/ml_keyboard.lua,7018,228,f8b6ed906639c69f3131b185ec7067d649878c751a3556057e1ad2a5f62aaf6e,inventoried
koreader,5ec0242b50ce821e4edd06a033b548e6e99880b9,frontend/ui/data/keyboardlayouts/no_keyboard.lua,2251,81,989cdb9d19cc7caf68ac555d3dccb5f5ef142763f047156c877d2966fbf59e0b,inventoried
koreader,5ec0242b50ce821e4edd06a033b548e6e99880b9,frontend/ui/data/keyboardlayouts/pl_keyboard.lua,2841,58,968f96e724c666f483a7a6b7148fa16069a3f620bdbf80aa51d6d1e9be26d789,inventoried
koreader,5ec0242b50ce821e4edd06a033b548e6e99880b9,frontend/ui/data/keyboardlayouts/pt_keyboard.lua,4958,69,45bdd4cf0e80649aaecfd09a0439ef8bb92b089d9be524878ddc65d57cb23597,inventoried
koreader,5ec0242b50ce821e4edd06a033b548e6e99880b9,frontend/ui/data/keyboardlayouts/ro_keyboard.lua,4305,86,6e4ea570c4782f441b77b4785d77dc39794217fcd582f810a64a1783588adfc8,inventoried
koreader,5ec0242b50ce821e4edd06a033b548e6e99880b9,frontend/ui/data/keyboardlayouts/ru_keyboard.lua,6614,215,7df663e1367ab4153223fd1431737acdb73d3256c42ca8248a0d7747b1814973,inventoried
koreader,5ec0242b50ce821e4edd06a033b548e6e99880b9,frontend/ui/data/keyboardlayouts/sk_keyboard.lua,6073,200,a3a788fd4775ff54b6916342470a0e3d8ce9eac7e7e4c010429116b78fecd62e,inventoried
koreader,5ec0242b50ce821e4edd06a033b548e6e99880b9,frontend/ui/data/keyboardlayouts/sr_keyboard.lua,6511,217,5ce46e14ea8a322d17ca439b2d148a6162c664b9cc8fbe9553c9c4ef05f94869,inventoried
koreader,5ec0242b50ce821e4edd06a033b548e6e99880b9,frontend/ui/data/keyboardlayouts/sv_keyboard.lua,428,14,e3928bee3e952f285195361f157515f90427822276fb7c80c01ef39d184dcb71,inventoried
koreader,5ec0242b50ce821e4edd06a033b548e6e99880b9,frontend/ui/data/keyboardlayouts/th_keyboard.lua,4318,106,686d42adf6cfaa141c4dc0a5da20e9cd1586818eea91920b2dfd61a32a1a911e,inventoried
koreader,5ec0242b50ce821e4edd06a033b548e6e99880b9,frontend/ui/data/keyboardlayouts/tr_keyboard.lua,2826,90,01b61d4fdbfbe1b096bf2db39fde8cb6e7e221e941d3ca58a7e7ef3ff64e9769,inventoried
koreader,5ec0242b50ce821e4edd06a033b548e6e99880b9,frontend/ui/data/keyboardlayouts/uk_keyboard.lua,6556,219,3e685c6fde6c0fcc1b5f2f1ad32664730873b216002593e2787881e95122f2f2,inventoried
koreader,5ec0242b50ce821e4edd06a033b548e6e99880b9,frontend/ui/data/keyboardlayouts/vi_keyboard.lua,2937,76,3558394e85922325a035cab49d5bab552d2e4e1f0d83100c42212a02db19a482,inventoried
koreader,5ec0242b50ce821e4edd06a033b548e6e99880b9,frontend/ui/data/keyboardlayouts/vi_telex_data.lua,21989,3,8ae720124f2e6be6d59454eb9a4df290fe9f75a212f93c13cc6dda458285b7ce,inventoried
koreader,5ec0242b50ce821e4edd06a033b548e6e99880b9,frontend/ui/data/keyboardlayouts/zh_CN_keyboard.lua,5147,159,73f7e1ae3222de68d92a01a5078fcaa42f0b6de2cfe2fee32bafedb21ec730ee,inventoried
koreader,5ec0242b50ce821e4edd06a033b548e6e99880b9,frontend/ui/data/keyboardlayouts/zh_keyboard.lua,6540,202,407804be13440177392ab4362320df5eef85444ebac3fb2d99d10be996fb7411,inventoried
koreader,5ec0242b50ce821e4edd06a033b548e6e99880b9,frontend/ui/data/keyboardlayouts/zh_pinyin_data.lua,910587,5,231d810693602a12a1309097d3c68820c71c46f546a6cc12cfb67b057b2a2443,inventoried
koreader,5ec0242b50ce821e4edd06a033b548e6e99880b9,frontend/ui/data/keyboardlayouts/zh_stroke_data.lua,719410,3,9a3a7f5d13e4c842a2f4ae2e91620ca9a5eb1dc1645f66037d48f98633e1ad1b,inventoried
koreader,5ec0242b50ce821e4edd06a033b548e6e99880b9,frontend/ui/data/koptoptions.lua,35293,748,03ef8bd83c61ffec0cb38061e18b17eb563944857d1d03a9747ff2f102b532b5,inventoried
koreader,5ec0242b50ce821e4edd06a033b548e6e99880b9,frontend/ui/data/ocr.lua,987,31,7fb695dbdb3e5d7930c87d24ceb8c3cd69121bc0eaa3cb928ad9e5be50dedfaa,inventoried
koreader,5ec0242b50ce821e4edd06a033b548e6e99880b9,frontend/ui/data/onetime_migration.lua,44319,1036,f2f629eac26445001c7734c2ad2fa080e206a7d474f3adf7e3244f17b829718b,inventoried
koreader,5ec0242b50ce821e4edd06a033b548e6e99880b9,frontend/ui/data/optionsutil.lua,11225,300,a78b65d98b297025ce22f29ce8b58b3481fa31dfccd6f38cac1c83d3c9a1a471,inventoried
koreader,5ec0242b50ce821e4edd06a033b548e6e99880b9,frontend/ui/data/settings_migration.lua,5362,106,509eaf8c9701be197294e88189ca630f9d5206a2e5ab30075942defa36f44e42,inventoried
koreader,5ec0242b50ce821e4edd06a033b548e6e99880b9,frontend/ui/downloadmgr.lua,1644,59,a49491354c4723fa5a075ae317468d41e9758d4ff971cc7ffaf2b10f88fc2b41,inventoried
koreader,5ec0242b50ce821e4edd06a033b548e6e99880b9,frontend/ui/elements/avoid_flashing_ui.lua,292,12,32c320d96da670bae8c5867fa95d73a7acbe12a534efbcff436e1993d1f47280,inventoried
koreader,5ec0242b50ce821e4edd06a033b548e6e99880b9,frontend/ui/elements/common_exit_menu_table.lua,1440,59,740ef8deb7df393918b6c8a35ed6a0a08d0479728c6746c4ebaebf4d6671a960,inventoried
koreader,5ec0242b50ce821e4edd06a033b548e6e99880b9,frontend/ui/elements/common_info_menu_table.lua,5221,138,cab875297870fa2caf204597b9127ef80b47d78e8e9a6d5ff7c67302d9986963,inventoried
koreader,5ec0242b50ce821e4edd06a033b548e6e99880b9,frontend/ui/elements/common_settings_menu_table.lua,36022,852,0f3a9103a47e5067bc48a316bab69f18c0f06997cb7d0625f96273c9efffd171,inventoried
koreader,5ec0242b50ce821e4edd06a033b548e6e99880b9,frontend/ui/elements/file_ext_assoc.lua,1957,77,2cfa16063cd6c26b3816c2714202955c333dc1274fa18c22e5c8175a26f43666,inventoried
koreader,5ec0242b50ce821e4edd06a033b548e6e99880b9,frontend/ui/elements/filemanager_menu_order.lua,5874,214,16c054d5cd411df8db3376a42285c010dbfab6400e5e3ac1b3ebba265df2acd2,inventoried
koreader,5ec0242b50ce821e4edd06a033b548e6e99880b9,frontend/ui/elements/flash_keyboard.lua,349,12,086bcef36999a891eeb54b8c4da7796bf0ca19a7c536c82235f4f3ea5c28ea6f,inventoried
koreader,5ec0242b50ce821e4edd06a033b548e6e99880b9,frontend/ui/elements/flash_ui.lua,268,11,db6869245325ee5beaa7804066723b6d5fe44f2f34e535cb486a865ff83b18f3,inventoried
koreader,5ec0242b50ce821e4edd06a033b548e6e99880b9,frontend/ui/elements/font-test-sample-default.template,3259,62,9be2f6e15b782c5d85da7225c2d05462a052cf8d5c5e7f5ee44a323873d35548,inventoried
koreader,5ec0242b50ce821e4edd06a033b548e6e99880b9,frontend/ui/elements/font_settings.lua,2822,93,995f9cbc5513ad8b48a78cda56763e0afade82d860a5b33997ef0fd7e263eafb,inventoried
koreader,5ec0242b50ce821e4edd06a033b548e6e99880b9,frontend/ui/elements/font_ui_fallbacks.lua,6497,160,b34c653577107f6531a854d6c371928157a3df56a5d71ef92a9af3435e44b53a,inventoried
koreader,5ec0242b50ce821e4edd06a033b548e6e99880b9,frontend/ui/elements/mass_storage.lua,3124,101,61b33a0d35dacdcecc74c44bc7b743cccd91bccf81b4d33be37b249f34222e60,inventoried
koreader,5ec0242b50ce821e4edd06a033b548e6e99880b9,frontend/ui/elements/menu_activate.lua,1715,47,af105bdb4b97b1e2e0fb289949c649918df638bf83f60acd33e0e0ffdf503ec0,inventoried
koreader,5ec0242b50ce821e4edd06a033b548e6e99880b9,frontend/ui/elements/menu_keyboard_layout.lua,11551,271,efc627383ba3615391388a2d41d46d0120f10c47dbd683235aa337b2d03951cd,inventoried
koreader,5ec0242b50ce821e4edd06a033b548e6e99880b9,frontend/ui/elements/page_overlap.lua,3818,99,318f43fce28f376d479e0c87ed9034bb2b45c13e7d5192a584a5d5fdb07f1456,inventoried
koreader,5ec0242b50ce821e4edd06a033b548e6e99880b9,frontend/ui/elements/page_turns.lua,9969,221,f3116278d3234b5d41ad25d0a8e268c8e1abe1714b6e4ea664e819e4da24c1c8,inventoried
koreader,5ec0242b50ce821e4edd06a033b548e6e99880b9,frontend/ui/elements/patch_management.lua,6205,162,baaeebfe4686f13d097ae627d9ca84ae62d295b084b290907ac7bdea99ec33dd,inventoried
koreader,5ec0242b50ce821e4edd06a033b548e6e99880b9,frontend/ui/elements/physical_buttons.lua,2909,78,646d2bda5071f92475836a76db556f143cfdb8011595017d4a4f40d12c0a60c4,inventoried
koreader,5ec0242b50ce821e4edd06a033b548e6e99880b9,frontend/ui/elements/reader_menu_order.lua,7969,275,9cd96c2b876d8c9fde883b3782d6fa158f72c9eea284066b6d06dddcc97e96d6,inventoried
koreader,5ec0242b50ce821e4edd06a033b548e6e99880b9,frontend/ui/elements/refresh_menu_table.lua,5507,125,f9febd1d5e6f68e4d43973889b5f95ea73e15722891ffdedb65d9e96e31e4fa9,inventoried
koreader,5ec0242b50ce821e4edd06a033b548e6e99880b9,frontend/ui/elements/screen_color_menu_table.lua,1204,26,de90e4130c8bbb21679ba8b5726e2c860aa999e140f20f944b4e8649e9b1b814,inventoried
koreader,5ec0242b50ce821e4edd06a033b548e6e99880b9,frontend/ui/elements/screen_dpi_menu_table.lua,5635,148,c45954fec1da269cc63197dd153ea9dc08b2679e8aad84e53e9a195be298b518,inventoried
koreader,5ec0242b50ce821e4edd06a033b548e6e99880b9,frontend/ui/elements/screen_eink_opt_menu_table.lua,3535,77,0452c00cb58503853154bcf3d502e24dec311187fe073dd032a95b5e362ad0d7,inventoried
koreader,5ec0242b50ce821e4edd06a033b548e6e99880b9,frontend/ui/elements/screen_notification_menu_table.lua,3321,82,5e01095b7a2e3f8e82ace4db3727b9ebafe1eac537682c1e448f69e58dcf528b,inventoried
koreader,5ec0242b50ce821e4edd06a033b548e6e99880b9,frontend/ui/elements/screen_rotation_menu_table.lua,5419,121,e74944593d20819191b1f5d9889174fe0c948a2b1a2862f474817b01b38e98b2,inventoried
koreader,5ec0242b50ce821e4edd06a033b548e6e99880b9,frontend/ui/elements/screensaver_menu.lua,15926,317,064d86da0c4eb4db926e5831064ed2a18b0f7c69b773cda53fa7bd482db45567,inventoried
koreader,5ec0242b50ce821e4edd06a033b548e6e99880b9,frontend/ui/elements/timeout_android.lua,5385,135,f0ada8a6db216313c6d309508514fd33cf64fea07ab9e927da932f3785f00c7a,inventoried
koreader,5ec0242b50ce821e4edd06a033b548e6e99880b9,frontend/ui/elements/waveform_level.lua,834,33,dbab2ec6f90635ca22fa927ad1a0c8862c8e21d120dc0c42124fb36599192693,inventoried
koreader,5ec0242b50ce821e4edd06a033b548e6e99880b9,frontend/ui/event.lua,858,40,d03efff829c3bb4ad5208d0273ac80641e4e894d314c928d3050587edb4541f4,inventoried
koreader,5ec0242b50ce821e4edd06a033b548e6e99880b9,frontend/ui/font.lua,18452,455,585abd9b24c949d95b805865fc39a0cc06375c18cbf1cf1c46a809a1d1dbe500,inventoried
koreader,5ec0242b50ce821e4edd06a033b548e6e99880b9,frontend/ui/geometry.lua,10735,483,830f8a8cc3f5e23abb9384f23befa532d52e792325182efc91fd0607d79157b9,inventoried
koreader,5ec0242b50ce821e4edd06a033b548e6e99880b9,frontend/ui/gesturerange.lua,2026,67,888d782c7191ed10bd144c9395d12e80dec52bd3bd460945beca9abb571d4d7a,inventoried
koreader,5ec0242b50ce821e4edd06a033b548e6e99880b9,frontend/ui/hook_container.lua,3303,100,0d3d5a3359199cf60ed6b1af7e765cf9c51399650002e3348c015f9b27d14605,inventoried
koreader,5ec0242b50ce821e4edd06a033b548e6e99880b9,frontend/ui/language.lua,6233,181,ce9c60466dc51f6b31b67dcd13651a2157b1a165c925a13d11cf4827ead1dc61,inventoried
koreader,5ec0242b50ce821e4edd06a033b548e6e99880b9,frontend/ui/menusorter.lua,8513,222,092231b01d0906403f0c999e0d9a51816efa53283664c6193aafcdb18a325e4c,inventoried
koreader,5ec0242b50ce821e4edd06a033b548e6e99880b9,frontend/ui/message/filemessagequeue.lua,1690,52,7b9f00740ef7a3de1fae0cff1d28f5f884661d4db28c8cf636c64d2b34c67a3c,inventoried
koreader,5ec0242b50ce821e4edd06a033b548e6e99880b9,frontend/ui/message/messagequeue.lua,2376,84,dcc0f533b87ec71c9cd9a95c3fd6cc434494c06bd066dee515397e8bb2c738f1,inventoried
koreader,5ec0242b50ce821e4edd06a033b548e6e99880b9,frontend/ui/message/simpletcpserver.lua,2441,75,683a8269dbcd446dc711db13237741574641b0c7ad9cc9f8544805f4b3e075f1,inventoried
koreader,5ec0242b50ce821e4edd06a033b548e6e99880b9,frontend/ui/message/streammessagequeue.lua,3413,100,e4a1250fe6ed0a8280864b8a762f4198998ad13ddc0a988d9129967d75085aac,inventoried
koreader,5ec0242b50ce821e4edd06a033b548e6e99880b9,frontend/ui/message/streammessagequeueserver.lua,2901,87,4c212574a239d230bd67d75ef625ef40e606e1e632462ffb96aa0f084ed5b19d,inventoried
koreader,5ec0242b50ce821e4edd06a033b548e6e99880b9,frontend/ui/network/manager.lua,54307,1301,ed117774ba8f32cc044273ab4a20c84257bc92e9137d723c53facc70080b80ef,inventoried
koreader,5ec0242b50ce821e4edd06a033b548e6e99880b9,frontend/ui/network/networklistener.lua,9724,245,26d5d4dc891048725fcdf8100d2023bae8d6676d13a3ffff89a7fbf1566283ea,inventoried
koreader,5ec0242b50ce821e4edd06a033b548e6e99880b9,frontend/ui/network/wpa_supplicant.lua,8226,241,56c2a948e9012e0ff704a61d811dbc01237e976e1ecd194d3594d1eb50f68f12,inventoried
koreader,5ec0242b50ce821e4edd06a033b548e6e99880b9,frontend/ui/otamanager.lua,14890,457,460397336e72e6d3299aa3252c1da5251cca363da7cfe61ab70c890a0ce420f2,inventoried
koreader,5ec0242b50ce821e4edd06a033b548e6e99880b9,frontend/ui/plugin/background_task_plugin.lua,1010,38,47f8485bfdd9135138285751840fe3ea34e76b87e478c921cb448b76f78096b9,inventoried
koreader,5ec0242b50ce821e4edd06a033b548e6e99880b9,frontend/ui/plugin/insert_menu.lua,859,21,e5836570782614c7b3f172f1002470503b2fc806ddcfc27fd923dbc30c94d763,inventoried
koreader,5ec0242b50ce821e4edd06a033b548e6e99880b9,frontend/ui/plugin/switch_plugin.lua,3127,111,cae5aee395ea666627030bc8fbb9e9b1301417e3d0441c290360fdad0a7827e8,inventoried
koreader,5ec0242b50ce821e4edd06a033b548e6e99880b9,frontend/ui/presets.lua,14987,325,8a681d3adb5ff96c27612505afebf3054ef64af2353a425e409b409bf407049a,inventoried
koreader,5ec0242b50ce821e4edd06a033b548e6e99880b9,frontend/ui/quickstart.lua,20722,475,d1961904c814780e6aa6a07eb1818a97b369fd6ceec235b3eeaab9279b67c18f,inventoried
koreader,5ec0242b50ce821e4edd06a033b548e6e99880b9,frontend/ui/renderimage.lua,18175,473,7f952fa73cfaa8d20013db4407bf52094ab2da74af11ba91f36e7dce588b534d,inventoried
koreader,5ec0242b50ce821e4edd06a033b548e6e99880b9,frontend/ui/rendertext.lua,12568,321,f40f0e490611691179219c8d7c58a91f1e0cfb0ceb3552f4f64e822eddf89de6,inventoried
koreader,5ec0242b50ce821e4edd06a033b548e6e99880b9,frontend/ui/screensaver.lua,33071,783,9e0886b646b3ac184999992655e22ab8e664681d92b8d17ac9e4bfe122631d74,inventoried
koreader,5ec0242b50ce821e4edd06a033b548e6e99880b9,frontend/ui/size.lua,3677,108,4ff6bea67702896e1911c313a174cbabe96bac92a9c7279047ba851ed5a5080e,inventoried
koreader,5ec0242b50ce821e4edd06a033b548e6e99880b9,frontend/ui/time.lua,12563,307,75f6369f7e9f4e28430b76d5d76c42267ac7685da05405d3aec713b2cdef9530,inventoried
koreader,5ec0242b50ce821e4edd06a033b548e6e99880b9,frontend/ui/translator.lua,37769,1116,bf585e799c481256ed905d121ad1f4da26768f8f3ed1469515a2b0e369df2a5b,inventoried
koreader,5ec0242b50ce821e4edd06a033b548e6e99880b9,frontend/ui/trapper.lua,29789,689,c245afc277ac709f2ec3500132de97fff221bc83ad1f4b3be3fbc68fff791683,inventoried
koreader,5ec0242b50ce821e4edd06a033b548e6e99880b9,frontend/ui/uimanager.lua,75768,1763,0e16a9902e27479a35bcea47475485832dfcf7bdce13252d7ccb08e9fb38553e,inventoried
koreader,5ec0242b50ce821e4edd06a033b548e6e99880b9,frontend/ui/viewhtml.lua,20350,443,0b182c6324081c5521b32a5da78af408ea23392bc0d9dd7385415a152f1d07ec,inventoried
koreader,5ec0242b50ce821e4edd06a033b548e6e99880b9,frontend/ui/widget/bboxwidget.lua,13028,370,424f5730659d4cbc5ad277102a0700bbe2a2a1d8fd005463eca69b40d8682e62,inventoried
koreader,5ec0242b50ce821e4edd06a033b548e6e99880b9,frontend/ui/widget/booklist.lua,14340,389,4b98d35e0a529ec6d0c18cde47c14517ad841acc97d1027a1a655737ca9db469,inventoried
koreader,5ec0242b50ce821e4edd06a033b548e6e99880b9,frontend/ui/widget/bookmapwidget.lua,93113,2165,c734c9b928377a42026bb3dd44153e604bb630bd65ea8f607c9776ef02b6dcbc,inventoried
koreader,5ec0242b50ce821e4edd06a033b548e6e99880b9,frontend/ui/widget/bookmarkbrowser.lua,40659,1017,c5049a5b83732d7d7ba713c06016f95455d8e14e50150dd23efa57a4510b33d8,inventoried
koreader,5ec0242b50ce821e4edd06a033b548e6e99880b9,frontend/ui/widget/bookmetadataarchive.lua,5877,152,37581632a9f4f7688f0fd11b4b244eb6b534ecf81c0acc2cb7e125e168b9c67f,inventoried
koreader,5ec0242b50ce821e4edd06a033b548e6e99880b9,frontend/ui/widget/bookstatuswidget.lua,19520,608,89ae2264767dbf3da9e95a03fcfae5eb6fe5aa0c73b4e8d3cf8dd5252cf6a8b5,inventoried
koreader,5ec0242b50ce821e4edd06a033b548e6e99880b9,frontend/ui/widget/button.lua,22766,578,98e95e0f7d35d73bd7f3eb22b7712147505300a2863dbbb08cb0a460d5face2c,inventoried
koreader,5ec0242b50ce821e4edd06a033b548e6e99880b9,frontend/ui/widget/buttondialog.lua,13578,381,34055c2b77568e1d3eb2c58a3f6c9d8059c9539c6986aecd535c115e72d9b46e,inventoried
koreader,5ec0242b50ce821e4edd06a033b548e6e99880b9,frontend/ui/widget/buttondialogtitle.lua,212,6,e4a100fe01cbc11f9f3ac5a8fa654ef0788d7cd45ffc774d02074dab7b1807b9,inventoried
koreader,5ec0242b50ce821e4edd06a033b548e6e99880b9,frontend/ui/widget/buttonprogresswidget.lua,10009,272,6541dc53a2fa074c9bb7acd4009f81658ac779a1c11f1f9d50d6b27c4c173583,inventoried
koreader,5ec0242b50ce821e4edd06a033b548e6e99880b9,frontend/ui/widget/buttonselector.lua,3928,108,15a52f26fcab912fccdb42451cffa3ce965156a30f4010ee34f2314a3c0bd4a2,inventoried
koreader,5ec0242b50ce821e4edd06a033b548e6e99880b9,frontend/ui/widget/buttontable.lua,10650,251,373323e841d22b45d6d1067a85eb315b709158195974742234481a004bace3d3,inventoried
koreader,5ec0242b50ce821e4edd06a033b548e6e99880b9,frontend/ui/widget/checkbutton.lua,8041,269,21b2595c27615f5a7fb01ac83d1f772ddafdff6a969d4c76734418345d9ed2f2,inventoried
koreader,5ec0242b50ce821e4edd06a033b548e6e99880b9,frontend/ui/widget/checkmark.lua,3212,96,959620ab3396d305c038d26b2a591eae854dc8edf243ddb0b8b0d5d2bbec1bd7,inventoried
koreader,5ec0242b50ce821e4edd06a033b548e6e99880b9,frontend/ui/widget/configdialog.lua,69582,1525,e436e65d892c4239c56129bc6049ac9e01dde36a8f48abb3fc6910b98dd93820,inventoried
koreader,5ec0242b50ce821e4edd06a033b548e6e99880b9,frontend/ui/widget/confirmbox.lua,8185,257,3715411432d91796e69de4dc980b8cf3739bfac85e47ea8f7b1979050b10c11e,inventoried
koreader,5ec0242b50ce821e4edd06a033b548e6e99880b9,frontend/ui/widget/container/alphacontainer.lua,1749,59,c1f095142fd4fb04e40193065f34c430d422aacb49f8b7d92cadd3488248de7b,inventoried
koreader,5ec0242b50ce821e4edd06a033b548e6e99880b9,frontend/ui/widget/container/bottomcontainer.lua,1008,33,bc40de5dec664348194151beea892b048866d24bb2f32e40874ef8b691114048,inventoried
koreader,5ec0242b50ce821e4edd06a033b548e6e99880b9,frontend/ui/widget/container/centercontainer.lua,999,34,b2049c506473643e245dc3e45efea8ec7886f3e7405b4f0e3572ae2d5cfd58e7,inventoried
koreader,5ec0242b50ce821e4edd06a033b548e6e99880b9,frontend/ui/widget/container/custompositioncontainer.lua,2920,80,383fa30af60adbac12a15311b7b64f028b59a27be977de8dce5bfb21ee3405a9,inventoried
koreader,5ec0242b50ce821e4edd06a033b548e6e99880b9,frontend/ui/widget/container/framecontainer.lua,6067,173,1c0ff207a2acc802ab6ac38020e59793b0b1989fb0e3afa35ef263a90ed030da,inventoried
koreader,5ec0242b50ce821e4edd06a033b548e6e99880b9,frontend/ui/widget/container/inputcontainer.lua,16372,447,e13f2d1d313dccf3bda04c71df4207e9679619dfab73b76bdbc498dcd8e0ce28,inventoried
koreader,5ec0242b50ce821e4edd06a033b548e6e99880b9,frontend/ui/widget/container/leftcontainer.lua,861,27,ad5a19de49cbc7681d4c7532ac925e1c7572bb990fa4f96c4b3895be8e039fb0,inventoried
koreader,5ec0242b50ce821e4edd06a033b548e6e99880b9,frontend/ui/widget/container/movablecontainer.lua,18425,458,042bf1e6fe1aff18d9585e7296bfcb81ae871f219f67cc655327b6e48e720ba8,inventoried
koreader,5ec0242b50ce821e4edd06a033b548e6e99880b9,frontend/ui/widget/container/rightcontainer.lua,890,28,6ef21ccf8f43de7a29503965c7576b742e6b16675382e501dd871e621acb540c,inventoried
koreader,5ec0242b50ce821e4edd06a033b548e6e99880b9,frontend/ui/widget/container/scrollablecontainer.lua,28153,669,65d6a7e5db68948ca8566c42108494bb67b40633f95a39076659d4b7648b62f4,inventoried
koreader,5ec0242b50ce821e4edd06a033b548e6e99880b9,frontend/ui/widget/container/topcontainer.lua,230,9,515e61970a71e4e93ac0bae759b711804dda397a21d68a78c7b5ff46ee0e5c15,inventoried
koreader,5ec0242b50ce821e4edd06a033b548e6e99880b9,frontend/ui/widget/container/underlinecontainer.lua,4962,130,d41de592ad8ba89fe06b3dfdaaef8fed4cc625c602501f997b09f8b263cce4be,inventoried
koreader,5ec0242b50ce821e4edd06a033b548e6e99880b9,frontend/ui/widget/container/widgetcontainer.lua,3568,119,ece7f08f6bab459338b12f3d568c0cf9dcbcdbf98912129026b338818f828d39,inventoried
koreader,5ec0242b50ce821e4edd06a033b548e6e99880b9,frontend/ui/widget/datetimewidget.lua,19768,567,97cf38c7fdf7965ccd8889f7f9ca0b7941b85b8ad824a3b9554f54eb77752972,inventoried
koreader,5ec0242b50ce821e4edd06a033b548e6e99880b9,frontend/ui/widget/dictquicklookup.lua,103424,2533,ce18603a163a9a9b6c93fc0a5155dfbb1c643f34bcc56a1c4506c95773cef30b,inventoried
koreader,5ec0242b50ce821e4edd06a033b548e6e99880b9,frontend/ui/widget/doublespinwidget.lua,14423,395,77df78f16cdb132009d64c3fbdd25ee3acc4f3e80eb390af6e9769666ea52af2,inventoried
koreader,5ec0242b50ce821e4edd06a033b548e6e99880b9,frontend/ui/widget/eventlistener.lua,1104,41,0418358ed648cf55576523dc8d78f9ad8544a4e93e041675604545a9e2440e3a,inventoried
koreader,5ec0242b50ce821e4edd06a033b548e6e99880b9,frontend/ui/widget/filechooser.lua,17353,486,e9c3cb3ac208e18dc66d9f0cb007c4cf0aa6b2145edc657e0dbda704f456a259,inventoried
koreader,5ec0242b50ce821e4edd06a033b548e6e99880b9,frontend/ui/widget/fixedtextwidget.lua,578,25,bb7d54db54d202a2275a71f3a6a8b7da8bed5a7fb1f803b8be73e97ee78ebfa6,inventoried
koreader,5ec0242b50ce821e4edd06a033b548e6e99880b9,frontend/ui/widget/focusmanager.lua,25642,651,8ee35e7398585bfe4da51db9a97aa08d4ec66f9234aeebed71ada928469b0864,inventoried
koreader,5ec0242b50ce821e4edd06a033b548e6e99880b9,frontend/ui/widget/fontchooser.lua,8346,254,2f624fc5de0ae3b99d0e757ee7f383d5e55b11ca9c7e75bd187818aee385e3a3,inventoried
koreader,5ec0242b50ce821e4edd06a033b548e6e99880b9,frontend/ui/widget/footnotewidget.lua,18933,479,5f61bd18a4bc8e1474649d582ac7645fdc6c6fe1468e881d8824e361d717b910,inventoried
koreader,5ec0242b50ce821e4edd06a033b548e6e99880b9,frontend/ui/widget/frontlightwidget.lua,19308,583,8057dab505a61a9dd2807c2dd13cc15a74e0fe256cd42453407cf72080aa12ae,inventoried
koreader,5ec0242b50ce821e4edd06a033b548e6e99880b9,frontend/ui/widget/horizontalgroup.lua,2407,84,035afb39d0114d7215453565690d0266ea29d49b5db1131194ce04b9ac228cc5,inventoried
koreader,5ec0242b50ce821e4edd06a033b548e6e99880b9,frontend/ui/widget/horizontalscrollbar.lua,4576,127,e4cdb73097fc44bcd5db62d1d3c771d857be9bebaaebce9353ed5754e86851c1,inventoried
koreader,5ec0242b50ce821e4edd06a033b548e6e99880b9,frontend/ui/widget/horizontalspan.lua,250,14,de2161de6fa9dfdd3cd43a634cf3c2b152c2c6c517ed0249ca0a7333353de3ba,inventoried
koreader,5ec0242b50ce821e4edd06a033b548e6e99880b9,frontend/ui/widget/htmlboxwidget.lua,24277,711,ccb8c18f3d7d073171ed393160452ef7286a24ebfba11502731728137220587e,inventoried
koreader,5ec0242b50ce821e4edd06a033b548e6e99880b9,frontend/ui/widget/iconbutton.lua,6128,195,9172f219a1ce2c62e283dff7d2987f8cb58c0c534c6a0ea0b2be0bb6503e641d,inventoried
koreader,5ec0242b50ce821e4edd06a033b548e6e99880b9,frontend/ui/widget/iconwidget.lua,3312,86,51ed99e09622d807ede899decc3e2ce676b1ba00f470d6b2ee9b34a0c244f929,inventoried
koreader,5ec0242b50ce821e4edd06a033b548e6e99880b9,frontend/ui/widget/imageviewer.lua,35792,916,191dc1f283c3c040ab2e1a4d9571533022f26d243166e5573146566a27727933,inventoried
koreader,5ec0242b50ce821e4edd06a033b548e6e99880b9,frontend/ui/widget/imagewidget.lua,26931,619,57c1469ded4289ac76f0d4c66eac6b6ff2da764a2f3c374b6577964e6f8e6db7,inventoried
koreader,5ec0242b50ce821e4edd06a033b548e6e99880b9,frontend/ui/widget/infomessage.lua,11585,316,6040f2c2ac111bb68c45e23dcf6e30f7441ee604b955b4db62c1096ca3793f35,inventoried
koreader,5ec0242b50ce821e4edd06a033b548e6e99880b9,frontend/ui/widget/inputdialog.lua,50866,1218,5e9e698a3b1e089a304aa185cf79ee7fcc1722e5f8159c56c37f6ac0ee4e588a,inventoried
koreader,5ec0242b50ce821e4edd06a033b548e6e99880b9,frontend/ui/widget/inputtext.lua,49353,1338,512a8c4b8d6a04520aaea383cb411c273595f950abadd245a7cfa27707190f27,inventoried
koreader,5ec0242b50ce821e4edd06a033b548e6e99880b9,frontend/ui/widget/keyboardlayoutdialog.lua,6730,196,9e1cd10400d9a176973d630f45f7b6202772b38e9e34cefb76d63fddca7d7a7b,inventoried
koreader,5ec0242b50ce821e4edd06a033b548e6e99880b9,frontend/ui/widget/keyvaluepage.lua,31910,874,67fa0d95f99f8ca44a3e2f3e66c686efc92353f55e857b17aa21af3d376ac4f9,inventoried
koreader,5ec0242b50ce821e4edd06a033b548e6e99880b9,frontend/ui/widget/linewidget.lua,1145,39,5e8b88eba8d581d2e80da669483e1b71563280f8ef93e623987de47a069917b1,inventoried
koreader,5ec0242b50ce821e4edd06a033b548e6e99880b9,frontend/ui/widget/linkbox.lua,1554,62,200e9ac5a863e255690be8aa38a47ce0dff581a205816c1784dd998f7de82b3a,inventoried
koreader,5ec0242b50ce821e4edd06a033b548e6e99880b9,frontend/ui/widget/listview.lua,3893,127,d79173d6c0ad433d8b95f6bb3913961b087c885d2b0d326164acbdda82dd26b2,inventoried
koreader,5ec0242b50ce821e4edd06a033b548e6e99880b9,frontend/ui/widget/menu.lua,59909,1637,2af0f969d0d4fc669fdf33f030b3973627726cd6e74d668d1d90a2e9396b32a6,inventoried
koreader,5ec0242b50ce821e4edd06a033b548e6e99880b9,frontend/ui/widget/multiconfirmbox.lua,5447,172,e726611eeff11b46a82fd67685b8ecb237503bc5a7f3272b01a3ca7e003f3d42,inventoried
koreader,5ec0242b50ce821e4edd06a033b548e6e99880b9,frontend/ui/widget/multiinputdialog.lua,11471,321,f39877b5247e514014d89544b01f337c0d437cd49b49b29948c71ca71593ffc2,inventoried
koreader,5ec0242b50ce821e4edd06a033b548e6e99880b9,frontend/ui/widget/naturallightwidget.lua,13920,410,1c46878d43570ff6b5fa2e545da23ed5af7c70eb7bf43b09022465834a6a0f69,inventoried
koreader,5ec0242b50ce821e4edd06a033b548e6e99880b9,frontend/ui/widget/networksetting.lua,16488,536,25e5bc1d54649d416ee3a20568d6c7fae602f375c6b56c49e431caf7f0a7610c,inventoried
koreader,5ec0242b50ce821e4edd06a033b548e6e99880b9,frontend/ui/widget/notification.lua,9768,275,7cbb211c630b17219054d21339b2415285520be6612d97ad3511076e7e5675c7,inventoried
koreader,5ec0242b50ce821e4edd06a033b548e6e99880b9,frontend/ui/widget/numberpickerwidget.lua,13214,347,835225f9c13a1d12d2a830d815ce28b598aa7d6499e445140c3e01e95b197f2f,inventoried
koreader,5ec0242b50ce821e4edd06a033b548e6e99880b9,frontend/ui/widget/openwithdialog.lua,4117,127,804f28331acce00271dc7712a3563abcc985b728888aa4fae540f8110e4d4857,inventoried
koreader,5ec0242b50ce821e4edd06a033b548e6e99880b9,frontend/ui/widget/overlapgroup.lua,3209,90,cfe9a51aefef406d95b29e36bc1caa3e3d576c65e91741750a0427bd45b0431a,inventoried
koreader,5ec0242b50ce821e4edd06a033b548e6e99880b9,frontend/ui/widget/pagebrowserwidget.lua,73846,1792,346e5d56fee159920405e57999a47185fe111e759b9cdff23e6eb59855f0d9cd,inventoried
koreader,5ec0242b50ce821e4edd06a033b548e6e99880b9,frontend/ui/widget/pathchooser.lua,6847,198,edd280cb4a8364743d8571cea64bd7dc39e037a55489e7c593600c6210d7032e,inventoried
koreader,5ec0242b50ce821e4edd06a033b548e6e99880b9,frontend/ui/widget/physicalkeyboard.lua,5568,179,9a6287c7c2e2f648a1c582a56fcce6811b90dc66a46a2c7060cf28f88a65db6e,inventoried
koreader,5ec0242b50ce821e4edd06a033b548e6e99880b9,frontend/ui/widget/progressbardialog.lua,9087,261,e55d3e76055a0d06b52c7f270166c039c3a22f007524425e2c6c578901b6b197,inventoried
koreader,5ec0242b50ce821e4edd06a033b548e6e99880b9,frontend/ui/widget/progresswidget.lua,10335,311,c13ee5a156f04155f087b96ca31bc134fec88ec4622d786776b1c98e61335844,inventoried
koreader,5ec0242b50ce821e4edd06a033b548e6e99880b9,frontend/ui/widget/qrmessage.lua,3479,121,6b5f50990c8bca7f11c76b8a442cba754c83dd1b6c3bbeed4eab270a241d2a05,inventoried
koreader,5ec0242b50ce821e4edd06a033b548e6e99880b9,frontend/ui/widget/qrwidget.lua,1536,54,bd2be7609720604e387b792dd42c5f2c98816752bea1a913f75e889ec945b890,inventoried
koreader,5ec0242b50ce821e4edd06a033b548e6e99880b9,frontend/ui/widget/radiobuttontable.lua,5779,162,d0a8586422d0db36bfacfa6c313c20674880e2c57a8ef47fb14ce33e12d8a878,inventoried
koreader,5ec0242b50ce821e4edd06a033b548e6e99880b9,frontend/ui/widget/radiobuttonwidget.lua,8937,293,12becaae5c431e6b95f0c10ae722a20b019f104e2a7711f97ff2dd35a29cb85e,inventoried
koreader,5ec0242b50ce821e4edd06a033b548e6e99880b9,frontend/ui/widget/radiomark.lua,1174,32,876be1b81569134c1b2ffc8424a58f4f6d1244c103a7dc8df479c24df3343467,inventoried
koreader,5ec0242b50ce821e4edd06a033b548e6e99880b9,frontend/ui/widget/rectspan.lua,269,15,3ae111fc62370473577ff8cffe1570633773bef3ca449bae8e80ad6b62a8e354,inventoried
koreader,5ec0242b50ce821e4edd06a033b548e6e99880b9,frontend/ui/widget/screensaverlockwidget.lua,6842,162,fffd2a44acc1dcde8d8ed768e41c1447f1f2759b4c73da91ba0c612f6625ce2e,inventoried
koreader,5ec0242b50ce821e4edd06a033b548e6e99880b9,frontend/ui/widget/screensaverwidget.lua,3350,94,286a577cfcb6908d3d7b98a5818a67376a54c9196a5b8b71be429368990b3ee3,inventoried
koreader,5ec0242b50ce821e4edd06a033b548e6e99880b9,frontend/ui/widget/screenshoter.lua,5858,163,bfb9e2164c0558d914b72801d05e4cd47a22964c26d93727f12c892e60255a02,inventoried
koreader,5ec0242b50ce821e4edd06a033b548e6e99880b9,frontend/ui/widget/scrollhtmlwidget.lua,8017,245,3bf8e99645fc4e68edd06cf6fde278f5ef482d4a2ff088d837479b153a37df4e,inventoried
koreader,5ec0242b50ce821e4edd06a033b548e6e99880b9,frontend/ui/widget/scrolltextwidget.lua,11781,365,886f52be09046d912b5e4f69f9a9ee76b4b849b67d6d189d05bcea36d642b2b7,inventoried
koreader,5ec0242b50ce821e4edd06a033b548e6e99880b9,frontend/ui/widget/skimtowidget.lua,18150,507,53d3a9c42b868d8f6c0e404cda4e833a755994f3e28610bdb60cb08bbefc20a9,inventoried
koreader,5ec0242b50ce821e4edd06a033b548e6e99880b9,frontend/ui/widget/sortwidget.lua,21160,638,69eefc79a5bbca24d406f87c8696871ee5aad01c9daf96f7185ecbf108535ddc,inventoried
koreader,5ec0242b50ce821e4edd06a033b548e6e99880b9,frontend/ui/widget/spinwidget.lua,13153,382,6324d391c41c99f20db7bdc6405b209991988e81bf52a1b2afdf29009c3a126b,inventoried
koreader,5ec0242b50ce821e4edd06a033b548e6e99880b9,frontend/ui/widget/textboxwidget.lua,113601,2705,51ec990ae8a68b8a0151d7c45d45d1b7aa36e398fcf7f8b9c8c74098ff25092c,inventoried
koreader,5ec0242b50ce821e4edd06a033b548e6e99880b9,frontend/ui/widget/textviewer.lua,36016,959,2f92b55a6f217bdefb96dd826f27eec25570be38e29ed7f06a9b7a86b49a3c00,inventoried
koreader,5ec0242b50ce821e4edd06a033b548e6e99880b9,frontend/ui/widget/textwidget.lua,14898,396,bc0a6a92bf1a8648c908af59d7120d73a12d44f33554c65a84e106214d5a9b88,inventoried
koreader,5ec0242b50ce821e4edd06a033b548e6e99880b9,frontend/ui/widget/titlebar.lua,20332,496,70705ec078292014be171b97253abfa71ec0d350dc174ad4563acd7caca702e1,inventoried
koreader,5ec0242b50ce821e4edd06a033b548e6e99880b9,frontend/ui/widget/toggleswitch.lua,8664,254,7d1565a59991fb7fe295fd7e78a889b7601435ad2865b8ed1152851608a86587,inventoried
koreader,5ec0242b50ce821e4edd06a033b548e6e99880b9,frontend/ui/widget/touchmenu.lua,50600,1361,a95ee3745f31baf3dbafb9de0eaff71dc872e455227212c3b4858eb5296dbe60,inventoried
koreader,5ec0242b50ce821e4edd06a033b548e6e99880b9,frontend/ui/widget/trapwidget.lua,5539,166,ab088521c3d86ff63fc8179fd396e0186f55bec2cc235fca7ca251c6ea9fe79c,inventoried
koreader,5ec0242b50ce821e4edd06a033b548e6e99880b9,frontend/ui/widget/verticalgroup.lua,2025,77,04d56ba983834133c5d285c2059cb5b8943fc3e76b68789e24450b08a2483991,inventoried
koreader,5ec0242b50ce821e4edd06a033b548e6e99880b9,frontend/ui/widget/verticalscrollbar.lua,4041,116,4eccc890d330f2bbb7122708dbb9b6fc5c8d9e0098691a817c55735fefa270d2,inventoried
koreader,5ec0242b50ce821e4edd06a033b548e6e99880b9,frontend/ui/widget/verticalspan.lua,242,14,23c68e93a6809a34550f976533e17f9aa63f353966d8f55fd349d7497ddc6f21,inventoried
koreader,5ec0242b50ce821e4edd06a033b548e6e99880b9,frontend/ui/widget/virtualkeyboard.lua,41396,1180,bbd11d3b08c5e03756bb5d1540a93c576f026080854c56ceb7311466044f4766,inventoried
koreader,5ec0242b50ce821e4edd06a033b548e6e99880b9,frontend/ui/widget/widget.lua,2011,73,4050d6717983781edea1a7ff791a50054a57a7d185dc02f5ab70af64793e8277,inventoried
koreader,5ec0242b50ce821e4edd06a033b548e6e99880b9,frontend/ui/wikipedia.lua,73594,1742,0e19f51084a2c540259ebabf4dd228f034ffa5bc102034783076363259d92102,inventoried
koreader,5ec0242b50ce821e4edd06a033b548e6e99880b9,frontend/userpatch.lua,7695,193,9fa51408b32c038ff919480d86077e5fa6da7b180b8a1bdddb6011047b6961c1,inventoried
koreader,5ec0242b50ce821e4edd06a033b548e6e99880b9,frontend/util.lua,59067,1652,4bfe8af88903491bb23355897222af98e157382c8c5d41d05caa8eec9b1edefb,inventoried
koreader,5ec0242b50ce821e4edd06a033b548e6e99880b9,frontend/version.lua,4180,121,6559e9abb2b85a2eb4fff49178ef9c18db1c8c5e1645f3a92f0f68a3329307e1,inventoried
koreader,5ec0242b50ce821e4edd06a033b548e6e99880b9,kodev,27388,938,ac7fd3c50d9a99bfcab72d3186787e13ff0d432d309092dc8cebe3d40a0b47ad,inventoried
koreader,5ec0242b50ce821e4edd06a033b548e6e99880b9,make/android.mk,4319,124,45012974c1e69ceb7a39dbfaf770ae11704532202ffe4f37668f727317cc551e,inventoried
koreader,5ec0242b50ce821e4edd06a033b548e6e99880b9,make/appimage.mk,925,30,12ffba2f04f05426d21e732e59136845b9acbaaf524c63c59e98d595f5375a34,inventoried
koreader,5ec0242b50ce821e4edd06a033b548e6e99880b9,make/cervantes.mk,874,27,805aa7d512f88c81b30f23b17b921008d0c6bec5eea8f26456bd24804d4eb4f4,inventoried
koreader,5ec0242b50ce821e4edd06a033b548e6e99880b9,make/debian.mk,564,15,6747b546859bda1d827e8d9de1672103b7e6a7f9eeaf747d1848a40c2c3dfe1b,inventoried
koreader,5ec0242b50ce821e4edd06a033b548e6e99880b9,make/emulator.mk,1894,71,dc1cbb86e52dbe58c14012b16d72fe51bebaeb9aef35f2e3d903186d9bbb5d67,inventoried
koreader,5ec0242b50ce821e4edd06a033b548e6e99880b9,make/gettext.mk,884,37,377267d809ff1123a5751bec5193a9c710dc010e3024d183d3a8e9e51a5c0ea2,inventoried
koreader,5ec0242b50ce821e4edd06a033b548e6e99880b9,make/kindle-legacy.mk,23,1,b8b6cb180d9ba8a151f40416cb4c9a068915ebe81201fe6f470811bc2acb1f8f,inventoried
koreader,5ec0242b50ce821e4edd06a033b548e6e99880b9,make/kindle.mk,1425,36,6b184ce45a3a04f4deeee95a41d68d7d8095e541d55e37e8ce4f55d104da3112,inventoried
koreader,5ec0242b50ce821e4edd06a033b548e6e99880b9,make/kindlehf.mk,24,1,e5b8a59654f6551f2cd6619f11a0b7db030406c61357f9c4e256b4a64f2bcc76,inventoried
koreader,5ec0242b50ce821e4edd06a033b548e6e99880b9,make/kindlepw2.mk,23,1,b8b6cb180d9ba8a151f40416cb4c9a068915ebe81201fe6f470811bc2acb1f8f,inventoried
koreader,5ec0242b50ce821e4edd06a033b548e6e99880b9,make/kobo.mk,963,26,4eb15cc0bfd8be0e9057a1333ff68c3a0b2c25dc1ca70c3592115577d233ac88,inventoried
koreader,5ec0242b50ce821e4edd06a033b548e6e99880b9,make/kobov4.mk,21,1,cab9459c5d456beadbb8ca04feede86f4cdd2686440e5769a76b5794b9e6c5cc,inventoried
koreader,5ec0242b50ce821e4edd06a033b548e6e99880b9,make/kobov5.mk,21,1,cab9459c5d456beadbb8ca04feede86f4cdd2686440e5769a76b5794b9e6c5cc,inventoried
koreader,5ec0242b50ce821e4edd06a033b548e6e99880b9,make/linux.mk,2362,51,eb823de0bf4d4c8ad25cf7d8413f1580b4d0e6e9e4b565322f4e181e3fa4a9d9,inventoried
koreader,5ec0242b50ce821e4edd06a033b548e6e99880b9,make/macos.mk,759,18,4e892c2abac36355d9cbf4db24e541ebdd2e3c3df799e1dce3811fed37a243d7,inventoried
koreader,5ec0242b50ce821e4edd06a033b548e6e99880b9,make/pocketbook.mk,1286,30,a76ba2458babeb460f9dd02bd2dbd18964bedf92cc5162a572853e9abbc08ff7,inventoried
koreader,5ec0242b50ce821e4edd06a033b548e6e99880b9,make/pocketbookhf.mk,27,1,7894622279660d848df1f2db8a89ca59d85e6536602aea0609ef132425652c1b,inventoried
koreader,5ec0242b50ce821e4edd06a033b548e6e99880b9,make/remarkable-aarch64.mk,27,1,8434d5470ed6f12949e61a18230e9ef9e80cdb013282480f0efac87ce53a6830,inventoried
koreader,5ec0242b50ce821e4edd06a033b548e6e99880b9,make/remarkable.mk,1688,40,3cd623bdf2e76570844f808fe2df613d9596a2522d97059a9e1462abb2d440b0,inventoried
koreader,5ec0242b50ce821e4edd06a033b548e6e99880b9,make/sony-prstux.mk,864,26,00da38532efc90707b817adece75c8e80ade3b291b70835f941b9bd0369f44f1,inventoried
koreader,5ec0242b50ce821e4edd06a033b548e6e99880b9,metadata/README.md,140,1,39351f1a25c2ab681ff73b1de2827bb2f7161c0901205aefa4c5aba11d1af927,inventoried
koreader,5ec0242b50ce821e4edd06a033b548e6e99880b9,metadata/bg_BG/full_description.txt,2413,11,156add70690e2f6f6d52dec6d6579b4745cde4d036f2985f9443129fc285374f,inventoried
koreader,5ec0242b50ce821e4edd06a033b548e6e99880b9,metadata/bg_BG/short_description.txt,76,1,a9085e638a8f6bc6f5f7b10d939625a1e56eccdc2cae4972bce5b3810f95d715,inventoried
koreader,5ec0242b50ce821e4edd06a033b548e6e99880b9,metadata/ca/full_description.txt,1330,11,9c9448f9ea03d498ec2d292dc65c0f794915d1209ba2414c547ec8edd17ca150,inventoried
koreader,5ec0242b50ce821e4edd06a033b548e6e99880b9,metadata/ca/short_description.txt,31,1,d3b9b68c7913ebdda82e468654b8c4880a8f6ae63f9d3ec87dd7107090610a0f,inventoried
koreader,5ec0242b50ce821e4edd06a033b548e6e99880b9,metadata/cs/full_description.txt,1278,11,ed00de84d76858dfede4f0bbc99859997e20b23d05c94cf572daa5f9fc21096e,inventoried
koreader,5ec0242b50ce821e4edd06a033b548e6e99880b9,metadata/cs/short_description.txt,16,1,4c22cd13bc4ff19a06e2d8d53b8cf13d70f5d1adb46282f163af95e2953a4480,inventoried
koreader,5ec0242b50ce821e4edd06a033b548e6e99880b9,metadata/de/full_description.txt,1290,11,c2299fc739462cf151e03c3f2e1b622e2441a1418969fc03ff6f32e472649c6e,inventoried
koreader,5ec0242b50ce821e4edd06a033b548e6e99880b9,metadata/de/short_description.txt,14,1,72f003b2b79b05c1d1970c412ab832039fa81b11658a54f0cf7d553df499c046,inventoried
koreader,5ec0242b50ce821e4edd06a033b548e6e99880b9,metadata/el/full_description.txt,2365,11,08d77a8b7fafbc5a8b34d491de3bf2d8c9d9065ba806a9ee48d719b259feb878,inventoried
koreader,5ec0242b50ce821e4edd06a033b548e6e99880b9,metadata/el/short_description.txt,61,1,cda66cf09d78f1188843d0dd17465ca45fa797d524394d794b1416d8632117fb,inventoried
koreader,5ec0242b50ce821e4edd06a033b548e6e99880b9,metadata/en-US/full_description.txt,1129,11,741442af368b68c1abe1e54f2500b57d84c86db7f2d738ceb5896962a1a0cd9d,inventoried
koreader,5ec0242b50ce821e4edd06a033b548e6e99880b9,metadata/en-US/images/icon.png,26300,,4a0c91a5fe2ff6e997001136fd61c252f0cb653c0deb1331066da01a4182044f,inventoried
koreader,5ec0242b50ce821e4edd06a033b548e6e99880b9,metadata/en-US/images/phoneScreenshots/1.png,176489,,e0faa5ab432d4b4add79686128492cdc56f89c77b73d99fdebae1c4b167ee807,inventoried
koreader,5ec0242b50ce821e4edd06a033b548e6e99880b9,metadata/en-US/images/phoneScreenshots/2.png,196820,,93759bb1ea65fb07ca0fa100d06fff8ccffbcdc6ff3ff66bdd12dffdb53d171c,inventoried
koreader,5ec0242b50ce821e4edd06a033b548e6e99880b9,metadata/en-US/images/phoneScreenshots/3.png,409362,,15bb86d3fde18924d86efd698b7c778d47c68f5661f3e680d183d39e989a7801,inventoried
koreader,5ec0242b50ce821e4edd06a033b548e6e99880b9,metadata/en-US/images/phoneScreenshots/4.png,118551,,b3e6dba1ede625949058033d4c66c42b0e6559c83613c28fed5b891f2b3fc3e8,inventoried
koreader,5ec0242b50ce821e4edd06a033b548e6e99880b9,metadata/en-US/short_description.txt,13,1,edbe87ee789703d460d2066fb776f1d866036a9268d56417a717ab0ce0913951,inventoried
koreader,5ec0242b50ce821e4edd06a033b548e6e99880b9,metadata/en-US/title.txt,9,1,28cedd7322fb00ff821d8e8efc6bbbc1d252fdddba15d12e06bf522444eb0e1c,inventoried
koreader,5ec0242b50ce821e4edd06a033b548e6e99880b9,metadata/en_GB/full_description.txt,1129,11,f076b07081fb712f11fc563558842a36ce595756d4003a11f53b430fad653700,inventoried
koreader,5ec0242b50ce821e4edd06a033b548e6e99880b9,metadata/es/full_description.txt,1348,11,4f5882ddffe23594dff3700a0a7e7247ea756a8b7dce6d80759367fec60f8d8d,inventoried
koreader,5ec0242b50ce821e4edd06a033b548e6e99880b9,metadata/es/short_description.txt,31,1,b7ba6a488cdcf8c70317e888e62ae3dde3c7042258fc062a9f36e9a3db81f3e4,inventoried
koreader,5ec0242b50ce821e4edd06a033b548e6e99880b9,metadata/fa/short_description.txt,130,1,0b6456a8fb472094d692cc6b1e0039ab29597b0cd4b61d1f30a7cd76554506cf,inventoried
koreader,5ec0242b50ce821e4edd06a033b548e6e99880b9,metadata/fi/full_description.txt,1270,11,95a897ed02b3b74ce3e244a47e40beda6234f2ede4f07ebe7eb8305b104e7419,inventoried
koreader,5ec0242b50ce821e4edd06a033b548e6e99880b9,metadata/fi/short_description.txt,16,1,d73080255bf659b4a02f1cdc03a4330d5df8e07c802171dd681667b545d1ce6c,inventoried
koreader,5ec0242b50ce821e4edd06a033b548e6e99880b9,metadata/fr/full_description.txt,1428,11,befba60b7c58c156876d6e6c9a3a5f36dc980885f31a54351d5b483209e832ac,inventoried
koreader,5ec0242b50ce821e4edd06a033b548e6e99880b9,metadata/fr/short_description.txt,8,1,e8503b0efa5327bb376859714855cc138112de18f2c90d05cfeefe5e472f89b8,inventoried
koreader,5ec0242b50ce821e4edd06a033b548e6e99880b9,metadata/gl/full_description.txt,1301,11,eeed68c36b618ee69fd464be13f34c55ba9ad93a8eb62a72747843bdf90f2ec8,inventoried
koreader,5ec0242b50ce821e4edd06a033b548e6e99880b9,metadata/gl/short_description.txt,31,1,b7ba6a488cdcf8c70317e888e62ae3dde3c7042258fc062a9f36e9a3db81f3e4,inventoried
koreader,5ec0242b50ce821e4edd06a033b548e6e99880b9,metadata/he/full_description.txt,1697,11,37322f569528cb175a403840098b8a82fcf30a5044dceec904d6846cd4c49d71,inventoried
koreader,5ec0242b50ce821e4edd06a033b548e6e99880b9,metadata/he/short_description.txt,41,1,314ccb865d8f9975655cdd2f63fa14860cfaa7c9bfc666b326501b49e06f19db,inventoried
koreader,5ec0242b50ce821e4edd06a033b548e6e99880b9,metadata/hu/full_description.txt,1299,11,2f2e5e706bf796b10cec77a4fd8c1e2bf894d23141d351c0b54677bd03fc443d,inventoried
koreader,5ec0242b50ce821e4edd06a033b548e6e99880b9,metadata/hu/short_description.txt,14,1,619e030c83ad872a971203285b962331e745651ab99c370360c5b547a4e36d7e,inventoried
koreader,5ec0242b50ce821e4edd06a033b548e6e99880b9,metadata/it_IT/full_description.txt,1353,11,9a4a7e1b24521fee301e4b191064e28a4a116f56693fde758aa96ac87985253d,inventoried
koreader,5ec0242b50ce821e4edd06a033b548e6e99880b9,metadata/it_IT/short_description.txt,14,1,b7e795f212c47a93b00f60ab85151fd45433b3186c1eaf3aea735173495cf619,inventoried
koreader,5ec0242b50ce821e4edd06a033b548e6e99880b9,metadata/ja/full_description.txt,1803,14,91265d1cf34eb71e70ac7e0f7786e913fac0daffea28faa25da4f42bff937925,inventoried
koreader,5ec0242b50ce821e4edd06a033b548e6e99880b9,metadata/ja/short_description.txt,114,1,1e3d0f9a2c3801c386a24914f23569f8874cbe166987509ab0ef68dbfe278314,inventoried
koreader,5ec0242b50ce821e4edd06a033b548e6e99880b9,metadata/ko_KR/full_description.txt,1377,11,3b7332f86cb421914a850741eeafb4ff4b05178d0796783f890368c63bf781d1,inventoried
koreader,5ec0242b50ce821e4edd06a033b548e6e99880b9,metadata/ko_KR/short_description.txt,17,1,eb608066a2760e10bd04e07c103de87d0adf63f939a6ec527c91f6bd0b73d266,inventoried
koreader,5ec0242b50ce821e4edd06a033b548e6e99880b9,metadata/nb_NO/full_description.txt,1165,11,26e0258e0278864d6f625415d739182918296e7271386cfbc2125ce3e2902114,inventoried
koreader,5ec0242b50ce821e4edd06a033b548e6e99880b9,metadata/nb_NO/short_description.txt,10,1,6111a948848f9e246eee423ef3a3c334242839c0dfd26f66ccc590796bf69c3a,inventoried
koreader,5ec0242b50ce821e4edd06a033b548e6e99880b9,metadata/nl_NL/full_description.txt,1196,11,f80a50ec3cb919b829ef0f38c9fb7a84df15d3605a2d06523db29c0fbe410143,inventoried
koreader,5ec0242b50ce821e4edd06a033b548e6e99880b9,metadata/nl_NL/short_description.txt,11,1,1a4b84cdeda4437622b7ebe3ab30b8575b74f5643f8009a7f142447cbae3e052,inventoried
koreader,5ec0242b50ce821e4edd06a033b548e6e99880b9,metadata/pl/full_description.txt,1349,11,f87f98a348e0806fa195bb1e27b2060886a50b1f06bdf3efbaba2e276f52488f,inventoried
koreader,5ec0242b50ce821e4edd06a033b548e6e99880b9,metadata/pl/short_description.txt,18,1,f1f28e734dfe6d9550299160e659fbd1be965707ec06edd6c633e8f7545e9b61,inventoried
koreader,5ec0242b50ce821e4edd06a033b548e6e99880b9,metadata/pt_BR/full_description.txt,1356,11,d23927e7473cb7f336824c4324a7a16139d2f7a414faca7c3e5a45f1865300db,inventoried
koreader,5ec0242b50ce821e4edd06a033b548e6e99880b9,metadata/pt_BR/short_description.txt,30,1,84942a44ea5fec2680717fad2ea004db9aa08eb23f1d41cbd568745511b96176,inventoried
koreader,5ec0242b50ce821e4edd06a033b548e6e99880b9,metadata/pt_PT/full_description.txt,1325,11,a2489e97a37da06f654e5e5da2bfbd71efe1d68b4c7cae32f2e9fd257953ba77,inventoried
koreader,5ec0242b50ce821e4edd06a033b548e6e99880b9,metadata/pt_PT/short_description.txt,26,1,ea59e70a5bf5ffa06ef997bc75046af2398e97ca7c41a08f429412d828b70a18,inventoried
koreader,5ec0242b50ce821e4edd06a033b548e6e99880b9,metadata/ro/full_description.txt,1333,11,aed47831851d8b239da66da382008ba1223fac3315e95d3e6b15fce9f88dfadd,inventoried
koreader,5ec0242b50ce821e4edd06a033b548e6e99880b9,metadata/ro/short_description.txt,15,1,4250ee6c7b417e85fe852adeebb71ceb459ba4d8823045ac0d62543ef3805217,inventoried
koreader,5ec0242b50ce821e4edd06a033b548e6e99880b9,metadata/ro_MD/full_description.txt,1334,11,aeacadb9ee62bf6113376ada2fccb9f617efc13cc0f319e96da3923423ec92fa,inventoried
koreader,5ec0242b50ce821e4edd06a033b548e6e99880b9,metadata/ro_MD/short_description.txt,15,1,4250ee6c7b417e85fe852adeebb71ceb459ba4d8823045ac0d62543ef3805217,inventoried
koreader,5ec0242b50ce821e4edd06a033b548e6e99880b9,metadata/ru/full_description.txt,2347,11,cc26bd84171711a3f58ec5b2ea95c36e04b0a2a2da04dda9b4218bac81bc5453,inventoried
koreader,5ec0242b50ce821e4edd06a033b548e6e99880b9,metadata/ru/short_description.txt,71,1,528cff977cf10d024aa7a97f8956ad04088b6f2a534d8126928d65c25a1dfb4f,inventoried
koreader,5ec0242b50ce821e4edd06a033b548e6e99880b9,metadata/sk/full_description.txt,1370,11,bf8db376a11fa4093411b0030eb8b6c15c356333aa94cc291095bf38661e28d5,inventoried
koreader,5ec0242b50ce821e4edd06a033b548e6e99880b9,metadata/sk/short_description.txt,33,1,9e02cac689338717621face7e045ada8a425fb9c35769dd72c8cfc34e6c3060d,inventoried
koreader,5ec0242b50ce821e4edd06a033b548e6e99880b9,metadata/sr/full_description.txt,2185,11,a6f5f51609bc6dbaf41ff57bc86a251c665c912ab2640e16173e04845a0ba82e,inventoried
koreader,5ec0242b50ce821e4edd06a033b548e6e99880b9,metadata/sr/short_description.txt,25,1,927a664d65b8b748b2c19f69ce0a2bc2f484431e6dc6eb54b2e64933e225f2da,inventoried
koreader,5ec0242b50ce821e4edd06a033b548e6e99880b9,metadata/tr/full_description.txt,1354,11,5fb864b07af4d0ed55dc1f26350f3687a1024812344d28b0dd37a04c67370c98,inventoried
koreader,5ec0242b50ce821e4edd06a033b548e6e99880b9,metadata/tr/short_description.txt,16,1,1dd9bf9fec3e253699889a559e80a4f447ca2ce44c75d48ed8a7a188774c4641,inventoried
koreader,5ec0242b50ce821e4edd06a033b548e6e99880b9,metadata/uk/full_description.txt,2221,11,e61577af974b60005e6e0cc7ed5d41d400511e9d9358e54e57659d2340ae0eb0,inventoried
koreader,5ec0242b50ce821e4edd06a033b548e6e99880b9,metadata/uk/short_description.txt,51,1,3602ef35156e5d6ef4bee8eb59c53280d3c2862a0ceff3739cfc667a735df6b8,inventoried
koreader,5ec0242b50ce821e4edd06a033b548e6e99880b9,metadata/zh_CN/full_description.txt,1077,11,82923238945644e6086820a4fd2f5182dd61abf191149a4edf243246976a0434,inventoried
koreader,5ec0242b50ce821e4edd06a033b548e6e99880b9,metadata/zh_CN/short_description.txt,19,1,2910463051da43c9a8c6ddcd0c80b245be6cecb9c6b8d6352c385ab587ce4301,inventoried
koreader,5ec0242b50ce821e4edd06a033b548e6e99880b9,metadata/zh_TW/full_description.txt,1118,11,129e85f380e11ee873fa74fd4b191c515d8f5cd89cc7aeeb312e760251c62370,inventoried
koreader,5ec0242b50ce821e4edd06a033b548e6e99880b9,metadata/zh_TW/short_description.txt,22,1,6a77c4d5fd53275c7f01dd98ab13874980edc0161f3615775067dcbc12f04a79,inventoried
koreader,5ec0242b50ce821e4edd06a033b548e6e99880b9,platform/android/llapp_main.lua,777,32,2adbda7899e0999d8e6379aed0420d0914e784dc015d6c38efc4c34be0cfef60,inventoried
koreader,5ec0242b50ce821e4edd06a033b548e6e99880b9,platform/cervantes/disable-usbms.sh,563,25,6b3581794ebd302765962ef23e7a976b78edf1726e03340a7e180f0a3d9f2536,inventoried
koreader,5ec0242b50ce821e4edd06a033b548e6e99880b9,platform/cervantes/disable-wifi.sh,404,11,a46cc6e14d2b53b079be4159a67cee8af92782091c6a14485be01ca44fdf3ed8,inventoried
koreader,5ec0242b50ce821e4edd06a033b548e6e99880b9,platform/cervantes/enable-usbms.sh,862,33,8dcf4e9316d8f449e986c4979c7a616ad79e7a5774d63bdf8374872b3a908385,inventoried
koreader,5ec0242b50ce821e4edd06a033b548e6e99880b9,platform/cervantes/enable-wifi.sh,787,31,819483228073f71908b1cfb27ef94a7e25121119263dcd645a21ca412bfedfa5,inventoried
koreader,5ec0242b50ce821e4edd06a033b548e6e99880b9,platform/cervantes/koreader-standalone.sh,2034,75,0f72bcd8d3c6d11ae247066c9460413919db5c46e8b75292f17d41051cc9cc5c,inventoried
koreader,5ec0242b50ce821e4edd06a033b548e6e99880b9,platform/cervantes/koreader.sh,9643,230,76fded6d6e8b626e6039370bda9491dee02757a1bbc15d5d575f3fc04b5604eb,inventoried
koreader,5ec0242b50ce821e4edd06a033b548e6e99880b9,platform/cervantes/obtain-ip.sh,165,8,4cda0b0357914a36c3e3a136717050622a85a40cb3338043ea5a5b6249618b2a,inventoried
koreader,5ec0242b50ce821e4edd06a033b548e6e99880b9,platform/cervantes/release-ip.sh,116,5,e6e8807cebd771815dbfec43957364c8b647737a25e28f4af7a39f2bafaa9906,inventoried
koreader,5ec0242b50ce821e4edd06a033b548e6e99880b9,platform/cervantes/restore-wifi-async.sh,939,31,5cbba2aedf2e71e79a76199755c0e81c78f6d370cebe79698038e1a92d9f641d,inventoried
koreader,5ec0242b50ce821e4edd06a033b548e6e99880b9,platform/cervantes/resume.sh,46,3,464716c00cb0856751d2040410e585ffdd5e0f2132b894a81637afe409ed709f,inventoried
koreader,5ec0242b50ce821e4edd06a033b548e6e99880b9,platform/cervantes/suspend.sh,260,14,dd58181fe901a1b472a8c5f32e34c62a701807a2c78c9af342718435c407fdf2,inventoried
koreader,5ec0242b50ce821e4edd06a033b548e6e99880b9,platform/common/koreader.sh,647,31,c9610f9c2ffeb1ade5ce0b7e55558542433034c0333a546013167f9a020903e3,inventoried
koreader,5ec0242b50ce821e4edd06a033b548e6e99880b9,platform/kindle/BR-2020.02-config,103934,3570,cf16da86c568d239d3c50598656d0ce0013c4e9263f3c28017c3e788feab7e10,inventoried
koreader,5ec0242b50ce821e4edd06a033b548e6e99880b9,platform/kindle/CREDITS,287,5,898b2c4c06c717a8d2fbb2e765fdbe616eb8b9a382d55691fba0f92a58dd8f5f,inventoried
koreader,5ec0242b50ce821e4edd06a033b548e6e99880b9,platform/kindle/extensions/koreader/README.txt,636,33,1437fa8f50cfc4e909e7d621156b5d6aceea83aae8559a245ffc53acac404648,inventoried
koreader,5ec0242b50ce821e4edd06a033b548e6e99880b9,platform/kindle/extensions/koreader/bin/koreader-ext.sh,4045,136,3dddb71881ab14d50bec60ab42e0e413d3e0432dc8adac95183f031c4ffd2987,inventoried
koreader,5ec0242b50ce821e4edd06a033b548e6e99880b9,platform/kindle/extensions/koreader/config.xml,272,12,6fa8406ed4441990d9dc8f67c6ab2ede63cbfcdc3f1c82ed05146fd5d50beb87,inventoried
koreader,5ec0242b50ce821e4edd06a033b548e6e99880b9,platform/kindle/extensions/koreader/menu.json,2275,98,849077d8df3b7aa07bcca7b6b3c4509721358865f4b4e6de302dda919182254c,inventoried
koreader,5ec0242b50ce821e4edd06a033b548e6e99880b9,platform/kindle/koreader.sh,19195,434,ed079eb4015acb1ac02ea06a2c21c969812fcf0ef2a2f1deb84d1cd62a64bdcf,inventoried
koreader,5ec0242b50ce821e4edd06a033b548e6e99880b9,platform/kindle/launchpad/koreader.ini,516,11,f6b9cb1a2db8597957bcb755fd035b1db88f6e4edaa9b8b46fc7c36540c13412,inventoried
koreader,5ec0242b50ce821e4edd06a033b548e6e99880b9,platform/kindle/libkohelper.sh,2366,72,69f76e30fd84f2d28e94c8438332999d6ac7f3c37533f19e5c81f99c98d73683,inventoried
koreader,5ec0242b50ce821e4edd06a033b548e6e99880b9,platform/kindle/wmctrl,26076,,66f19025ae90e1d016fad5c5a69d86d55b6cf687129db2e242597cb809b14b46,inventoried
koreader,5ec0242b50ce821e4edd06a033b548e6e99880b9,platform/kobo/disable-wifi.sh,3668,108,abea74247310e07551fa658134664ecb13b3e85cdeea969972867983c88e1761,inventoried
koreader,5ec0242b50ce821e4edd06a033b548e6e99880b9,platform/kobo/enable-wifi.sh,8824,226,ab70f30a7336da9190f08b3a35bb64b20b446c8703236539771a708db64afade,inventoried
koreader,5ec0242b50ce821e4edd06a033b548e6e99880b9,platform/kobo/koreader.png,51847,,f7606cf28f73fde403f6172d3543ca704fc78a79a5b4b7b70180d984e8456ccb,inventoried
koreader,5ec0242b50ce821e4edd06a033b548e6e99880b9,platform/kobo/koreader.sh,31580,665,12184a3c62e8f475681a3596d887df8dc29a78a17b3186722b75fc5b19de171c,inventoried
koreader,5ec0242b50ce821e4edd06a033b548e6e99880b9,platform/kobo/nickel.sh,6590,180,08afdc4674714739a56a4ef9f36d92dd56ba7abdd32cf136f8b5bb791edd91df,inventoried
koreader,5ec0242b50ce821e4edd06a033b548e6e99880b9,platform/kobo/nickel_suspend_strace.txt,10532,91,e5717b079b2434c43a9f392493c6ec8bef852f09b9dfe3a74590aecd7e25c304,inventoried
koreader,5ec0242b50ce821e4edd06a033b548e6e99880b9,platform/kobo/obtain-ip.sh,2960,63,af67c0d608a8f83d7011727ea509075859bd417e898fba50fcf398843dbc9e37,inventoried
koreader,5ec0242b50ce821e4edd06a033b548e6e99880b9,platform/kobo/release-ip.sh,1201,35,e32bfd3d305555f19c75be2ae94bc03dc38cee4fa3a64199709b1fe3d0d88701,inventoried
koreader,5ec0242b50ce821e4edd06a033b548e6e99880b9,platform/kobo/restore-wifi-async.sh,818,27,c33382058e63105dd10f3aebb724cae71fbae4514f38a4d812cf4c8c356ebe40,inventoried
koreader,5ec0242b50ce821e4edd06a033b548e6e99880b9,platform/linux/copyright,6464,142,e3bb73335ff5e82e77ffa214660c8fff520a27e2f0cf21028783c557598e129c,inventoried
koreader,5ec0242b50ce821e4edd06a033b548e6e99880b9,platform/linux/do_debian_package.sh,3930,120,491be300266cc24054e2df7eb5d81639dae5719e6463e9b02545a528d41619e7,inventoried
koreader,5ec0242b50ce821e4edd06a033b548e6e99880b9,platform/linux/icons/256x256/koreader.png,4379,,22c584bc86c27c0bd6182a087525a289127273e157271b26e27d974d790b124d,inventoried
koreader,5ec0242b50ce821e4edd06a033b548e6e99880b9,platform/linux/icons/512x512/koreader.png,8810,,02d2aeb28d44e125f8cbf6b316c881528b0c37f9a116ee12e0957d4a542269dd,inventoried
koreader,5ec0242b50ce821e4edd06a033b548e6e99880b9,platform/linux/instructions.txt,501,16,dc23973fb0b04bf5b11f7368291aeac6b393ffa63d9a9a2f8be5e53e466e89c6,inventoried
koreader,5ec0242b50ce821e4edd06a033b548e6e99880b9,platform/linux/koreader.1,870,41,555256a85fae6b3ecec8e1575e272841aad46dabb4234ac55f2577387be9ef10,inventoried
koreader,5ec0242b50ce821e4edd06a033b548e6e99880b9,platform/linux/koreader.desktop,1125,14,d58469d4a98b07614279ce394b7566b0c51edc3d34e88e2903ef6b2b4e29f434,inventoried
koreader,5ec0242b50ce821e4edd06a033b548e6e99880b9,platform/linux/koreader.metainfo.xml,61320,574,d590f81f2ea9eee04182de0d0cf0377ef2618c6ba10a8f469c0ec4078c838410,inventoried
koreader,5ec0242b50ce821e4edd06a033b548e6e99880b9,platform/mac/do_mac_bundle.sh,5345,161,09814e128fbf9bbcc25cd9e15bc9711fc7de91e25913d2c26e6cc6e91100ebf0,inventoried
koreader,5ec0242b50ce821e4edd06a033b548e6e99880b9,platform/mac/koreader.icns,144964,,3fdc1df335ca872c980cbcbaba835c3c759653e3fea584cb037f715b9c9ee802,inventoried
koreader,5ec0242b50ce821e4edd06a033b548e6e99880b9,platform/mac/menu.xml,7288,122,5195bf95ff7000d2655fdd7a32a8bf5040638e62b0ada64104b1bd0c324d9a46,inventoried
koreader,5ec0242b50ce821e4edd06a033b548e6e99880b9,platform/pocketbook/koreader.app,9444,215,385bc19ca5ad05d5dafa4b1bf08fad0dec558fa8144d2969719d35eea19eb585,inventoried
koreader,5ec0242b50ce821e4edd06a033b548e6e99880b9,platform/pocketbook/system_koreader.app,56,2,481b6af048b30cf2cb706139030ee26fdb1705182735e1151617308be5281d19,inventoried
koreader,5ec0242b50ce821e4edd06a033b548e6e99880b9,platform/remarkable/README.md,1443,55,bf753e5bead24a31b46ac2c8abf28fce586addf581f59c427d5d59f6ce7716a7,inventoried
koreader,5ec0242b50ce821e4edd06a033b548e6e99880b9,platform/remarkable/README_aarch64.md,511,11,8698ab7dda2aa242cc27351343eed2dffb2e12697bb06a1da91384e15765688f,inventoried
koreader,5ec0242b50ce821e4edd06a033b548e6e99880b9,platform/remarkable/button-listen.service,219,14,66fed48af57069b7e2aa1c44b661d6b60ca1908c6ab35c1a2b0a2c631a0cbf55,inventoried
koreader,5ec0242b50ce821e4edd06a033b548e6e99880b9,platform/remarkable/disable-wifi.sh,505,24,538de182e1efa3752af0178dff58fd7ac5cbbaddadfcb1b57d1f9e18e9056e0a,inventoried
koreader,5ec0242b50ce821e4edd06a033b548e6e99880b9,platform/remarkable/enable-wifi.sh,566,27,c622d348461a5083f7531dcdaa6114f5d2cd07ffa48fc80f619e9af934554271,inventoried
koreader,5ec0242b50ce821e4edd06a033b548e6e99880b9,platform/remarkable/external.manifest.json,120,8,a0210bd8c037511317f599b4d2f3e96042999d4150ba4cc8e212903591e35f47,inventoried
koreader,5ec0242b50ce821e4edd06a033b548e6e99880b9,platform/remarkable/external.manifest.shim.json,364,14,c8f2a85cb33eb4b6c7a16c3afbd45e525e89cad21480c935a1eb58ff294c97ab,inventoried
koreader,5ec0242b50ce821e4edd06a033b548e6e99880b9,platform/remarkable/koreader.service,291,18,6b7f4c216a7580f472d0c8976ad9bdcb9e3ab3017beea70487c8c0b5ba19451e,inventoried
koreader,5ec0242b50ce821e4edd06a033b548e6e99880b9,platform/remarkable/koreader.sh,12775,295,d054009d90e6c57313cbc4109685f48d940a103400c481456a7686a6df06184d,inventoried
koreader,5ec0242b50ce821e4edd06a033b548e6e99880b9,platform/remarkable/qtfb_keep_alive.lua,1520,45,0dcdf5c756657485d2afdf0786c46d60f8a525bc3382e90abbfa9fdea01ae38d,inventoried
koreader,5ec0242b50ce821e4edd06a033b548e6e99880b9,platform/sony-prstux/resume.sh,241,12,21713aa1442845b769b740fb136b7a6c7a6eb8457b918833d10c3784d40026b7,inventoried
koreader,5ec0242b50ce821e4edd06a033b548e6e99880b9,platform/sony-prstux/set-wifi.sh,295,13,9243fd8ef436341a242ae7158645ee4362c49078c0489188266bdefe8043c50a,inventoried
koreader,5ec0242b50ce821e4edd06a033b548e6e99880b9,platform/sony-prstux/suspend.sh,306,15,1dde724c9a28dd0edc594a878bb4ddf2ad644dc2edbcca0bc474abf63192182a,inventoried
koreader,5ec0242b50ce821e4edd06a033b548e6e99880b9,platform/win32/SDL2.dll,1007104,,a23d944bea101c574875c13883088798cfda712de969dd14f529e870a0de87da,inventoried
koreader,5ec0242b50ce821e4edd06a033b548e6e99880b9,platform/win32/libgcc_s_sjlj-1.dll,504405,,c5eeae01f2d27587ff73dca8e7c9b1d5f21e91528fa861944177aca13f118c60,inventoried
koreader,5ec0242b50ce821e4edd06a033b548e6e99880b9,platform/win32/libstdc++-6.dll,6877373,,cc569ef68b89b8a0d39fdba2530c425948640351ad7f155f64a89d16e01a4676,inventoried
koreader,5ec0242b50ce821e4edd06a033b548e6e99880b9,platform/win32/libwinpthread-1.dll,251290,,22bb016171249b3629f954f3a34a8e03f553eb77f33c01470afb350a35b453ce,inventoried
koreader,5ec0242b50ce821e4edd06a033b548e6e99880b9,plugins/SSH.koplugin/_meta.lua,143,5,d55ad2fd60f01aca333455c52b5809dc19e1841d653f7cef512321df68679f13,inventoried
koreader,5ec0242b50ce821e4edd06a033b548e6e99880b9,plugins/SSH.koplugin/main.lua,12988,349,4cf5413d031e603db290b3c8994d7a135437e1d7a5752f15d18e647ce331006c,inventoried
koreader,5ec0242b50ce821e4edd06a033b548e6e99880b9,plugins/archiveviewer.koplugin/_meta.lua,149,5,f178f482a979fee8726ef9058cd39b49df1d6b2af79aff8239b3f369905071b3,inventoried
koreader,5ec0242b50ce821e4edd06a033b548e6e99880b9,plugins/archiveviewer.koplugin/main.lua,11444,375,a51c470efd23e34b7125f80540941c4e1d15bb8849190b88f0892c556d0b1426,inventoried
koreader,5ec0242b50ce821e4edd06a033b548e6e99880b9,plugins/autodim.koplugin/_meta.lua,174,5,8c4c2e29d4d9568e12832c72367ddbb4d0cbb4bc35de7e470a3faba04ac2d894,inventoried
koreader,5ec0242b50ce821e4edd06a033b548e6e99880b9,plugins/autodim.koplugin/main.lua,13409,329,dada6e2ffb51c2ada220b482914b9219f5c31e0dab363f4597444da02666ca0c,inventoried
koreader,5ec0242b50ce821e4edd06a033b548e6e99880b9,plugins/autostandby.koplugin/_meta.lua,163,5,429df34efb34271849f31e267da25c7e88a21c43a89726eec929d442417a3152,inventoried
koreader,5ec0242b50ce821e4edd06a033b548e6e99880b9,plugins/autostandby.koplugin/main.lua,7512,182,c6dfbaf3f01addcf76794ec06efbb33d90645cd1b46983b4fa5de50d16f69461,inventoried
koreader,5ec0242b50ce821e4edd06a033b548e6e99880b9,plugins/autosuspend.koplugin/_meta.lua,193,5,eab769a7c4f6e7a7abba89f19be0add8949616e88c63a91a83ab8218187f6966,inventoried
koreader,5ec0242b50ce821e4edd06a033b548e6e99880b9,plugins/autosuspend.koplugin/main.lua,31835,715,aa9507c532598e3463a5b07f17d0fdd43b9dd2775cd479e830610c9e8058f050,inventoried
koreader,5ec0242b50ce821e4edd06a033b548e6e99880b9,plugins/autoturn.koplugin/_meta.lua,191,8,05dcff9110e07b1494b30f0a304f6a0567bb06717a4be381a58a894c2fb7245b,inventoried
koreader,5ec0242b50ce821e4edd06a033b548e6e99880b9,plugins/autoturn.koplugin/main.lua,7186,199,c57793b1c3d94751de02fbbe5acf75ccf71712a71b4218fc63ff200970e7f3d1,inventoried
koreader,5ec0242b50ce821e4edd06a033b548e6e99880b9,plugins/autowarmth.koplugin/_meta.lua,361,5,5935f52648d9bfd7f85fe8695ece735da3fd59667dc1ac97d24d78887be81876,inventoried
koreader,5ec0242b50ce821e4edd06a033b548e6e99880b9,plugins/autowarmth.koplugin/main.lua,57690,1350,ca9087c03f5f1312e9da2d115c5ee8f7c2c4bdc46c537636b776030900c80c45,inventoried
koreader,5ec0242b50ce821e4edd06a033b548e6e99880b9,plugins/autowarmth.koplugin/suntime.lua,20863,607,b005faa30fa3cecd2945d1b49a00627073088a62bd069de52e1bf318f2361fa9,inventoried
koreader,5ec0242b50ce821e4edd06a033b548e6e99880b9,plugins/batterystat.koplugin/_meta.lua,148,5,0c225b48b170304500cf248033f4f2420877fecfe867e20ff34dda55b199723f,inventoried
koreader,5ec0242b50ce821e4edd06a033b548e6e99880b9,plugins/batterystat.koplugin/main.lua,9541,322,b74f31a2902ed52a5146f46115d06fbff3335c7d394805195975a469d3ce69ae,inventoried
koreader,5ec0242b50ce821e4edd06a033b548e6e99880b9,plugins/bookshortcuts.koplugin/_meta.lua,158,5,f64f16050d64758729c69e8fe943866ae48e82235b4afc26ae96e352b08c9b9d,inventoried
koreader,5ec0242b50ce821e4edd06a033b548e6e99880b9,plugins/bookshortcuts.koplugin/main.lua,7867,218,544f53358445668af1cc8fd3c3bb1aaae4f3253581118ad8e60474843619377b,inventoried
koreader,5ec0242b50ce821e4edd06a033b548e6e99880b9,plugins/calibre.koplugin/_meta.lua,196,5,6c21bb96c67826ae9b9904a1c38e95ec5619c829b10bce1aa9829650231334ba,inventoried
koreader,5ec0242b50ce821e4edd06a033b548e6e99880b9,plugins/calibre.koplugin/extensions.lua,1985,81,73d3ce0590a29ff1c413086492f132fb6bf478450c2b0993a008f6027225163e,inventoried
koreader,5ec0242b50ce821e4edd06a033b548e6e99880b9,plugins/calibre.koplugin/main.lua,16204,413,de267e3f6d3c1e19662aba47f2c6f59aa676b5e29dc46722841d38bca86caf2d,inventoried
koreader,5ec0242b50ce821e4edd06a033b548e6e99880b9,plugins/calibre.koplugin/metadata.lua,8134,277,e209612dee32ee7bf881f209b15777ffdf8a31d62a6c8d9bfe69f574e0c128d2,inventoried
koreader,5ec0242b50ce821e4edd06a033b548e6e99880b9,plugins/calibre.koplugin/search.lua,24200,677,961c19ec507cd991dc6b809cfa808740876f120052345ce9c79cae2b0b6a2d95,inventoried
koreader,5ec0242b50ce821e4edd06a033b548e6e99880b9,plugins/calibre.koplugin/wireless.lua,27463,804,1d216be94dffc5a543b8cac21084bb3ff2d3bec182f29e040dd810f34df84ece,inventoried
koreader,5ec0242b50ce821e4edd06a033b548e6e99880b9,plugins/cloudstorage.koplugin/_meta.lua,135,5,8b80d2fc41c6dadfc89ebf7fe0227ab5c211cc53a4d90d25d094319fb417926d,inventoried
koreader,5ec0242b50ce821e4edd06a033b548e6e99880b9,plugins/cloudstorage.koplugin/cloudstorage.lua,46870,1169,e398fbc00858761c31955b35d94484edbd48cfafa796d3b904119af65db8ec02,inventoried
koreader,5ec0242b50ce821e4edd06a033b548e6e99880b9,plugins/cloudstorage.koplugin/main.lua,10323,252,a0aa222b75368e221c27e7d69105656d33f1f0d6018a5b9629a38178a0907c68,inventoried
koreader,5ec0242b50ce821e4edd06a033b548e6e99880b9,plugins/cloudstorage.koplugin/providers/dropbox.lua,16084,437,e61e60ea9c72170856ecb9b6e901026f3386d93c7b9e0de9d7420363905fdf0c,inventoried
koreader,5ec0242b50ce821e4edd06a033b548e6e99880b9,plugins/cloudstorage.koplugin/providers/ftp.lua,10788,334,62fce33e9a32f2f1aa9fd8ddff801de9cb40e50e9b17f6d1db9e2dc054a3073f,inventoried
koreader,5ec0242b50ce821e4edd06a033b548e6e99880b9,plugins/cloudstorage.koplugin/providers/webdav.lua,13136,340,95e217a8992da0b20b807fc6698024cae5a8b7e87fa642ab7b65ef3ee5f611f3,inventoried
koreader,5ec0242b50ce821e4edd06a033b548e6e99880b9,plugins/coverbrowser.koplugin/_meta.lua,157,5,50fe960839f50882436399eb8b71a5446b05dec9e6d25d680c71b8be1524c30d,inventoried
koreader,5ec0242b50ce821e4edd06a033b548e6e99880b9,plugins/coverbrowser.koplugin/bookinfomanager.lua,41480,1034,09132f7bdadc87e60e920abdb53967f8584e0ef8dbcfbe1b633ac47f5348150f,inventoried
koreader,5ec0242b50ce821e4edd06a033b548e6e99880b9,plugins/coverbrowser.koplugin/covermenu.lua,9482,216,aafe2b01a0c80a11e12dec733fabc2cde221c31edcd4acea40725a4340c4f726,inventoried
koreader,5ec0242b50ce821e4edd06a033b548e6e99880b9,plugins/coverbrowser.koplugin/listmenu.lua,41381,963,23350b6a135ed2ed9e35d21a74a3961fdbd4e396f0840fe13a4bd140e5854cb8,inventoried
koreader,5ec0242b50ce821e4edd06a033b548e6e99880b9,plugins/coverbrowser.koplugin/main.lua,37639,812,b2789ca27461ff4f58b431c693eb70e9e64b278f59647a9c09602054ae0692b7,inventoried
koreader,5ec0242b50ce821e4edd06a033b548e6e99880b9,plugins/coverbrowser.koplugin/mosaicmenu.lua,38878,955,1bee697a85ecf285c93449312f9a2fb5bc2fa53c2847fbe829bcb1bf6f065ade,inventoried
koreader,5ec0242b50ce821e4edd06a033b548e6e99880b9,plugins/coverimage.koplugin/_meta.lua,129,5,58b9c2880c70daa5651724aed93b11012b4cc3b9e2b2a0d4c0b934a86e883280,inventoried
koreader,5ec0242b50ce821e4edd06a033b548e6e99880b9,plugins/coverimage.koplugin/main.lua,35044,839,9e50cef2a74e1a18d2caae027945579a67469bc6727a7370b36bcf0282fe8163,inventoried
koreader,5ec0242b50ce821e4edd06a033b548e6e99880b9,plugins/docsettingtweak.koplugin/_meta.lua,218,5,8186eb0627df10f9ad69a2344c28ad5d75bef0a1198700b878359e8cb62293e8,inventoried
koreader,5ec0242b50ce821e4edd06a033b548e6e99880b9,plugins/docsettingtweak.koplugin/directory_defaults_template.lua,1162,44,91b87349d061c1f340378a00ccd40aeac05e4bc95f673a36155b190f6dd6d9f7,inventoried
koreader,5ec0242b50ce821e4edd06a033b548e6e99880b9,plugins/docsettingtweak.koplugin/main.lua,4413,110,f58948f6b786b24a7014c0c249f4ad106ead49be738ccf3d1eb59bdc08bd2b1d,inventoried
koreader,5ec0242b50ce821e4edd06a033b548e6e99880b9,plugins/exporter.koplugin/_meta.lua,175,6,dcbc174471a4639cca8c71d36f9dde24a5a09c2ad7d71bc964c5844ca4960c6c,inventoried
koreader,5ec0242b50ce821e4edd06a033b548e6e99880b9,plugins/exporter.koplugin/base.lua,11075,379,52a836df95db6941035147146c4f71ee054b6186f56b3d6a8a3ce35e4cb9a4ab,inventoried
koreader,5ec0242b50ce821e4edd06a033b548e6e99880b9,plugins/exporter.koplugin/clip.lua,13800,422,cba3a90b184dcb6d4367595229ce0ce272a1bae491699d59a49b16fdd9dcba67,inventoried
koreader,5ec0242b50ce821e4edd06a033b548e6e99880b9,plugins/exporter.koplugin/main.lua,20221,531,8ceac159143e8cc21a2ab4a55dea36240a62cf2217e6f73d73832708433b86b2,inventoried
koreader,5ec0242b50ce821e4edd06a033b548e6e99880b9,plugins/exporter.koplugin/target/html.lua,2145,83,b963b50b032715e7c617966f34d1f12cc5091d371dd7f6de5b8e3664fc273720,inventoried
koreader,5ec0242b50ce821e4edd06a033b548e6e99880b9,plugins/exporter.koplugin/target/joplin.lua,10157,299,25b2b68f3e766950b0567ee8b0c4c570f1ed197b47a2b8b2ac76e5b9e722da29,inventoried
koreader,5ec0242b50ce821e4edd06a033b548e6e99880b9,plugins/exporter.koplugin/target/json.lua,2362,76,44b5e603e3408c75a8a093ace6fe6afffe4c2d59a2090f1b8bd794b2479ac055,inventoried
koreader,5ec0242b50ce821e4edd06a033b548e6e99880b9,plugins/exporter.koplugin/target/markdown.lua,5180,129,c1f47d5f018be751ba2db6baf11b5fc64e0d2b4e9ed40d7795133e8bbab2abc6,inventoried
koreader,5ec0242b50ce821e4edd06a033b548e6e99880b9,plugins/exporter.koplugin/target/my_clippings.lua,2739,85,0768962083505d0dd4d90a4f9c05a06a4719dabea4b8cdbc30f1675db14868f8,inventoried
koreader,5ec0242b50ce821e4edd06a033b548e6e99880b9,plugins/exporter.koplugin/target/nextcloud.lua,6736,179,06871a8a960e5fff8a98b05c02fea573dde413c150d5e684671a29a96d5d3286,inventoried
koreader,5ec0242b50ce821e4edd06a033b548e6e99880b9,plugins/exporter.koplugin/target/readwise.lua,3252,101,f87a33a353581ab162b0f627aa788b3f6ef972a53e6ebc7cb425a250ebaaf0c2,inventoried
koreader,5ec0242b50ce821e4edd06a033b548e6e99880b9,plugins/exporter.koplugin/target/text.lua,2092,72,d6570d94177f8dd60c1c2e6d7fc5465d5a28534d840b07da243ba3878829e365,inventoried
koreader,5ec0242b50ce821e4edd06a033b548e6e99880b9,plugins/exporter.koplugin/target/xmnote.lua,6455,185,a861fa39f0b0f8e1096a3fe14b857f0d8928b077d096117327eb1e576ca53a60,inventoried
koreader,5ec0242b50ce821e4edd06a033b548e6e99880b9,plugins/exporter.koplugin/template/md.lua,2147,71,4fa3b2a939417d836c698e1e055eacdde93e06f32f98f3e09217908c90e4cd33,inventoried
koreader,5ec0242b50ce821e4edd06a033b548e6e99880b9,plugins/exporter.koplugin/template/note.tpl,3363,89,bbb95936a80781c4706f62cea9400ab4176559ce4e3441d6759574ab691b7d74,inventoried
koreader,5ec0242b50ce821e4edd06a033b548e6e99880b9,plugins/exporter.koplugin/template/slt2.lua,5443,176,21b61a05d80c9a050e222871ed9172e85c3320b350685102e82f8eb55ec7cd50,inventoried
koreader,5ec0242b50ce821e4edd06a033b548e6e99880b9,plugins/externalkeyboard.koplugin/_meta.lua,146,5,f036c85805f2a9bb168322ad5e639de2f408d3736109051dfd715f5c7d133d09,inventoried
koreader,5ec0242b50ce821e4edd06a033b548e6e99880b9,plugins/externalkeyboard.koplugin/event_map_keyboard.lua,1918,73,10e44cd45c152608532448283ac50059ffd50bd702b985cb6e81c6339d6eb49d,inventoried
koreader,5ec0242b50ce821e4edd06a033b548e6e99880b9,plugins/externalkeyboard.koplugin/find-keyboard.lua,3395,110,613f4541bd60de6b9fb1f333d7dc6b4529ff8a3d6486a428f63d2ac876110f74,inventoried
koreader,5ec0242b50ce821e4edd06a033b548e6e99880b9,plugins/externalkeyboard.koplugin/main.lua,16804,451,71578abb58467223af4fd8420c6c40f616a0738afbce0cf54bab3d987ced63e1,inventoried
koreader,5ec0242b50ce821e4edd06a033b548e6e99880b9,plugins/gestures.koplugin/_meta.lua,134,5,38f297acf09f288829b67045d790ce8f1cb21afc67ebfce88828989e9c73a386,inventoried
koreader,5ec0242b50ce821e4edd06a033b548e6e99880b9,plugins/gestures.koplugin/defaults.lua,7449,140,c9420680b8355ce1a43059afb65f0b44534a7396a2d4e1ef3028a0fb73a3a6bf,inventoried
koreader,5ec0242b50ce821e4edd06a033b548e6e99880b9,plugins/gestures.koplugin/main.lua,59688,1458,6bed0579a2cfc9bc6402044330b4ec6477a5f5e456c005f52eb52dbdc0c51b7b,inventoried
koreader,5ec0242b50ce821e4edd06a033b548e6e99880b9,plugins/gestures.koplugin/migration.lua,8102,200,43bf3a97a9e29fd044b31d31a66472c43d3df50abcc1007e26b84fdb1f428db6,inventoried
koreader,5ec0242b50ce821e4edd06a033b548e6e99880b9,plugins/hello.koplugin/_meta.lua,121,5,871155fbd6e2d854d825c78b5127af5703456a8838e424c2a7bc83beae2485ff,inventoried
koreader,5ec0242b50ce821e4edd06a033b548e6e99880b9,plugins/hello.koplugin/main.lua,1383,53,97f3b9641556a5f3692b8de0727316c2303cfb6cdea1dbce09adcb72f4eeb2ea,inventoried
koreader,5ec0242b50ce821e4edd06a033b548e6e99880b9,plugins/hotkeys.koplugin/_meta.lua,172,5,8620f25072aff3d486b56f224730e02372800c83c380ac3e7a8367ee2d18cce5,inventoried
koreader,5ec0242b50ce821e4edd06a033b548e6e99880b9,plugins/hotkeys.koplugin/defaults.lua,8238,172,47058c23f69ec67c6c2de595c8b188d76817706adfb18a34c63b019d915866b4,inventoried
koreader,5ec0242b50ce821e4edd06a033b548e6e99880b9,plugins/hotkeys.koplugin/main.lua,30042,704,d1bce77bf99bd02a5a1238ec6c827cbbba85193e34a2780cbc1150a9f9e9d337,inventoried
koreader,5ec0242b50ce821e4edd06a033b548e6e99880b9,plugins/httpinspector.koplugin/_meta.lua,270,5,8fafef7bbb26402e12665c94715998f099bc36f0a1d4e54f3c90fa0b175f540d,inventoried
koreader,5ec0242b50ce821e4edd06a033b548e6e99880b9,plugins/httpinspector.koplugin/main.lua,53285,1301,d35884650bfcf68f9675dfce0f8500ca2d8fcbd9e7085073b906e35aacd8f023,inventoried
koreader,5ec0242b50ce821e4edd06a033b548e6e99880b9,plugins/japanese.koplugin/README.md,1338,26,d565f621c195f8a318d26eed14957548106b39cd3ee55070d8539d2a805e3fe7,inventoried
koreader,5ec0242b50ce821e4edd06a033b548e6e99880b9,plugins/japanese.koplugin/_meta.lua,629,10,00192b68496e51972cfcac4c6e5d0d9ef9721378976b174d45f5e50d8d7524cd,inventoried
koreader,5ec0242b50ce821e4edd06a033b548e6e99880b9,plugins/japanese.koplugin/deinflector.lua,19050,472,1f81d0d1fe10fd5256182a63257c0638f661fb67a48d3cf448fbee42b570cb51,inventoried
koreader,5ec0242b50ce821e4edd06a033b548e6e99880b9,plugins/japanese.koplugin/main.lua,10831,247,721893e2294b230a452d2323c453a2122d0d19a8013622457e5fde63560d631a,inventoried
koreader,5ec0242b50ce821e4edd06a033b548e6e99880b9,plugins/japanese.koplugin/yomichan-deinflect.json,51920,643,f2be0305b619bd7784b2b64a4758afaabdf794f25fbef471845ef90da9be56bd,inventoried
koreader,5ec0242b50ce821e4edd06a033b548e6e99880b9,plugins/keepalive.koplugin/_meta.lua,161,5,bf3d65789ee0d6037d708e2212e10659df1165f64425d66f0f09f4f1c1cb5c89,inventoried
koreader,5ec0242b50ce821e4edd06a033b548e6e99880b9,plugins/keepalive.koplugin/main.lua,2435,76,415d519287e207962e2a29dafa47f6ecc48c38456b1acab534a198ad399358f5,inventoried
koreader,5ec0242b50ce821e4edd06a033b548e6e99880b9,plugins/kosync.koplugin/KOSyncClient.lua,5613,181,0e781fef1d2d9d0537566888f12b286039b366935089a11f18fd54f725e49fdb,inventoried
koreader,5ec0242b50ce821e4edd06a033b548e6e99880b9,plugins/kosync.koplugin/KOSyncQueue.lua,2971,106,d65434b2ee945fb328875658092bb4493942ec9aa3dc15ba3d170d2b650905c4,inventoried
koreader,5ec0242b50ce821e4edd06a033b548e6e99880b9,plugins/kosync.koplugin/_meta.lua,178,5,fc4d4a16f9dd3f3594aa7ce8501e7a97de00df72a463e97cfb4123015d49317a,inventoried
koreader,5ec0242b50ce821e4edd06a033b548e6e99880b9,plugins/kosync.koplugin/api.json,1481,55,2268da08798944ea6d0934823c3073f8b935003ef12bab09bd7a7f7e35a5c0a6,inventoried
koreader,5ec0242b50ce821e4edd06a033b548e6e99880b9,plugins/kosync.koplugin/main.lua,42402,1117,218d37200e6d002877a09ebc803a5c0e90e9560d04bfa3d875fceeeaaa59e2f7,inventoried
koreader,5ec0242b50ce821e4edd06a033b548e6e99880b9,plugins/movetoarchive.koplugin/_meta.lua,159,5,6be2e480aeeaa9dd7e21e66b7e69ae0732bbe51b25ec55bfe17440e73fe54a32,inventoried
koreader,5ec0242b50ce821e4edd06a033b548e6e99880b9,plugins/movetoarchive.koplugin/main.lua,6462,183,0fa392653bf1c7b6409664e2a92bc066d6e8b9f0e07161ba8211f48acf2a7c50,inventoried
koreader,5ec0242b50ce821e4edd06a033b548e6e99880b9,plugins/newsdownloader.koplugin/_meta.lua,169,5,603fbae044add7035411379ca114f0a70c2f39848ce68095c3f741e227b12945,inventoried
koreader,5ec0242b50ce821e4edd06a033b548e6e99880b9,plugins/newsdownloader.koplugin/epubdownloadbackend.lua,29405,780,d2efb2cc96a9fd10622ca1b66f9af61b419a11f06d799323d33726fbc0f837eb,inventoried
koreader,5ec0242b50ce821e4edd06a033b548e6e99880b9,plugins/newsdownloader.koplugin/feed_config.lua,3282,57,ecdb8a3e376ae413a392256f7fcd81e3ea877594c8b91bac396792509030dd8b,inventoried
koreader,5ec0242b50ce821e4edd06a033b548e6e99880b9,plugins/newsdownloader.koplugin/feed_view.lua,6768,242,d8cbb3d3b6e22ee5e7cfdd95495f4250af6ce27e7e3f4c8231eeb03da78d35fc,inventoried
koreader,5ec0242b50ce821e4edd06a033b548e6e99880b9,plugins/newsdownloader.koplugin/lib/LICENCE_lua-feedparser,1677,28,f9a57954ba49b3e1a51d9434f1baf10cae7db1f12760cdc0abeaeccd390a0099,inventoried
koreader,5ec0242b50ce821e4edd06a033b548e6e99880b9,plugins/newsdownloader.koplugin/lib/LICENSE_LuaXML,1095,21,c736d3ae9ee32254e28718b2be802b0c768f2c2cbe658d792d8d926406d9e004,inventoried
koreader,5ec0242b50ce821e4edd06a033b548e6e99880b9,plugins/newsdownloader.koplugin/lib/dateparser.lua,6213,192,b5700ea7140aa43f7108dd4d9c95fe03234b305ba4d869d1a192221706fb0df8,inventoried
koreader,5ec0242b50ce821e4edd06a033b548e6e99880b9,plugins/newsdownloader.koplugin/lib/handler.lua,10986,346,e807168fdeffdd0c1e8dd85c2d3677344c975b983d12af0301031b4027893448,inventoried
koreader,5ec0242b50ce821e4edd06a033b548e6e99880b9,plugins/newsdownloader.koplugin/lib/xml.lua,17778,483,9cf55b40855a5678c38acd1d59039408754cc98df4131c6034b9dccf4cbc5c73,inventoried
koreader,5ec0242b50ce821e4edd06a033b548e6e99880b9,plugins/newsdownloader.koplugin/main.lua,55332,1446,1e5364a39f5f37262891f9a50d978ec88a0619648b459e74ed6b2a1e5fc9c7d3,inventoried
koreader,5ec0242b50ce821e4edd06a033b548e6e99880b9,plugins/opds.koplugin/_meta.lua,148,5,1054e9c7a1068c755746267bb3fae4b7698c1a54d1098ad78ed648b2431a66f4,inventoried
koreader,5ec0242b50ce821e4edd06a033b548e6e99880b9,plugins/opds.koplugin/main.lua,4977,154,2b9b9e328bf4e88aca743146117fee2285e6deb05016532183fe29b96e5e3bce,inventoried
koreader,5ec0242b50ce821e4edd06a033b548e6e99880b9,plugins/opds.koplugin/opdsbrowser.lua,77536,2046,c26110695b3193fce32716ba9cf36e90cdbdbaf45e609453299a545ef6a7fb5e,inventoried
koreader,5ec0242b50ce821e4edd06a033b548e6e99880b9,plugins/opds.koplugin/opdsparser.lua,4392,111,b1fa226f9d0ce2572239eed18962f78ebc6e4a5ad4a9cf9d57182b5757725f0c,inventoried
koreader,5ec0242b50ce821e4edd06a033b548e6e99880b9,plugins/opds.koplugin/opdspse.lua,8747,205,e985d37bc6ef488639a3143323b9ede613a190bd52b30590bc834940ad6b4f92,inventoried
koreader,5ec0242b50ce821e4edd06a033b548e6e99880b9,plugins/perceptionexpander.koplugin/_meta.lua,186,5,7eb37c2a9946ecaff9b8522d51358957630f65eb207b75e763fe22dfccfb28f0,inventoried
koreader,5ec0242b50ce821e4edd06a033b548e6e99880b9,plugins/perceptionexpander.koplugin/main.lua,8237,247,703f13de3bea540058850046cfd249efe8ccb4fea94365f56c1a9cde644d120a,inventoried
koreader,5ec0242b50ce821e4edd06a033b548e6e99880b9,plugins/profiles.koplugin/_meta.lua,174,5,ece7849ac212daa043a578c403580a75523109ba4bdd674532a4fe05aeec54eb,inventoried
koreader,5ec0242b50ce821e4edd06a033b548e6e99880b9,plugins/profiles.koplugin/main.lua,58540,1341,3d7c1cac29ee7cc279c81b8e3ee67f0aec7a645f321dafcfd4fdeabe4e5ae689,inventoried
koreader,5ec0242b50ce821e4edd06a033b548e6e99880b9,plugins/qrclipboard.koplugin/_meta.lua,161,5,5036b867ef9bbf362d105b29d1c90475f238397e8e387c795f8f0a86d1883d0b,inventoried
koreader,5ec0242b50ce821e4edd06a033b548e6e99880b9,plugins/qrclipboard.koplugin/main.lua,2939,78,5e2113e6096830745057533242bcba0e594461fccbfd5152df08770595e9b09b,inventoried
koreader,5ec0242b50ce821e4edd06a033b548e6e99880b9,plugins/readtimer.koplugin/_meta.lua,147,5,87e5cd79428728824a5664d0da9c6446064b265e2667a1a948e60ae5a088dc9e,inventoried
koreader,5ec0242b50ce821e4edd06a033b548e6e99880b9,plugins/readtimer.koplugin/main.lua,22638,611,d1041bfefbb0857668833b0744ca1230b2f67de5e387c35f27be06a32a58a9df,inventoried
koreader,5ec0242b50ce821e4edd06a033b548e6e99880b9,plugins/statistics.koplugin/_meta.lua,150,5,9afc8b61b4b08f15dec62b4912fc4cea0006a5e581edd9e185944b5593b0e258,inventoried
koreader,5ec0242b50ce821e4edd06a033b548e6e99880b9,plugins/statistics.koplugin/calendarview.lua,58524,1591,80e232d13a46660c2c0c9aafb2a043668c36175d57a8ee5b1539c583b00347b1,inventoried
koreader,5ec0242b50ce821e4edd06a033b548e6e99880b9,plugins/statistics.koplugin/main.lua,135831,3240,da6db5e381bcfdaf05053d23bf75781166cc713b14076a65fcd2c527067fd088,inventoried
koreader,5ec0242b50ce821e4edd06a033b548e6e99880b9,plugins/statistics.koplugin/readerprogress.lua,18073,503,2edf8d29ef8374d921cb14cfb2f928c42c05b7259683b4566be05a7dbf9643d9,inventoried
koreader,5ec0242b50ce821e4edd06a033b548e6e99880b9,plugins/systemstat.koplugin/_meta.lua,130,5,982d7454cb1f280ee04ab26acd2c2ec50297b7bedc24a4fe154500303ee81c56,inventoried
koreader,5ec0242b50ce821e4edd06a033b548e6e99880b9,plugins/systemstat.koplugin/main.lua,11136,347,0683683ef5a4aad5fae6e0c63856b9e1bbef30b2d36c24cc715b42157c088710,inventoried
koreader,5ec0242b50ce821e4edd06a033b548e6e99880b9,plugins/terminal.koplugin/_meta.lua,135,5,7a2cd67cd8b763611775126dbfc7e5144b3af10aa12a1af7d2e5151043adc2b7,inventoried
koreader,5ec0242b50ce821e4edd06a033b548e6e99880b9,plugins/terminal.koplugin/aliases.lua,6288,169,8c84d444f92c9022dafc3e166f15b1f75cd45281a3dec2941c6a70e4d0604574,inventoried
koreader,5ec0242b50ce821e4edd06a033b548e6e99880b9,plugins/terminal.koplugin/main.lua,24583,689,caf0d27aa02fcf81a32817821033ff046823d0398cb33c589a2908ec5037916d,inventoried
koreader,5ec0242b50ce821e4edd06a033b548e6e99880b9,plugins/terminal.koplugin/profile,1177,53,16cf3e8e0033df29b2326f4867620da2a42a18a05d78d7bf355f584d23ae80cb,inventoried
koreader,5ec0242b50ce821e4edd06a033b548e6e99880b9,plugins/terminal.koplugin/shfm,32492,1186,6dabcb61515e90b741131a9090a5321626ab1ee9a39df435fc8036ae11c3b506,inventoried
koreader,5ec0242b50ce821e4edd06a033b548e6e99880b9,plugins/terminal.koplugin/shfm_opener.sh,608,35,457eee2fea88e397a2e4a69cf2d614a18a2a337a5345f2da6375d586cc2a1583,inventoried
koreader,5ec0242b50ce821e4edd06a033b548e6e99880b9,plugins/terminal.koplugin/terminputtext.lua,28472,859,a9952c683d1fe4610cbbea6047a0657c52736025c0e662c22ef635f390e2e102,inventoried
koreader,5ec0242b50ce821e4edd06a033b548e6e99880b9,plugins/texteditor.koplugin/_meta.lua,165,5,7f42c368ceab9da25fa5516f3a3fb15da68278df4d408fbf572529401e22ea3a,inventoried
koreader,5ec0242b50ce821e4edd06a033b548e6e99880b9,plugins/texteditor.koplugin/main.lua,28931,711,fa5ca761eddac3f8e0fa1b95c52ab42f7651049a4f6407c8d6022815e02ffd17,inventoried
koreader,5ec0242b50ce821e4edd06a033b548e6e99880b9,plugins/timesync.koplugin/_meta.lua,144,5,6683e9a96238540dc5332cc923944444fcaf94eab67ff70d6a416174e8af728f,inventoried
koreader,5ec0242b50ce821e4edd06a033b548e6e99880b9,plugins/timesync.koplugin/main.lua,3605,119,ce0aec018869fc98314fa6502ddf78475b1ea9ebd67c5d7c9bbaef1dd17f66b4,inventoried
koreader,5ec0242b50ce821e4edd06a033b548e6e99880b9,plugins/vocabbuilder.koplugin/_meta.lua,211,5,0ebcd20e8bde3d0ab485b4e2fcf944fd049545c41d70d8a4562667f1a9293884,inventoried
koreader,5ec0242b50ce821e4edd06a033b548e6e99880b9,plugins/vocabbuilder.koplugin/db.lua,20430,527,b3574904e0d21f127d79a1faa586a2b74a6e93639387600b31681264be5cb229,inventoried
koreader,5ec0242b50ce821e4edd06a033b548e6e99880b9,plugins/vocabbuilder.koplugin/main.lua,74519,2155,a1435b39a8ec815785bcfb14da5bae0928e3768c1eacce7392eb0e80c4628e84,inventoried
koreader,5ec0242b50ce821e4edd06a033b548e6e99880b9,plugins/wallabag.koplugin/_meta.lua,142,5,1f9c861209a6cdfe4e5b9cd969f147498ad0173203096660abd4efd6bc39624e,inventoried
koreader,5ec0242b50ce821e4edd06a033b548e6e99880b9,plugins/wallabag.koplugin/main.lua,79207,1854,b7812479b7337cbc8d1fb03ff3fdf129c962a7eb858ca3bae075f2e449eb3221,inventoried
koreader,5ec0242b50ce821e4edd06a033b548e6e99880b9,reader.lua,11595,328,1e39148f3fbe312653bd2ede233569317bd35257ab5e42c9c4e3c497cfc271b8,inventoried
koreader,5ec0242b50ce821e4edd06a033b548e6e99880b9,resources/icons/icon-not-found.svg,2341,69,89c2ace000e443c45a5d159246c31831837a6ef0a0dbe362f2f5adf97fd92057,inventoried
koreader,5ec0242b50ce821e4edd06a033b548e6e99880b9,resources/icons/mdlight/LICENSE-SIL-OFL-1.1.md,4437,94,670beeddaa23e28254f11100c7ec03666bca1103fba9e01b38627e511862d9f8,inventoried
koreader,5ec0242b50ce821e4edd06a033b548e6e99880b9,resources/icons/mdlight/align.auto.svg,2674,72,47ae796a4ad19e605b4d752ecb4870d0615a185fbe700cc99395aff950eda7f2,inventoried
koreader,5ec0242b50ce821e4edd06a033b548e6e99880b9,resources/icons/mdlight/align.center.svg,2698,76,63b170db0d09e49b23da4ee5c9a3be68bef9b3ab33fb4a0e013da095cb8cbfd9,inventoried
koreader,5ec0242b50ce821e4edd06a033b548e6e99880b9,resources/icons/mdlight/align.justify.svg,2689,72,2c8ab98ca44856dd4a98b8f513b9268c5c5a14df92e786526ea2638044d9196b,inventoried
koreader,5ec0242b50ce821e4edd06a033b548e6e99880b9,resources/icons/mdlight/align.left.svg,2652,72,853af72d3640fe90c4a33511c27df7e7b147fdfac59ed5eecf91d86a1254964d,inventoried
koreader,5ec0242b50ce821e4edd06a033b548e6e99880b9,resources/icons/mdlight/align.right.svg,2662,72,32f13cd9fe56b454139c931b942defb762be95cd0c4805e1429c4f4517cc796b,inventoried
koreader,5ec0242b50ce821e4edd06a033b548e6e99880b9,resources/icons/mdlight/appbar.contrast.svg,3892,93,e460b195d732f18ea52ca95a5a0267fcee02bb68b3e9f619e0188119190f4fae,inventoried
koreader,5ec0242b50ce821e4edd06a033b548e6e99880b9,resources/icons/mdlight/appbar.crop.svg,1959,53,80d5b9ad40af5d7df8cbf98df9af194d685bf52217d26eb1cf621a70d0964111,inventoried
koreader,5ec0242b50ce821e4edd06a033b548e6e99880b9,resources/icons/mdlight/appbar.filebrowser.svg,2420,82,4cb86b564df9a6753fb5dd5df39754239ca4091a96811779a85e2de27e99df84,inventoried
koreader,5ec0242b50ce821e4edd06a033b548e6e99880b9,resources/icons/mdlight/appbar.menu.svg,2223,65,e3123a932fb53ca3c78c61ede2deb8c726643d8d90a867cf1f4b2b62961824c5,inventoried
koreader,5ec0242b50ce821e4edd06a033b548e6e99880b9,resources/icons/mdlight/appbar.navigation.svg,2007,61,581e95468d8fc253f97b91eafe55f9ab7828516a0c044cec511fe01052fc4813,inventoried
koreader,5ec0242b50ce821e4edd06a033b548e6e99880b9,resources/icons/mdlight/appbar.pagefit.svg,3238,82,48a6716bebd751942aaff88ac6220b49bdf59a432563c9003e68980eb5156315,inventoried
koreader,5ec0242b50ce821e4edd06a033b548e6e99880b9,resources/icons/mdlight/appbar.pageview.svg,2814,78,d027d113c588fa54b216adaf7f91bbce7ea51acd8a80aa9831aa5b930858877d,inventoried
koreader,5ec0242b50ce821e4edd06a033b548e6e99880b9,resources/icons/mdlight/appbar.pokeball.svg,2374,70,97d6f4f133820890480e10ec453af0f68f30e00539d89cbde10b71aae51a3cd3,inventoried
koreader,5ec0242b50ce821e4edd06a033b548e6e99880b9,resources/icons/mdlight/appbar.rotation.svg,3062,76,f3dfd8bcbfdf554e98a8118e6f9f2e34d9966b6c44ab8c5e70f8cf0e94b80010,inventoried
koreader,5ec0242b50ce821e4edd06a033b548e6e99880b9,resources/icons/mdlight/appbar.search.svg,2197,63,3675721f37990ff7101c4ef7735b026174129557515c6f2a39e3f874ff673f62,inventoried
koreader,5ec0242b50ce821e4edd06a033b548e6e99880b9,resources/icons/mdlight/appbar.settings.svg,3016,65,3f382cc3f01362ddc689c5ae4ef2f603b6ea0e07877ada1ee2aea2befcaecf8a,inventoried
koreader,5ec0242b50ce821e4edd06a033b548e6e99880b9,resources/icons/mdlight/appbar.textsize.svg,5130,66,f8e9ca93df0b62e845ddb99ea2238de64ea6344ae871ab70d8081c2df1f4b116,inventoried
koreader,5ec0242b50ce821e4edd06a033b548e6e99880b9,resources/icons/mdlight/appbar.tools.svg,2657,60,a774c75f4456d28b6d3d8aa0f4d94914af5282d25ea01f1adb03bb3bc17de493,inventoried
koreader,5ec0242b50ce821e4edd06a033b548e6e99880b9,resources/icons/mdlight/appbar.typeset.svg,2562,72,3e2521660ecfd5af7260c00ee9835a8de5020356be6f337cdca4114470f35ca2,inventoried
koreader,5ec0242b50ce821e4edd06a033b548e6e99880b9,resources/icons/mdlight/back.top.rtl.svg,2068,57,857bacb34f891f30d21b52d23bfd1a37f097f1b74089bf68ab61e9ba5b8c483f,inventoried
koreader,5ec0242b50ce821e4edd06a033b548e6e99880b9,resources/icons/mdlight/back.top.svg,2068,57,1f6d171e626ddcb0f67ebec0d7fe41b63a425d4ea53b1992b21b6346eb2f83c3,inventoried
koreader,5ec0242b50ce821e4edd06a033b548e6e99880b9,resources/icons/mdlight/book.opened.svg,3197,86,7cbbeb4ebc926fdd06d0291c41a57a34ef26a0086c02f91f237115eb97156caf,inventoried
koreader,5ec0242b50ce821e4edd06a033b548e6e99880b9,resources/icons/mdlight/bookmark.svg,210,0,cc7cc36789ce9b8755f419a2b2a6e27ddf43170309ff507d58b51f144404dc49,inventoried
koreader,5ec0242b50ce821e4edd06a033b548e6e99880b9,resources/icons/mdlight/cancel.svg,1879,54,c3f082016e30e617136bddd68d9447900038dcfe52d2f5f52623a80b466d9d42,inventoried
koreader,5ec0242b50ce821e4edd06a033b548e6e99880b9,resources/icons/mdlight/check.svg,1656,52,a41c0b3f565b2b7e36d2c07106eb142b45fa5d83a9d72fc5ee7c6010049c48b8,inventoried
koreader,5ec0242b50ce821e4edd06a033b548e6e99880b9,resources/icons/mdlight/chevron.first.svg,2186,65,963592886d9073aa97d56aff8a60c89d42023d6aec9c20a6703470ff7dc8c2c4,inventoried
koreader,5ec0242b50ce821e4edd06a033b548e6e99880b9,resources/icons/mdlight/chevron.last.svg,2178,65,861b434e9458a7171086b6edf80470e4b45e4a6d2b91084a0ed5dcf54f7d95d3,inventoried
koreader,5ec0242b50ce821e4edd06a033b548e6e99880b9,resources/icons/mdlight/chevron.left.svg,1920,58,d873898138c7db55ee1b66b97aa177b6adabadcdaeea57b0cab7440461c29f9c,inventoried
koreader,5ec0242b50ce821e4edd06a033b548e6e99880b9,resources/icons/mdlight/chevron.right.svg,1921,58,6f89f307b968af036a887e6c72f77e725ae60ee1aaf238bd7a82ca98ffef0dd8,inventoried
koreader,5ec0242b50ce821e4edd06a033b548e6e99880b9,resources/icons/mdlight/chevron.up.svg,1918,58,85a88faefb4c46612329b93c80b55cdc5ccf9475a51f139bbf8f8d9f8ac583da,inventoried
koreader,5ec0242b50ce821e4edd06a033b548e6e99880b9,resources/icons/mdlight/close.svg,1971,53,e8609fd38317983d025d4a17e4377d5f1444db6e0c5e4b8dc17512d6062ced97,inventoried
koreader,5ec0242b50ce821e4edd06a033b548e6e99880b9,resources/icons/mdlight/column.one.svg,2689,72,2c8ab98ca44856dd4a98b8f513b9268c5c5a14df92e786526ea2638044d9196b,inventoried
koreader,5ec0242b50ce821e4edd06a033b548e6e99880b9,resources/icons/mdlight/column.three.svg,2595,72,8360af077d0ddee35ee4fce5ff64396cc701e9796ed6a4aa7b2bc895d09e8c5f,inventoried
koreader,5ec0242b50ce821e4edd06a033b548e6e99880b9,resources/icons/mdlight/column.two.svg,2576,69,8bc976a7c508331615d33ff573018ba429df4a8c7c6e5e55cae4bc2195b53701,inventoried
koreader,5ec0242b50ce821e4edd06a033b548e6e99880b9,resources/icons/mdlight/control.collapse.svg,1748,47,b1ba71bee457b2ecaa7ffdd7b0fb15cf2b090408e4ef4007c5943dc94b9e185d,inventoried
koreader,5ec0242b50ce821e4edd06a033b548e6e99880b9,resources/icons/mdlight/control.expand.alpha.svg,1801,49,18739dd2ad76053c1b3f785a03625f7092fcd28d33ab588621c2d3be21663b97,inventoried
koreader,5ec0242b50ce821e4edd06a033b548e6e99880b9,resources/icons/mdlight/control.expand.svg,1737,47,c03e26e2f58e12ae87d7805bb375df46f61335e47af63be61ea7b2f4ab23bc0f,inventoried
koreader,5ec0242b50ce821e4edd06a033b548e6e99880b9,resources/icons/mdlight/cre.render.partial.svg,3743,90,f3fdd144cc60d03ab625d6d688cd97e9b44c12b09d0bcce19cfb81b358235449,inventoried
koreader,5ec0242b50ce821e4edd06a033b548e6e99880b9,resources/icons/mdlight/cre.render.ready.svg,5319,129,d2a380e10b3fc15b7028f22ccea784545b54b014792b58b3f0faeed11b30a250,inventoried
koreader,5ec0242b50ce821e4edd06a033b548e6e99880b9,resources/icons/mdlight/cre.render.reload.alpha.svg,3777,91,e2fba0cfc179f4e296e2be935e381d817fb21e676146dc3fcba11c2d5fbd3e33,inventoried
koreader,5ec0242b50ce821e4edd06a033b548e6e99880b9,resources/icons/mdlight/cre.render.reload.svg,3887,96,0fbc58ce90435560591ca2838135cc71e9eb0232aafde161e326e4c0b45c457c,inventoried
koreader,5ec0242b50ce821e4edd06a033b548e6e99880b9,resources/icons/mdlight/cre.render.working.svg,9338,110,624514916a3c3cd65822b73efd42954a37b69b3ce64bc5b9ffd206c4b5a2551b,inventoried
koreader,5ec0242b50ce821e4edd06a033b548e6e99880b9,resources/icons/mdlight/direction.BTLR.svg,4680,125,d6cc21080c66f9c0e639d9ae15e3b20408262d0002f97c16484ba8602816f6b8,inventoried
koreader,5ec0242b50ce821e4edd06a033b548e6e99880b9,resources/icons/mdlight/direction.BTRL.svg,4747,126,df94b2a607cc945d68f2a9954bf157d8bf2c65674e288d9268148bed2e81bf40,inventoried
koreader,5ec0242b50ce821e4edd06a033b548e6e99880b9,resources/icons/mdlight/direction.LRBT.svg,4744,126,a7430291ec054c863fa659027be633c18ce60689f40345e7b677018013e67725,inventoried
koreader,5ec0242b50ce821e4edd06a033b548e6e99880b9,resources/icons/mdlight/direction.LRTB.svg,4737,126,db9f56264593bd72fdd6a5b91cb746a73edce096e63803e6b80b934719a12a5a,inventoried
koreader,5ec0242b50ce821e4edd06a033b548e6e99880b9,resources/icons/mdlight/direction.RLBT.svg,4737,126,53c42c6a100cd9726e0aaf907277788655c3045bd51f2b26d3d2bc362bbdd283,inventoried
koreader,5ec0242b50ce821e4edd06a033b548e6e99880b9,resources/icons/mdlight/direction.RLTB.svg,4743,126,2c7fc3ada6f3b30c5bba5d3207b72d37a41cb07f35711f2b022164239f9b2be5,inventoried
koreader,5ec0242b50ce821e4edd06a033b548e6e99880b9,resources/icons/mdlight/direction.TBLR.svg,4746,126,930735b828f4b38c34b34d9381f6460009ee1d6628855e4660871fbabab90954,inventoried
koreader,5ec0242b50ce821e4edd06a033b548e6e99880b9,resources/icons/mdlight/direction.TBRL.svg,4738,126,9764e5127a34e921c59fb085dad7d4b8cc700c37040f294db0cd4928bf71f33f,inventoried
koreader,5ec0242b50ce821e4edd06a033b548e6e99880b9,resources/icons/mdlight/dogear.abandoned.rtl.svg,604,7,d0ff814d1ca77e4c3ffc60b145f353c732a4a689a29c1381fe4fb3f4c1b9b4b9,inventoried
koreader,5ec0242b50ce821e4edd06a033b548e6e99880b9,resources/icons/mdlight/dogear.abandoned.svg,601,7,94d1eed42a8ecc62535b2dcca0f884a8320e6dd6c8bcee99353fb6d93ed6b224,inventoried
koreader,5ec0242b50ce821e4edd06a033b548e6e99880b9,resources/icons/mdlight/dogear.alpha.svg,2270,58,8e717b166cc3f52aa689d3614f1e89a5add1c8a0d578499bba5f69457cab67cc,inventoried
koreader,5ec0242b50ce821e4edd06a033b548e6e99880b9,resources/icons/mdlight/dogear.complete.rtl.svg,438,5,871bd1399be33691675b8327d8c06a002a3713877c7e3d1f461dc7a38581a6e4,inventoried
koreader,5ec0242b50ce821e4edd06a033b548e6e99880b9,resources/icons/mdlight/dogear.complete.svg,440,5,b89dd9dd0082707b324e99605498ec1ddcbd8d0ea0523253e2a2418c341d38bc,inventoried
koreader,5ec0242b50ce821e4edd06a033b548e6e99880b9,resources/icons/mdlight/dogear.opaque.svg,2160,77,3b5b794520a80df764763498e7041079a1be8aedc0f640defe78ae3eec3ca288,inventoried
koreader,5ec0242b50ce821e4edd06a033b548e6e99880b9,resources/icons/mdlight/dogear.reading.svg,348,5,e6160b7044b5ca791097f4f132daee9ca27357dc32fa74b32f2bbb42518df596,inventoried
koreader,5ec0242b50ce821e4edd06a033b548e6e99880b9,resources/icons/mdlight/edit.svg,2665,62,4d14e2e7b76999dc21371980cd8990a6db2b30c2272836b39df039b7c25c2e39,inventoried
koreader,5ec0242b50ce821e4edd06a033b548e6e99880b9,resources/icons/mdlight/exit.svg,1977,53,b31e2c3c7ccafc05c0dac4ac73325e72d225439ac911739610f54c3929739be8,inventoried
koreader,5ec0242b50ce821e4edd06a033b548e6e99880b9,resources/icons/mdlight/home.svg,1996,55,9e718ec7147507a081f729215c282776b4fcece9f654a4d4134602607e974251,inventoried
koreader,5ec0242b50ce821e4edd06a033b548e6e99880b9,resources/icons/mdlight/icons-license.txt,934,46,65cd576ad6c38e52cf0292a4e49d89c6f8dfb08d773dd0478a311d9c26365c9d,inventoried
koreader,5ec0242b50ce821e4edd06a033b548e6e99880b9,resources/icons/mdlight/info.svg,2093,62,a54b59db4e369ded3d370793ffe5dd5a7219b21fe9ea07f665ba30eea2f4d587,inventoried
koreader,5ec0242b50ce821e4edd06a033b548e6e99880b9,resources/icons/mdlight/license.txt,1437,44,fe2c47c29751861c00d505a42b0e5bbd710b60b494230b93b3498d9e4853cd1a,inventoried
koreader,5ec0242b50ce821e4edd06a033b548e6e99880b9,resources/icons/mdlight/move.down.svg,1917,55,234f14f8fca95615b28722b39edb9807a3058ffd38b179c8b7b1a4291f22055f,inventoried
koreader,5ec0242b50ce821e4edd06a033b548e6e99880b9,resources/icons/mdlight/move.up.svg,1917,55,2f8969def5ce3808914f447c4463ba7ca0500edd1e045d96d1bf8a3776f8f967,inventoried
koreader,5ec0242b50ce821e4edd06a033b548e6e99880b9,resources/icons/mdlight/notice-info.svg,2095,63,40ee6d7bc60e2043f38140645db98a09ad9cd4fdc34ffffa4cc4f47fa283d6b8,inventoried
koreader,5ec0242b50ce821e4edd06a033b548e6e99880b9,resources/icons/mdlight/notice-question.svg,2493,65,7f1ec70bd13586ca0d98ac948df09ea529a46de0cd595017ce6fbd2afeae8a22,inventoried
koreader,5ec0242b50ce821e4edd06a033b548e6e99880b9,resources/icons/mdlight/notice-warning.svg,2194,62,78ba77b4409cd3e4cde0549cd9cb22f8d441495c8b585e4e3ed267e2bc576f6d,inventoried
koreader,5ec0242b50ce821e4edd06a033b548e6e99880b9,resources/icons/mdlight/plus.svg,1895,56,f03606ec04c022f2f8103f2938545c4bd3ec6de95690887a5dc45d61581c69fd,inventoried
koreader,5ec0242b50ce821e4edd06a033b548e6e99880b9,resources/icons/mdlight/position.marker.svg,2848,86,1f7a307bd18934ebe7e7e0f72c703b1713bdf58e2ce04b44f670f256506b407a,inventoried
koreader,5ec0242b50ce821e4edd06a033b548e6e99880b9,resources/icons/mdlight/position.marker.top.svg,1950,57,99b68ac731ffe5a8b082ba724b7077300d2929661cb661d18c2caae4207a75c8,inventoried
koreader,5ec0242b50ce821e4edd06a033b548e6e99880b9,resources/icons/mdlight/rotation.0UR.svg,2524,76,a4a222cc11291f1d8c788e28012b1b28f1e0031b652a17155a5bcd423856a4d3,inventoried
koreader,5ec0242b50ce821e4edd06a033b548e6e99880b9,resources/icons/mdlight/rotation.180UD.svg,2565,77,f4a8fb4a82d9e290952bc75751f7354a0cf4a872aa8f3c59ef9a22186808900a,inventoried
koreader,5ec0242b50ce821e4edd06a033b548e6e99880b9,resources/icons/mdlight/rotation.90CCW.svg,3982,97,b62b5b717560c7258cad606da327456526b67b4b0db1c762308a5f830258c2e7,inventoried
koreader,5ec0242b50ce821e4edd06a033b548e6e99880b9,resources/icons/mdlight/rotation.90CW.svg,3910,97,bb62359b78105c168a2f1d0a8d0a0ae48c10f5381a0008412762bcb024994f63,inventoried
koreader,5ec0242b50ce821e4edd06a033b548e6e99880b9,resources/icons/mdlight/rotation.L.0UR.svg,4427,89,83c2a9dbb10827073e3f97e2a9c3d2bd7361f40c99782296b0abd315d5863e4f,inventoried
koreader,5ec0242b50ce821e4edd06a033b548e6e99880b9,resources/icons/mdlight/rotation.L.180UD.svg,4432,89,ba521a741c53346a19c350a4e5a21f25fb6ebd5cff9bc2b5076959369e773f58,inventoried
koreader,5ec0242b50ce821e4edd06a033b548e6e99880b9,resources/icons/mdlight/rotation.L.90CCW.svg,3957,84,3683a54d48a06f640df4773d46a229d525863c6d528af4aadc05c8bff233ff8b,inventoried
koreader,5ec0242b50ce821e4edd06a033b548e6e99880b9,resources/icons/mdlight/rotation.L.90CW.svg,3960,84,e85b3339422c213d0885c6fa005df518477f3682c49b680ee76164d8f95eed64,inventoried
koreader,5ec0242b50ce821e4edd06a033b548e6e99880b9,resources/icons/mdlight/rotation.P.0UR.svg,4358,87,02c369f7f2f2bde213c657fe53e258266901896df38dd0794ae60327f3e4603d,inventoried
koreader,5ec0242b50ce821e4edd06a033b548e6e99880b9,resources/icons/mdlight/rotation.P.180UD.svg,4432,89,775b7e6bb3563495ecd8aab3194689d7ca3b3b7950935affb2fbdfb5e9549bd6,inventoried
koreader,5ec0242b50ce821e4edd06a033b548e6e99880b9,resources/icons/mdlight/rotation.P.90CCW.svg,3934,83,5823290faabfa6b62cf3f0981ab93c0926bc09e822d26c00a3699efdc7b0b8ca,inventoried
koreader,5ec0242b50ce821e4edd06a033b548e6e99880b9,resources/icons/mdlight/rotation.P.90CW.svg,3961,84,4d10549868ee280c545504c75df5b218a6a53cec662de03738a9b754f94c0f55,inventoried
koreader,5ec0242b50ce821e4edd06a033b548e6e99880b9,resources/icons/mdlight/star.empty.svg,1894,50,e0cfa3c5428abe26d45d31831a83e005cd63ae3d88022d10a6224b50b48fc822,inventoried
koreader,5ec0242b50ce821e4edd06a033b548e6e99880b9,resources/icons/mdlight/star.full.svg,1905,50,3766ba0c3cfdf533bb9c01017180ab4ea5e1da1afab96a42491c34df74344ddb,inventoried
koreader,5ec0242b50ce821e4edd06a033b548e6e99880b9,resources/icons/mdlight/star.white.svg,520,8,7e200cff246bb9a24baed0c91d8ecb3cf82c17dcd08bebde9a73e5f3861541bc,inventoried
koreader,5ec0242b50ce821e4edd06a033b548e6e99880b9,resources/icons/mdlight/texture-box.svg,288,0,4fb67e5a5bc80fc27f24c27533fcb18486ffb4504eb044dce2a2df3ab64e4531,inventoried
koreader,5ec0242b50ce821e4edd06a033b548e6e99880b9,resources/icons/mdlight/triangle.svg,1852,51,486818fd6b2476ffad9b5d53c5ebaf2fb3dd3409026fd2bc72cfc2a331cb81d3,inventoried
koreader,5ec0242b50ce821e4edd06a033b548e6e99880b9,resources/icons/mdlight/wifi.open.0.svg,2310,76,4a1d9ea541c8db3efe4248a091cfc4c86c4d0f6b2333416d92f526ee1528e04a,inventoried
koreader,5ec0242b50ce821e4edd06a033b548e6e99880b9,resources/icons/mdlight/wifi.open.100.svg,2312,76,aa15f91c4046a41e0b072ec03b3e5d4a30274a430a2fd5e0675b1a0360387760,inventoried
koreader,5ec0242b50ce821e4edd06a033b548e6e99880b9,resources/icons/mdlight/wifi.open.25.svg,2311,76,20255a98afcb033f50a803a66b0438e326de9b1dc7e1e7751365c770310dba38,inventoried
koreader,5ec0242b50ce821e4edd06a033b548e6e99880b9,resources/icons/mdlight/wifi.open.50.svg,2311,76,bfbbde516cf8f5985d3dae0c5fe360f1a545812d4c2dbc2914c70b9fb3705f9e,inventoried
koreader,5ec0242b50ce821e4edd06a033b548e6e99880b9,resources/icons/mdlight/wifi.open.75.svg,2311,76,7c899d795a65834a7849bd4e08c31645b62cc4d262e6771c8bc20ea2b3fc82f0,inventoried
koreader,5ec0242b50ce821e4edd06a033b548e6e99880b9,resources/icons/mdlight/wifi.secure.0.svg,2800,86,14fbb03c42cf7cd692f3715833faf0f2136bb74398f0ab9c355e9581daa1b034,inventoried
koreader,5ec0242b50ce821e4edd06a033b548e6e99880b9,resources/icons/mdlight/wifi.secure.100.svg,2832,86,ec325c60549c5e2ecda64fca31d5dc5297dabf632c02e4ff9ed34d4637e98351,inventoried
koreader,5ec0242b50ce821e4edd06a033b548e6e99880b9,resources/icons/mdlight/wifi.secure.25.svg,2801,86,7684f43d271c65bce63642955fd1508ab7733470cec2b086f5e42bbdcc688196,inventoried
koreader,5ec0242b50ce821e4edd06a033b548e6e99880b9,resources/icons/mdlight/wifi.secure.50.svg,2793,86,0785ec4c3ed3e136152cb7c868833074ea4551745fbbed2b194622b36d29ae69,inventoried
koreader,5ec0242b50ce821e4edd06a033b548e6e99880b9,resources/icons/mdlight/wifi.secure.75.svg,2812,86,3f758d8a046b51ec8d0e10f48f27567521d2690024ff6de29d55566cb11118d3,inventoried
koreader,5ec0242b50ce821e4edd06a033b548e6e99880b9,resources/icons/mdlight/wifi.svg,2287,76,1e6cae05539cb8996000c3ca9e951651af5677ba9aeaacd4b6e2bc7bd0fbd061,inventoried
koreader,5ec0242b50ce821e4edd06a033b548e6e99880b9,resources/icons/mdlight/zoom.column.svg,3371,80,49d54997fe41bdcb43ee9976ff709c4833ba22e6b2d19af4ba3b50664e387795,inventoried
koreader,5ec0242b50ce821e4edd06a033b548e6e99880b9,resources/icons/mdlight/zoom.content.svg,2911,79,9d38e7b79d803e8a14eb46be6c55d25c42b57c668dbbc7f387c1937d61bdb214,inventoried
koreader,5ec0242b50ce821e4edd06a033b548e6e99880b9,resources/icons/mdlight/zoom.manual.svg,2387,69,e2c19e0b839868b5d30b8b0ca80bef2f2e6e06b888da4205c7763f7ba7b0e88f,inventoried
koreader,5ec0242b50ce821e4edd06a033b548e6e99880b9,resources/icons/mdlight/zoom.page.svg,2906,74,f03ee72c162a7373f8cd09956b6c65f6d24939362d190bdfd2800b77724f1fb9,inventoried
koreader,5ec0242b50ce821e4edd06a033b548e6e99880b9,resources/icons/mdlight/zoom.row.svg,3239,81,f825539fc07c0e2dc1d4ce6a48541cf337c419b2d7e19f6e2b26f1ee44ba4e91,inventoried
koreader,5ec0242b50ce821e4edd06a033b548e6e99880b9,resources/icons/src/appbar.align.center.xaml,1500,9,e2ab4bee9306006574240a7b362e22ff228c9f1fe88326b086d8053fc2f322e3,inventoried
koreader,5ec0242b50ce821e4edd06a033b548e6e99880b9,resources/icons/src/appbar.align.justify.xaml,1585,9,6b017e7e2b093178e7c6acf1fecd7d67a1a37ea12467f0de49f83a097c436afb,inventoried
koreader,5ec0242b50ce821e4edd06a033b548e6e99880b9,resources/icons/src/appbar.align.left.xaml,1489,9,4cef7931b3afa3d9cf1b804fc16b27e0f3f4a376bb9cefe450b4a80a758ed44c,inventoried
koreader,5ec0242b50ce821e4edd06a033b548e6e99880b9,resources/icons/src/appbar.align.right.xaml,1485,9,1b5c82c012b589153c33ce6d9956475c05189febe8523a165a7290ebd1121036,inventoried
koreader,5ec0242b50ce821e4edd06a033b548e6e99880b9,resources/icons/src/appbar.arrow.enter.svg,1916,53,eb7a502e6a18b1302051fdb1d2af2305180bf941978e710355429949d160cf85,inventoried
koreader,5ec0242b50ce821e4edd06a033b548e6e99880b9,resources/icons/src/appbar.arrow.left.svg,558,5,129d3b7d2b092ea56d12945cf01cc8646ff31d5557e4c6b496670fd6df334178,inventoried
koreader,5ec0242b50ce821e4edd06a033b548e6e99880b9,resources/icons/src/appbar.arrow.left.up.svg,1993,51,53b4321a7799e5c8870fd6b6d0513c65970713086634818a8538cd552c267d96,inventoried
koreader,5ec0242b50ce821e4edd06a033b548e6e99880b9,resources/icons/src/appbar.arrow.shift.svg,2080,56,6bc133ec76a6f8aca78afa03d97a202176943f96b75a450fc2c7f9c2b48c3e86,inventoried
koreader,5ec0242b50ce821e4edd06a033b548e6e99880b9,resources/icons/src/appbar.book.open.xaml,841,4,7275f500919d3d2222ce966f112e78dfcda7b9d23c34d518aef84b851f626279,inventoried
koreader,5ec0242b50ce821e4edd06a033b548e6e99880b9,resources/icons/src/appbar.cabinet.files.svg,2210,44,23284eaee592f5ca656b5e6ccc3cf6d652531bed550129402f19cbedc41c7111,inventoried
koreader,5ec0242b50ce821e4edd06a033b548e6e99880b9,resources/icons/src/appbar.checkmark.thick.unchecked.xaml,497,4,df47e3c04940ef873f4f8045818becd0b01035c11a139493993573d37898956b,inventoried
koreader,5ec0242b50ce821e4edd06a033b548e6e99880b9,resources/icons/src/appbar.checkmark.thick.xaml,618,4,55b1d95d0309f8f140aaebaba6ec36d943f58beec5685fe2f1caa5245bdb89ae,inventoried
koreader,5ec0242b50ce821e4edd06a033b548e6e99880b9,resources/icons/src/appbar.chevron.left.svg,620,5,e0c8d1fdbf586217fd573c6f1742ca4113af308ef242e31b7d4638ad906bed80,inventoried
koreader,5ec0242b50ce821e4edd06a033b548e6e99880b9,resources/icons/src/appbar.chevron.left.xaml,554,4,f5f09d14d1df0ff822614ade92bfa9ebe7786631f44af23d07081d6575b65dcd,inventoried
koreader,5ec0242b50ce821e4edd06a033b548e6e99880b9,resources/icons/src/appbar.chevron.right.xaml,555,4,b09baa6e2bb56c5990d3a13a8ad704b0e120c9bcc99cec330465a1d74f88b71e,inventoried
koreader,5ec0242b50ce821e4edd06a033b548e6e99880b9,resources/icons/src/appbar.chevron.up.svg,618,5,9f0ebec874f08ff8a30ea76e7de6b158941a34108d56e0e495e9db96446e9a01,inventoried
koreader,5ec0242b50ce821e4edd06a033b548e6e99880b9,resources/icons/src/appbar.column.one.xaml,649,4,3aafbd9b4ad944297301d2916a43633b03d1b9abbff8147dbb80c311048affb3,inventoried
koreader,5ec0242b50ce821e4edd06a033b548e6e99880b9,resources/icons/src/appbar.column.three.xaml,1272,4,d5d939a5cf12ccb2ebe700269694b65bd07a977911a0bd1f8adbe191dc16ee56,inventoried
koreader,5ec0242b50ce821e4edd06a033b548e6e99880b9,resources/icons/src/appbar.column.two.xaml,862,4,7c52423f5e1697418f54cf4c22314bcb267bb0d46c09e2a5c855954031563f53,inventoried
koreader,5ec0242b50ce821e4edd06a033b548e6e99880b9,resources/icons/src/appbar.control.collapse.svg,1847,48,caf1bc067fc499c02cc92915dcd1ee42e8cc207c211ef5aa93185c697a961794,inventoried
koreader,5ec0242b50ce821e4edd06a033b548e6e99880b9,resources/icons/src/appbar.control.expand.svg,1834,48,a6d5215e099bb8c3c08d4a8366a812a384efac38d89dafde85eb9260c779191e,inventoried
koreader,5ec0242b50ce821e4edd06a033b548e6e99880b9,resources/icons/src/appbar.crop.xaml,677,4,8244235406da4f049b4d853b9c0a98abb336abb7b2c3f2222fb92af2c7261c7a,inventoried
koreader,5ec0242b50ce821e4edd06a033b548e6e99880b9,resources/icons/src/appbar.globe.wire.xaml,2804,4,f2730271614d7e068a547bd45ac133a6cb2bda848ea7586c89a351021f8aac0d,inventoried
koreader,5ec0242b50ce821e4edd06a033b548e6e99880b9,resources/icons/src/appbar.grade.b.xaml,1321,4,b3afbbd7528e276677140305d63575f676beda63f1ba7853e2dfa1c518b9262e,inventoried
koreader,5ec0242b50ce821e4edd06a033b548e6e99880b9,resources/icons/src/appbar.home.svg,2206,47,58d255e3832012cb1a4dcbe5d7b71ba48feb271984ee7781883a9f02bdc043ee,inventoried
koreader,5ec0242b50ce821e4edd06a033b548e6e99880b9,resources/icons/src/appbar.magnify.browse.svg,1359,6,b95f4fe94ddcac70a5469d156a740e5d7ec901ac9e8d348049b215f7aafcec67,inventoried
koreader,5ec0242b50ce821e4edd06a033b548e6e99880b9,resources/icons/src/appbar.magnify.zoom.svg,2396,53,2a0a09737b4f074dbb2df1f728939a9fd6fe45a712596e4b35626561e7b94bda,inventoried
koreader,5ec0242b50ce821e4edd06a033b548e6e99880b9,resources/icons/src/appbar.page.corner.bookmark.svg,983,5,c87714e68dec0f1266771b8dfb2bbbbb5e9aa6cf9cb87b0481f660af186a39c9,inventoried
koreader,5ec0242b50ce821e4edd06a033b548e6e99880b9,resources/icons/src/appbar.page.fit.svg,5264,76,8eba2e144198b9d6ed31194afbb2793f95664eae34eeac04c7b60e19ec409671,inventoried
koreader,5ec0242b50ce821e4edd06a033b548e6e99880b9,resources/icons/src/appbar.page.text.svg,835,5,2e121eeed0971ee8a9b6dc04fbb6d5fbd7814c90ffdd3a50565c14002da60b9a,inventoried
koreader,5ec0242b50ce821e4edd06a033b548e6e99880b9,resources/icons/src/appbar.pokeball.svg,1400,5,f48733843df27facbadb4238c936e7302f1e787d7d4ec784f1b0e5f97467535b,inventoried
koreader,5ec0242b50ce821e4edd06a033b548e6e99880b9,resources/icons/src/appbar.settings.svg,1514,5,f5582c969f0e857e1fec12e9dabf8172926669ce85acb63c8bc3076b36c4b533,inventoried
koreader,5ec0242b50ce821e4edd06a033b548e6e99880b9,resources/icons/src/appbar.settings.xaml,1308,5,b38edda3290681b0f8427297a0d27ff46e6e8943d13b2e567e8e6ccefc78bf43,inventoried
koreader,5ec0242b50ce821e4edd06a033b548e6e99880b9,resources/icons/src/appbar.text.size.xaml,991,4,19796762bce5da7765e95097f9c97875289bee86b662931bff9fd20db34409ed,inventoried
koreader,5ec0242b50ce821e4edd06a033b548e6e99880b9,resources/icons/src/appbar.transform.rotate.right.xaml,924,4,3dc25cad77b3c89ccb4e97aae6b3f5d470e7380869ce1be620e56ed83ab7ad3e,inventoried
koreader,5ec0242b50ce821e4edd06a033b548e6e99880b9,resources/icons/src/direction.LRBT.svg,5330,83,27aa2e3222ba173b2153dfecfce8856d7fcae10a9dc9ab92f1109e0f53851454,inventoried
koreader,5ec0242b50ce821e4edd06a033b548e6e99880b9,resources/icons/src/license.txt,1435,43,01cf7d72d0a6855a61f9201eea47c637de5acc6744a863a4947e1517cea3ca9d,inventoried
koreader,5ec0242b50ce821e4edd06a033b548e6e99880b9,resources/icons/src/menu-icon-license.txt,117,3,bd550b1e172e68943bba07b3edb6141cd429e136d10a8e410e5272ee5b852321,inventoried
koreader,5ec0242b50ce821e4edd06a033b548e6e99880b9,resources/icons/src/menu-icon.svg,4870,136,0838e9bd43e4835a5f07f98e96228c5905ddba0298da488e5926fa2cb66ac64b,inventoried
koreader,5ec0242b50ce821e4edd06a033b548e6e99880b9,resources/icons/src/status.star.empty.svg,660,5,f1e4e29c7e2be91447c68d880010035061c92ce3a8592501f963792a401b0675,inventoried
koreader,5ec0242b50ce821e4edd06a033b548e6e99880b9,resources/icons/src/status.star.svg,658,5,d42eceb277fe580e1641b19076df12e05797b7cd1950f87a3b98f004a3b17e1e,inventoried
koreader,5ec0242b50ce821e4edd06a033b548e6e99880b9,resources/icons/src/zoom.content.svg,12298,324,eabad31e970bab6c0efbcded9d1b30f59f32d1f67342b3c32e4c0350bec3b4dd,inventoried
koreader,5ec0242b50ce821e4edd06a033b548e6e99880b9,resources/icons/src/zoom.direction.column.svg,8085,266,4e5f3f9cf3d2f1bdf01669073d0502243a66fb4c6a3b4bf850ce974bf2941de5,inventoried
koreader,5ec0242b50ce821e4edd06a033b548e6e99880b9,resources/icons/src/zoom.direction.row.svg,8067,266,5e518fa3bb8a6d87c8bd7dca572916c40555d38ae110bce31bf6d4685628c3a6,inventoried
koreader,5ec0242b50ce821e4edd06a033b548e6e99880b9,resources/icons/src/zoom.manual.svg,8547,178,f7ee4a00b8606375b6eaa8f03c99f34b0d3b66956f6b2a6f8f0dd6fc7cc5dc13,inventoried
koreader,5ec0242b50ce821e4edd06a033b548e6e99880b9,resources/icons/src/zoom.page.svg,19328,319,9698d756a0d41c9cf50c849f5bc1513f43cb0e623bd1000695f993b2ad4fd4cf,inventoried
koreader,5ec0242b50ce821e4edd06a033b548e6e99880b9,resources/koreader.png,10760,,f73a6538c2a9e7722a0b1f87bae805805e7af7c4c44dc0dbad1f1f08d4af9fe0,inventoried
koreader,5ec0242b50ce821e4edd06a033b548e6e99880b9,resources/koreader.svg,4086,66,b285123a86736a5c317de1e9362c6a84fcebd7075c1f947586541d81f99ef29d,inventoried
koreader,5ec0242b50ce821e4edd06a033b548e6e99880b9,resources/quickstart/defaultsetting1.png,2979,,82618e9e2e2af4dc3cd68bc0bdc01423e96955aa68c95675d3026ded9536ee7d,inventoried
koreader,5ec0242b50ce821e4edd06a033b548e6e99880b9,resources/quickstart/defaultsetting2.png,2184,,3a091e6cc2e10bc9614ce4d2fac834fb8cdd70d0b19b8237bfb5ff508b1bb105,inventoried
koreader,5ec0242b50ce821e4edd06a033b548e6e99880b9,resources/quickstart/kindle3.png,82960,,8e1de68b309429501e87041502e0f71d10ffad935685c4faa1eee607bff515de,inventoried
koreader,5ec0242b50ce821e4edd06a033b548e6e99880b9,resources/quickstart/kindle4.png,17786,,2132f2f83ab192bc8af518d0acc7dd1b6371a6641b162fba9575630204540a06,inventoried
koreader,5ec0242b50ce821e4edd06a033b548e6e99880b9,resources/quickstart/numberpicker.png,9354,,f77df6727e5c080571f7b526fe9b01835610e9563761ef7164a25c1cacd4b24a,inventoried
koreader,5ec0242b50ce821e4edd06a033b548e6e99880b9,resources/quickstart/touchzones.png,40945,,45a05274b2158df5b8431a1d7a50547de05641a2bf813da02944964b02142103,inventoried
koreader,5ec0242b50ce821e4edd06a033b548e6e99880b9,setupkoenv.lua,299,9,8e0abd2e33734bd61a7593a19f042349eae045d30975a9c0bbf40e0f426e0da9,inventoried
koreader,5ec0242b50ce821e4edd06a033b548e6e99880b9,spec/unit/autosuspend_spec.lua,4865,120,2d984c380102cb3ac2709115d26e22e0e77f496c7af3960100f908d6b275144f,inventoried
koreader,5ec0242b50ce821e4edd06a033b548e6e99880b9,spec/unit/batterystat_spec.lua,7241,191,d9977eab73af4bf1c8c6673a5a5660656b1126c14bad8367f8763efebe028d62,inventoried
koreader,5ec0242b50ce821e4edd06a033b548e6e99880b9,spec/unit/cache_spec.lua,1617,53,04af3a7612536cbd926e97c7ddb970cba0430172250205dc85e084187751ab6f,inventoried
koreader,5ec0242b50ce821e4edd06a033b548e6e99880b9,spec/unit/cachesqlite_spec.lua,3043,96,c4d91be5152e43bef929940a0bb407c749866d6864853fa81c54a82044db51c1,inventoried
koreader,5ec0242b50ce821e4edd06a033b548e6e99880b9,spec/unit/commonrequire.lua,2744,89,935aeeded8e18f2aa7e7adda75d1f3014d364086d4a966f8da285e21431ec2e2,inventoried
koreader,5ec0242b50ce821e4edd06a033b548e6e99880b9,spec/unit/datetime_spec.lua,11305,228,2122e22ac91cdbb79da108855f108b6c980732157135447b61406f26006919f6,inventoried
koreader,5ec0242b50ce821e4edd06a033b548e6e99880b9,spec/unit/dbg_spec.lua,2254,85,8f7cdf7e92944557e1e08c1d12e05b6d26c9f0485fa3f26ed0b0ebcccd3e4039,inventoried
koreader,5ec0242b50ce821e4edd06a033b548e6e99880b9,spec/unit/defaults_spec.lua,1907,49,71794f8cbd61a66c0b4d6aceb8cfbf1d5be695a58cacd9ec8259c891d84ba9b8,inventoried
koreader,5ec0242b50ce821e4edd06a033b548e6e99880b9,spec/unit/depgraph_spec.lua,7991,228,b105938856777744c4716926940e689074ad8c884bac552195e0526ec10506ed,inventoried
koreader,5ec0242b50ce821e4edd06a033b548e6e99880b9,spec/unit/device_spec.lua,18961,504,69fd1ad6e5810e55314c0e5dd35eb894a49b8ad7c60d111014025c2d6524d052,inventoried
koreader,5ec0242b50ce821e4edd06a033b548e6e99880b9,spec/unit/dispatcher_spec.lua,1295,36,013eaee75fc8c761287400ddabe006f08a1aecebe2ed51d71edced8fbc041004,inventoried
koreader,5ec0242b50ce821e4edd06a033b548e6e99880b9,spec/unit/djvudocument_spec.lua,2476,78,06830c7f35295b98449160b34a09a4b60f8e6f532345764a79dc353c7f9175e2,inventoried
koreader,5ec0242b50ce821e4edd06a033b548e6e99880b9,spec/unit/docsettings_spec.lua,12282,249,cd9a709c6c8064904e6852357aabd80cb89095f07cd7e964596b9f84150f1245,inventoried
koreader,5ec0242b50ce821e4edd06a033b548e6e99880b9,spec/unit/document_registry_spec.lua,2568,73,a4c98e44f4279741d795d4aa9d12bf432d0ccfc462049450a1af50b720e573a7,inventoried
koreader,5ec0242b50ce821e4edd06a033b548e6e99880b9,spec/unit/document_spec.lua,2693,82,ae2693ad6c345a09312c9fae2cd261bdb3b5d2de7c1d537f87f3f88e0f47f5a7,inventoried
koreader,5ec0242b50ce821e4edd06a033b548e6e99880b9,spec/unit/eink_optimization_spec.lua,302,10,570898118e1dda17546e2420f0fb560af0e6f6b06f3f09bb946182cee9af11f2,inventoried
koreader,5ec0242b50ce821e4edd06a033b548e6e99880b9,spec/unit/exporter_plugin_main_spec.lua,4208,115,5d8dd8f76bcc84dc5665f24dc63b5d178ec52bf8da0e374e9703a0e5ad9442f6,inventoried
koreader,5ec0242b50ce821e4edd06a033b548e6e99880b9,spec/unit/filemanager_spec.lua,4233,110,48c45435e89a258aba905c5212a6745691a7933153d5d5418042c817201a6087,inventoried
koreader,5ec0242b50ce821e4edd06a033b548e6e99880b9,spec/unit/filemanagerconverter_spec.lua,2252,50,f17ddf46f2df50d3ce25305b0dac330b00a5fe8736a01590e3a20bcdec1fd680,inventoried
koreader,5ec0242b50ce821e4edd06a033b548e6e99880b9,spec/unit/focusmanager_spec.lua,10948,280,f9bf075f086f8f25a82ae1346d3b053016111931393c9f91c13c4cddc26aa66d,inventoried
koreader,5ec0242b50ce821e4edd06a033b548e6e99880b9,spec/unit/font_spec.lua,463,16,c9c66a7ef0205a4f733851012d8d96694685a61500558d0161038ef27b212bd6,inventoried
koreader,5ec0242b50ce821e4edd06a033b548e6e99880b9,spec/unit/frontlight_spec.lua,8152,209,7f711e4e69b9f66a5be4a05362289b5aef5a6316be4857eba0021d819c636757,inventoried
koreader,5ec0242b50ce821e4edd06a033b548e6e99880b9,spec/unit/gesturedetector_spec.lua,5322,125,305be2ca0153f8a8963b27ea58c355d23864d202de65c75f531442e3a14ba90b,inventoried
koreader,5ec0242b50ce821e4edd06a033b548e6e99880b9,spec/unit/gesturerange_spec.lua,1207,41,1e1c2ff4e502571db47731f02c369634bd1d7a669f45193386f8f9b8f4494c9c,inventoried
koreader,5ec0242b50ce821e4edd06a033b548e6e99880b9,spec/unit/gettext_spec.lua,17228,372,02f2d55383a4b6648ba5177d1ac7a61cd1b42647887643c8ec57be6391741800,inventoried
koreader,5ec0242b50ce821e4edd06a033b548e6e99880b9,spec/unit/hook_container_spec.lua,2931,72,0737272d099eb66f1f6be8e958480e4f13f099ba748df2d022bfcf63accee850,inventoried
koreader,5ec0242b50ce821e4edd06a033b548e6e99880b9,spec/unit/httpclient_spec.lua,1229,41,c9ec3e55a524d42a38df9b362e5db4d7c1f6c6da2bcb112828addf8a4e11a85d,inventoried
koreader,5ec0242b50ce821e4edd06a033b548e6e99880b9,spec/unit/imagewidget_spec.lua,915,29,9edaee3f3ca53df9249e6d6b17fd22d71cd4e95b3935e27685974545f8e28a84,inventoried
koreader,5ec0242b50ce821e4edd06a033b548e6e99880b9,spec/unit/input_spec.lua,9843,258,a00911883904e3e2d44898b673f1c556e20727cd393e5966d4adfbed58b30127,inventoried
koreader,5ec0242b50ce821e4edd06a033b548e6e99880b9,spec/unit/inputtext_spec.lua,940,27,77c9f9678e62339a5fa08298ad1038717c5d4e945386dc29c8e388da5a0b326f,inventoried
koreader,5ec0242b50ce821e4edd06a033b548e6e99880b9,spec/unit/key_spec.lua,469,18,9d26a7d667c89f91192b33e9d0a293522a7c7dee6241a821286beed4f00e44c0,inventoried
koreader,5ec0242b50ce821e4edd06a033b548e6e99880b9,spec/unit/koptinterface_spec.lua,5912,172,59e05b0a7fd0875da999ebd051caeb7bf606da6f7c028ade8950578f589c444b,inventoried
koreader,5ec0242b50ce821e4edd06a033b548e6e99880b9,spec/unit/kosync_queue_spec.lua,5501,164,17aa91bf42c5bf39b02e48d161e3fc71eeaac02cea4a34f1342874c1ff57d39f,inventoried
koreader,5ec0242b50ce821e4edd06a033b548e6e99880b9,spec/unit/kosync_spec.lua,7110,227,8f7b15f3ef3265a67ad601b59644fe313c5a10e1b45e0e6b3a06e2a505adbf28,inventoried
koreader,5ec0242b50ce821e4edd06a033b548e6e99880b9,spec/unit/luadata_spec.lua,5642,153,6d328d3bbe904e24834c36985cdd3bdada8f90098fd702ea2486a011c3e3aecb,inventoried
koreader,5ec0242b50ce821e4edd06a033b548e6e99880b9,spec/unit/luasettings_spec.lua,3005,92,85cf756166ddb9e29d80ae7add0051920baa85dc946001503c7677d2edef0fbf,inventoried
koreader,5ec0242b50ce821e4edd06a033b548e6e99880b9,spec/unit/menu_table_screen_color_spec.lua,792,20,d19ecf30dbd01aa39de091659ed0fee0df8b888a5bb6de57c5b04d8037440e2a,inventoried
koreader,5ec0242b50ce821e4edd06a033b548e6e99880b9,spec/unit/menusorter_spec.lua,9474,274,0fe15b4d38117488a536914c98a65035711f3ddc04bf7d58903c4865e6952b66,inventoried
koreader,5ec0242b50ce821e4edd06a033b548e6e99880b9,spec/unit/mock_time.lua,11171,314,f65955d58099066cba000fe91e72bb93e44343ef518dd68486a9dc5fbb912001,inventoried
koreader,5ec0242b50ce821e4edd06a033b548e6e99880b9,spec/unit/mock_time_spec.lua,1793,51,b6a14b3ce2f9fbf2573de1fc9c16c6379363eb24d3f5ffa9f944a18738b6e622,inventoried
koreader,5ec0242b50ce821e4edd06a033b548e6e99880b9,spec/unit/network_manager_spec.lua,5599,150,ad27a78db45eb4ac519bf41ef08b99f40d0d438a5aa7b49592e50e61eb17a24b,inventoried
koreader,5ec0242b50ce821e4edd06a033b548e6e99880b9,spec/unit/networksetting_spec.lua,3079,98,4f880dfdf9c83b91680491a7580d7ff2d8567626392afc1446407653f5873002,inventoried
koreader,5ec0242b50ce821e4edd06a033b548e6e99880b9,spec/unit/newsdownloader_spec.lua,14398,381,e60ebc64444a9ba0411763e0bcafa30407ff3cefd68b457f697a95b31737d440,inventoried
koreader,5ec0242b50ce821e4edd06a033b548e6e99880b9,spec/unit/newsdownloader_url_normalization_spec.lua,3679,94,bd788b89728dc9251f5221b2d15e13f756f40bf9cff038ba0d751a1e299095f3,inventoried
koreader,5ec0242b50ce821e4edd06a033b548e6e99880b9,spec/unit/nickel_conf_spec.lua,5774,242,09c076133193cc411645c8bfc5b44d89a23e4a698aec1f0cf4d939d0ec03feb6,inventoried
koreader,5ec0242b50ce821e4edd06a033b548e6e99880b9,spec/unit/opds_spec.lua,37169,604,7cde72a23520750c4962d92ea19fb3511915c81c6ec5809e3d906ed11fed130b,inventoried
koreader,5ec0242b50ce821e4edd06a033b548e6e99880b9,spec/unit/optmath_spec.lua,2951,73,357016d88f077192d6bcfaef2a2cd3eb65aa5a5cebc582dadc71a2a0478744b0,inventoried
koreader,5ec0242b50ce821e4edd06a033b548e6e99880b9,spec/unit/pdf_bench.lua,1369,45,ad1fdcaedb447cbbb009e99cc261ea72c895ed7f135c8da12f837bbd9451c7fc,inventoried
koreader,5ec0242b50ce821e4edd06a033b548e6e99880b9,spec/unit/persist_spec.lua,4755,127,e177bd2ddbdc55984f1b43e6a420808e18351460f3c4b4967ac2681623ecfbeb,inventoried
koreader,5ec0242b50ce821e4edd06a033b548e6e99880b9,spec/unit/pluginloader_spec.lua,5883,184,d56522cd4a8a0161f79f915926aa65529767336716d6fe58384c4111d91b4c1b,inventoried
koreader,5ec0242b50ce821e4edd06a033b548e6e99880b9,spec/unit/provider_spec.lua,1677,41,3296afa41e15431fe9cbb69b55df649762d4473a624a8b596b005efd6033e945,inventoried
koreader,5ec0242b50ce821e4edd06a033b548e6e99880b9,spec/unit/quickstart_spec.lua,1737,36,e1c35eff2815a2fce3c7750c3869a3f97e3dff400e5d1b9479aa15a70de50e25,inventoried
koreader,5ec0242b50ce821e4edd06a033b548e6e99880b9,spec/unit/random_spec.lua,1029,33,547a675ee0e58aebb0b5d07bfad99666ed63f3000b0b2ff677776dc354f68868,inventoried
koreader,5ec0242b50ce821e4edd06a033b548e6e99880b9,spec/unit/readerbookmark_spec.lua,8143,187,fbf87c40f2af64b7c526b5ecc5feee143206936f6da6e0652ab826424f8691d3,inventoried
koreader,5ec0242b50ce821e4edd06a033b548e6e99880b9,spec/unit/readerdictionary_spec.lua,2258,62,c5f28bc5fc8ad7f27972722b2b5f23a046323ace7ae9c1849e90b101363f14af,inventoried
koreader,5ec0242b50ce821e4edd06a033b548e6e99880b9,spec/unit/readerfooter_spec.lua,26509,694,b59a3ebcc8a84be6804210319d5d7e8ecbda10f503e5284e67a4d560bf4a5742,inventoried
koreader,5ec0242b50ce821e4edd06a033b548e6e99880b9,spec/unit/readerhighlight_spec.lua,15458,326,8ae7f9e5def0f58f716f170a7fe2c6eadf2cb18572cacff02cdc135994e5ce23,inventoried
koreader,5ec0242b50ce821e4edd06a033b548e6e99880b9,spec/unit/readerlink_spec.lua,7173,187,ee0dc073f59dccaac59066046fd3b985c07333ff60bab1dd5f68a057f1e7f00b,inventoried
koreader,5ec0242b50ce821e4edd06a033b548e6e99880b9,spec/unit/readerpaging_spec.lua,3402,102,6075e386b9958a96bec6eafd562505a7b818b511aa4ca1ca5bf74b082fbc66a7,inventoried
koreader,5ec0242b50ce821e4edd06a033b548e6e99880b9,spec/unit/readerrolling_spec.lua,9480,236,bbb57c78b603feaafc676133e913910a4dfac90bc1cf41caaf66238569df2897,inventoried
koreader,5ec0242b50ce821e4edd06a033b548e6e99880b9,spec/unit/readersearch_spec.lua,9330,224,e83941723229750b18f3aa11c343f098bc9c625cf5cd77f1f2e9c19099b4ef85,inventoried
koreader,5ec0242b50ce821e4edd06a033b548e6e99880b9,spec/unit/readertoc_spec.lua,4963,124,7a3adf2e8ec6f7d636f5ac3887e51b72ae64419adf613c1a3fb7a0a7b422d8ae,inventoried
koreader,5ec0242b50ce821e4edd06a033b548e6e99880b9,spec/unit/readerui_spec.lua,2563,61,3cb91c4fb3c5205972bc508cf85b578015a4f99bf2e7e7b83cbaaa5b70385cca,inventoried
koreader,5ec0242b50ce821e4edd06a033b548e6e99880b9,spec/unit/readerview_spec.lua,5713,165,5b283cddae6f3460f1d0b37623401ef0dded399e047110e70e2ff14af1620d86,inventoried
koreader,5ec0242b50ce821e4edd06a033b548e6e99880b9,spec/unit/readhistory_spec.lua,11175,368,ff727415a78b0242f41aa023463e641bdeb874cfa3f28c72862f03f5270e2ecd,inventoried
koreader,5ec0242b50ce821e4edd06a033b548e6e99880b9,spec/unit/screenshoter_spec.lua,1785,48,dbe2b4f7ba46d39cb1c43bca7abf0156d9171ac59ffd0d90aca71320d4dfc969,inventoried
koreader,5ec0242b50ce821e4edd06a033b548e6e99880b9,spec/unit/size_spec.lua,1291,31,362e44b0deb09903dd1528ca92fbabd1aeecafc74941a093fd9ad10ec3ac0352,inventoried
koreader,5ec0242b50ce821e4edd06a033b548e6e99880b9,spec/unit/spore_spec.lua,3877,124,e36d1f1111b8714d7a38efa830e69bf62eb632d82a302f30103673e465797359,inventoried
koreader,5ec0242b50ce821e4edd06a033b548e6e99880b9,spec/unit/switch_plugin_spec.lua,5658,165,414c5c485d9828a11f7debdada0d2906be91155e3318c9af2e5f970d7d6670b7,inventoried
koreader,5ec0242b50ce821e4edd06a033b548e6e99880b9,spec/unit/taskqueue_bench.lua,2563,77,4a3ca77705490797aff0c221145d3e49f9c6e1f016c959b9155cb4fa41e5efbb,inventoried
koreader,5ec0242b50ce821e4edd06a033b548e6e99880b9,spec/unit/textboxwidget_spec.lua,5127,157,8dadc5eaa60d43971be2659779b87c1a66790dbb3e8b0ccf2e5f800cfeabaefe,inventoried
koreader,5ec0242b50ce821e4edd06a033b548e6e99880b9,spec/unit/time_spec.lua,4689,135,48483a7d219903d5a396a566b07fcc5984cc2f24a287645ea7fd2c0414fd808c,inventoried
koreader,5ec0242b50ce821e4edd06a033b548e6e99880b9,spec/unit/toggleswitch_spec.lua,730,26,f3edecc7c2514967b0a5033624e5661871ad59a9cc41dff7e58c51506295ab87,inventoried
koreader,5ec0242b50ce821e4edd06a033b548e6e99880b9,spec/unit/touch_probe_spec.lua,2044,63,85675e99794dbd556681d81eadc1f398c37f8d2e1ce9e54122644e3d6eba7953,inventoried
koreader,5ec0242b50ce821e4edd06a033b548e6e99880b9,spec/unit/translator_spec.lua,3280,62,d53da207df31e6f15e0f1b8db37c6fbe73517a142fdc3226c916e4c58d3a2fcb,inventoried
koreader,5ec0242b50ce821e4edd06a033b548e6e99880b9,spec/unit/uimanager_bench.lua,4992,161,5ed3929e767dab13d350a0b79355bc2cab50ccfec99dfc7d303efd6e8a13df11,inventoried
koreader,5ec0242b50ce821e4edd06a033b548e6e99880b9,spec/unit/uimanager_spec.lua,17202,477,d08ebbadfbcf62255177f50d1e84fdcebc0d09cc1e20ea484490beed016e0690,inventoried
koreader,5ec0242b50ce821e4edd06a033b548e6e99880b9,spec/unit/util_spec.lua,23228,499,a705f277c65b4d8edd33ee8442ea98365efa25e2de5034e8ffde870e8fcb5917,inventoried
koreader,5ec0242b50ce821e4edd06a033b548e6e99880b9,spec/unit/version_spec.lua,3485,76,261b6f45c04c17f0664d293817b57e45e080c9dd70c3d238c7d3fc919215f26d,inventoried
koreader,5ec0242b50ce821e4edd06a033b548e6e99880b9,spec/unit/wakeupmgr_spec.lua,2396,55,98927b4eccf45d0e88ecef55aef8356d69b10a2d79281a4aed457cc30033dd7f,inventoried
koreader,5ec0242b50ce821e4edd06a033b548e6e99880b9,spec/unit/widget_inputcontainer_spec.lua,5927,155,235cd885cc75029a36131d5f5d00d01d51d97901bef4f8d289b2ae4ade57bc61,inventoried
koreader,5ec0242b50ce821e4edd06a033b548e6e99880b9,spec/unit/widget_menu_spec.lua,1176,38,a55de5da01cb3fd35c61522aad8462e84fbfbec1547067298e7065af20e272e2,inventoried
koreader,5ec0242b50ce821e4edd06a033b548e6e99880b9,spec/unit/widget_progresswidget_spec.lua,560,18,b8c26ee4dfa51e23291b9f6b2f896d19877fdbfa7f55644d843c07a81e0af9b0,inventoried
koreader,5ec0242b50ce821e4edd06a033b548e6e99880b9,spec/unit/wikipedia_spec.lua,512,14,7e99b1628cc38d40180d33ce542d2180faaf7cc0dd3fe5f119f1c21129e15121,inventoried
koreader,5ec0242b50ce821e4edd06a033b548e6e99880b9,tools/bench/djvu_getpagetextboxes_bench.lua,3811,129,78b1cdf256770adf144474cc4b8060f1702ef23ee77874d44b483657b9620ab7,inventoried
koreader,5ec0242b50ce821e4edd06a033b548e6e99880b9,tools/benchmark.lua,1613,55,780606915d342e8de09f99fd3e1f59a3239bb83150f76fa34e912cee5bc50398,inventoried
koreader,5ec0242b50ce821e4edd06a033b548e6e99880b9,tools/eink_cmap.gif,377,,d9eae9e2d3692a2ba88aa9d4bde75b2ccecb5a0dfce0c1094e63a2e9a359cb03,inventoried
koreader,5ec0242b50ce821e4edd06a033b548e6e99880b9,tools/expand-bump-prs.sh,3888,152,bbc8b2d71d69536ab3d575702d3a3e7f5323fbffb6b1efaae88ed67503b40b8d,inventoried
koreader,5ec0242b50ce821e4edd06a033b548e6e99880b9,tools/graph_memory.sh,1594,67,237f78543e2ea0d6b5c93ea25a01aea8c252bc4590bbeadfe0950dd0a9716ab0,inventoried
koreader,5ec0242b50ce821e4edd06a033b548e6e99880b9,tools/ja_keyboard_generate.py,12272,321,f1fc6531ea165e5ae397f5b2f0bdb8681a969f55083cb317db6dc3a9c6125018,inventoried
koreader,5ec0242b50ce821e4edd06a033b548e6e99880b9,tools/kobo-touch-probe.png,2331,,10745349960b4b467dda4132ef298c3b4d61b68c4018a51002805fdccb712721,inventoried
koreader,5ec0242b50ce821e4edd06a033b548e6e99880b9,tools/kobo_touch_probe.lua,4209,125,ebc4ac86c03c5f2b2bb7306432e7cc9a5d1a292c3ea6b9c59fe5e26b85ed0987,inventoried
koreader,5ec0242b50ce821e4edd06a033b548e6e99880b9,tools/logcat.py,13139,347,a1f805019ff5593a2d7efbcb2f4061e046a846fa56a0b38a9432080541f5cffb,inventoried
koreader,5ec0242b50ce821e4edd06a033b548e6e99880b9,tools/merge_luacov_stats.lua,591,24,0919b45817d66c6f0fecbc68d80ae2cdf91a3d0f256a30fc0e955594c669985d,inventoried
koreader,5ec0242b50ce821e4edd06a033b548e6e99880b9,tools/mkrelease.sh,10130,357,eaf3cecc23be6d4cdcca2da99dddb2e4316933598b15731cbd3d25779986cbfe,inventoried
koreader,5ec0242b50ce821e4edd06a033b548e6e99880b9,tools/shell.nix,573,38,0a81d28a008542a9906553494da6991c879ef96ffc1e18d9f3f20c7bc396927c,inventoried
koreader,5ec0242b50ce821e4edd06a033b548e6e99880b9,tools/trace_require.lua,1538,47,959357c83f9af81e074be1f23e280a01b2bc6bca87d48648e00363d96edbb15b,inventoried
koreader,5ec0242b50ce821e4edd06a033b548e6e99880b9,tools/update-metadata.lua,12739,375,ec6260ca8c55114583faa2d39d1aa1892b7b3ba53a121ae4d9392a6e87f11ede,inventoried
koreader,5ec0242b50ce821e4edd06a033b548e6e99880b9,tools/valgrind_amd.supp,433,36,ca9572a35124d244bdb42b56570fae1a2e7ecb519dc27d42df55e2720e0b68cd,inventoried
koreader,5ec0242b50ce821e4edd06a033b548e6e99880b9,tools/wbuilder.lua,14901,462,574e6d778140ee71dfe0a538e1c46ae3b54c0a4d101ada61dc4e96e583ef98b3,inventoried
rakuyomi,c79563b29e18a7c373d780a4af2ce1961b6184a6,.coderabbit.yaml,370,14,292c5c6215ffcf942790e2d1184a44ccd7c67cac5cd7cf4a7eb137d58251dbb5,inventoried
rakuyomi,c79563b29e18a7c373d780a4af2ce1961b6184a6,.envrc.dist,38,3,8828fefe05545542bce571d633cf69d3a4eacc4f6c36c7f2101a083f40936774,inventoried
rakuyomi,c79563b29e18a7c373d780a4af2ce1961b6184a6,.gitattributes,292,5,5476ab06ecee7d1084d858ec8cd88fabef092c9687d569588e592db3f27f1c6c,inventoried
rakuyomi,c79563b29e18a7c373d780a4af2ce1961b6184a6,.github/FUNDING.yml,933,15,a7e5e320642993636eac7a8351aebb56bf2a1d07c72e243ab292a02496bd1fb2,inventoried
rakuyomi,c79563b29e18a7c373d780a4af2ce1961b6184a6,.github/ISSUE_TEMPLATE/bug_report.yml,3818,142,29738bd9e383c3666d4fc9df2e28e1d6e6f61a602dc0bf5cb79e8b7c727d455b,inventoried
rakuyomi,c79563b29e18a7c373d780a4af2ce1961b6184a6,.github/ISSUE_TEMPLATE/config.yml,205,5,0486f0743d7b93e66da0cce864afe41afcd1ea8b544130b9d604284acc757bfd,inventoried
rakuyomi,c79563b29e18a7c373d780a4af2ce1961b6184a6,.github/ISSUE_TEMPLATE/extension_bug_report.yml,4904,163,f93887a2e4b6a9b852bf5a22bda9c98009fea4173bec1ea43cb3e8d1b1313aa9,inventoried
rakuyomi,c79563b29e18a7c373d780a4af2ce1961b6184a6,.github/ISSUE_TEMPLATE/feature_request.yml,1407,55,1b389705b969e2e9bcf677c2cec74c625278170445713798d366198ba03d89b9,inventoried
rakuyomi,c79563b29e18a7c373d780a4af2ce1961b6184a6,.github/commands/gemini-invoke.toml,6599,134,f773663cad35f08a65e5fc658352217c94664f0397b9b05c64538edc1b606d08,inventoried
rakuyomi,c79563b29e18a7c373d780a4af2ce1961b6184a6,.github/commands/gemini-review.toml,9912,172,aff00a4715fafe7a7fa089470578e5c04a4b37457957fd6933a47eceeeef9653,inventoried
rakuyomi,c79563b29e18a7c373d780a4af2ce1961b6184a6,.github/commands/gemini-scheduled-triage.toml,6358,116,779f20ccdda11accd84e6629944fa318509b1f8ee0c58caf98de8d264acb2ca8,inventoried
rakuyomi,c79563b29e18a7c373d780a4af2ce1961b6184a6,.github/commands/gemini-triage.toml,1469,54,4f15ee983568976c9055f29a42d89eb7a2549d421aebdf0b0c969764999e08ff,inventoried
rakuyomi,c79563b29e18a7c373d780a4af2ce1961b6184a6,.github/workflows/build.yml,7400,234,66890e37db6622cf5d6717eff82a7cc3a438ca58cea3db549c2eda3d72cc14aa,inventoried
rakuyomi,c79563b29e18a7c373d780a4af2ce1961b6184a6,.github/workflows/ci.yml,1577,61,1fbb5e7ae721ddf0bdc00a7f7182a591cb51d2c0f2922c0a3649bfc9f2ba2023,inventoried
rakuyomi,c79563b29e18a7c373d780a4af2ce1961b6184a6,.github/workflows/deno-bot.yml,745,42,7695895a22ac2f6ac10a4912b12a384409cfbed1f2d590d1d88184c6fda398bf,inventoried
rakuyomi,c79563b29e18a7c373d780a4af2ce1961b6184a6,.github/workflows/deploy-pages.yml,1300,60,d677bf4672dfbacce70b0755c68e4033743486b33400a13a6bb813b7aa3ab5f4,inventoried
rakuyomi,c79563b29e18a7c373d780a4af2ce1961b6184a6,.github/workflows/gemini-dispatch.yml,7802,204,dfc7ba49d90195948caa302d8db7c3814f489f85575bae99d8203a3a004e714d,inventoried
rakuyomi,c79563b29e18a7c373d780a4af2ce1961b6184a6,.github/workflows/gemini-invoke.yml,4560,122,b592b7b292e2b5a163235ea0a14526694c8aff87804a8e030d00d83f7537031e,inventoried
rakuyomi,c79563b29e18a7c373d780a4af2ce1961b6184a6,.github/workflows/gemini-review.yml,4158,110,54d9790d4e87f3759c24f8082b16f13629113c8c5d9122c502be108ec8496915,inventoried
rakuyomi,c79563b29e18a7c373d780a4af2ce1961b6184a6,.github/workflows/gemini-scheduled-triage.yml,8097,214,bf61ddaf7d51e8df93eaaebf9a95ae79febfd6a426f118c21b344e25b54eeb61,inventoried
rakuyomi,c79563b29e18a7c373d780a4af2ce1961b6184a6,.github/workflows/gemini-triage.yml,6272,158,6aaff27a74f2b4d266707945809f16e6a93c4029c08240afcbf09b8c7502cce0,inventoried
rakuyomi,c79563b29e18a7c373d780a4af2ce1961b6184a6,.github/workflows/issue-label-flow.yml%,2827,88,09fe98e82d686ef024893a9e250e52599ec2c0b6f3de0cd8d5ce929ee46d7174,inventoried
rakuyomi,c79563b29e18a7c373d780a4af2ce1961b6184a6,.github/workflows/luacheck.yml,496,27,c8d4c160eaf168b3f6d406a239e7ad49a994787cec9e9060433e2b90b0e7952e,inventoried
rakuyomi,c79563b29e18a7c373d780a4af2ce1961b6184a6,.github/workflows/test.yml%,1350,46,406f71e70d7227dba00304cb0d677bb33140af9ec618d6db49cd9e0f3fa55267,inventoried
rakuyomi,c79563b29e18a7c373d780a4af2ce1961b6184a6,.gitignore,383,27,f1fe7fa1f810eb25e8f076c07fabdb3a3d49cbe682e55a447a8d414c4122a9e0,inventoried
rakuyomi,c79563b29e18a7c373d780a4af2ce1961b6184a6,.husky/pre-commit,58,4,51b0b6f2ece896299eedfcb289ccd40ecd0c2a6febc3836b913568b13d4507fb,inventoried
rakuyomi,c79563b29e18a7c373d780a4af2ce1961b6184a6,.luacheckrc,415,21,454f0b5780ce8504283e04d505839e026998701ccb506c94dcf28091216d8ff4,inventoried
rakuyomi,c79563b29e18a7c373d780a4af2ce1961b6184a6,.opencode/skills/rakuyomi-topzone-gesture/SKILL.md,3829,101,2cfad645d2fc03685842d961cd1c8f352e87da8b1bdb9795d8db2571bc414cd0,inventoried
rakuyomi,c79563b29e18a7c373d780a4af2ce1961b6184a6,.releaserc.yaml,1230,35,5c05a17cfc535648be65a6b6c285bdf0873594b43efbdb4f2dc12dc5ea43bcb3,inventoried
rakuyomi,c79563b29e18a7c373d780a4af2ce1961b6184a6,.vscode/extensions.json,250,10,3da3699b85372a0d9eeeffe4637349255237348e030b64d5566dd104a123982e,inventoried
rakuyomi,c79563b29e18a7c373d780a4af2ce1961b6184a6,.vscode/settings.json,363,17,c2d698e0e4aaccb84036e6000de480adb98c9163fb7d398394a4fcf81701f56a,inventoried
rakuyomi,c79563b29e18a7c373d780a4af2ce1961b6184a6,.whitesource,275,13,e41e029d9f8a8bd0fa745a9ede64b2303860f6c9833b954fd992a99dae388b9f,inventoried
rakuyomi,c79563b29e18a7c373d780a4af2ce1961b6184a6,AGENTS.md,3438,81,811ed0779cbc2098a7352ffbce96a140acf9c046f8041215593c4dbad81254b2,inventoried
rakuyomi,c79563b29e18a7c373d780a4af2ce1961b6184a6,CHANGELOG.md,19502,326,999ea4766d2215df3a032febc2d11c4abe51ac00867476d58fa096a90ab61c2e,inventoried
rakuyomi,c79563b29e18a7c373d780a4af2ce1961b6184a6,LICENSE,34523,661,8486a10c4393cee1c25392769ddd3b2d6c242d6ec7928e1414efff7dfb2f07ef,inventoried
rakuyomi,c79563b29e18a7c373d780a4af2ce1961b6184a6,README.md,5208,98,91644c6a27a9a5f9f2133dc9e8b7fda08c06decca842cbaefb245437d3351ca0,inventoried
rakuyomi,c79563b29e18a7c373d780a4af2ce1961b6184a6,backend/.cross/arm-unknown-linux-musleabi.Dockerfile,308,12,c1b1d2120e2d57b4e453e544c9467430a2cbbd72b14b5814266c0c02666429ea,inventoried
rakuyomi,c79563b29e18a7c373d780a4af2ce1961b6184a6,backend/.gitignore,8,1,44c92e3a70ad3307b7056871c2bdb096d8bfa9373f5bf06a79bb6324a20ff2fb,inventoried
rakuyomi,c79563b29e18a7c373d780a4af2ce1961b6184a6,backend/Cargo.lock,149615,6127,12833b515e0e983129f752b80c18b436c7d00a89438bf43c4d507a1423022294,inventoried
rakuyomi,c79563b29e18a7c373d780a4af2ce1961b6184a6,backend/Cargo.toml,409,25,1d89c244d3f1ee93b5bfb70ce8cd72452ebfcdf9247e84f6321151bddd2fa7c6,inventoried
rakuyomi,c79563b29e18a7c373d780a4af2ce1961b6184a6,backend/Cross.toml,195,5,9bb1f441e6a6bea0a35304e629196013dec2751848766fcc16f1c072166ee8ad,inventoried
rakuyomi,c79563b29e18a7c373d780a4af2ce1961b6184a6,backend/aidoku-sdk.json,301,12,612a666baf8537d9b40ee50fe857b2bae1ec3b2b5f36dc15923fd597a5d3e4a5,inventoried
rakuyomi,c79563b29e18a7c373d780a4af2ce1961b6184a6,backend/cbz_metadata_reader/Cargo.toml,373,14,d6e6f4cd4a95dabf40e7afcc39fc3fa2c6ee2d4c4ed537d2a2af559a692942ad,inventoried
rakuyomi,c79563b29e18a7c373d780a4af2ce1961b6184a6,backend/cbz_metadata_reader/src/lib.rs,4477,116,fff08024ee506c05d9d13f9f17f9c6e16da3406e6510348f0b9e1b36522eadf3,inventoried
rakuyomi,c79563b29e18a7c373d780a4af2ce1961b6184a6,backend/cbz_metadata_reader/src/main.rs,620,25,221ee311c04d2d1556e14b932590e8133d249e8e0c67f34fe9d3503cc757d2ae,inventoried
rakuyomi,c79563b29e18a7c373d780a4af2ce1961b6184a6,backend/cross/arm-unknown-linux-musleabi.Dockerfile,667,12,c77501d54166e9a7604b74a882214920e9e717714b608ed46a39e249f7dbe894,inventoried
rakuyomi,c79563b29e18a7c373d780a4af2ce1961b6184a6,backend/cross/arm-unknown-linux-musleabihf.Dockerfile,671,12,87ef0878537da2fb95cd2fd0774a1d67134018bdc0e63046522b59276312ebe5,inventoried
rakuyomi,c79563b29e18a7c373d780a4af2ce1961b6184a6,backend/examples_fetch/pb_check.rs,872,23,15f9e3c2903a99045bb96b891dbd0b1bb92e00d23342fa06fd30334b4eb13c7f,inventoried
rakuyomi,c79563b29e18a7c373d780a4af2ce1961b6184a6,backend/server/Cargo.toml,1477,47,ddc3c5f0ee92eb977ce0574deb99557ee06e50e7f6f2888098fdaa207ffc6939,inventoried
rakuyomi,c79563b29e18a7c373d780a4af2ce1961b6184a6,backend/server/assets/default-settings.json,484,18,d6989101ab8d56c6fb6402975159db0f76e5da74d620d054d219c2b42817327e,inventoried
rakuyomi,c79563b29e18a7c373d780a4af2ce1961b6184a6,backend/server/src/android18_compat.rs,1491,34,6c348a461094a7ad523c8c9598f9eb6442dc7d782ad931e656f62092acdd1fd5,inventoried
rakuyomi,c79563b29e18a7c373d780a4af2ce1961b6184a6,backend/server/src/app.rs,11451,341,d5c70e6db69ea35042528c0682493dc2bb60a9cc354ca3ac00b64ab6f88c384b,inventoried
rakuyomi,c79563b29e18a7c373d780a4af2ce1961b6184a6,backend/server/src/build_info.rs,1693,67,5511e61611a8d982606207262f8375a61b3e0e1bfcfe2578faca9e9452c0a190,inventoried
rakuyomi,c79563b29e18a7c373d780a4af2ce1961b6184a6,backend/server/src/cookie/mod.rs,37,3,6a0bebeb13f3e0badd3a1ede148df3417b67bda2ab95fc8b8d0818d83f0d06fa,inventoried
rakuyomi,c79563b29e18a7c373d780a4af2ce1961b6184a6,backend/server/src/cookie/routes.rs,6368,222,86de602f21881251b7fcdd7e8ed2fba4bd5107f42d99e10e921a01c697736cb2,inventoried
rakuyomi,c79563b29e18a7c373d780a4af2ce1961b6184a6,backend/server/src/error.rs,3460,123,28da24fe3cb954a5f76b9d14995320e4c64da1db03f8477ac8275fe427229300,inventoried
rakuyomi,c79563b29e18a7c373d780a4af2ce1961b6184a6,backend/server/src/jni.rs,15710,493,e56fb6435bcdd6eaacd1473200927dbedf501df93d102a11506cc931e3a62c6b,inventoried
rakuyomi,c79563b29e18a7c373d780a4af2ce1961b6184a6,backend/server/src/job/download_chapter.rs,7810,235,6e13baa7225169d222fcf264bfd09b68756111f5563bdb4696fe43c8c45a340a,inventoried
rakuyomi,c79563b29e18a7c373d780a4af2ce1961b6184a6,backend/server/src/job/download_scanlator_chapters.rs,4700,141,3d870f23edba257d3b1fc7a4e2aaf6100f1ecc4a16c9d6be61384beeead39504,inventoried
rakuyomi,c79563b29e18a7c373d780a4af2ce1961b6184a6,backend/server/src/job/download_unread_chapters.rs,4651,145,885200a2a67c542c3073e2fac20b5ab1a16a599de27c70b57314c745a1a106c0,inventoried
rakuyomi,c79563b29e18a7c373d780a4af2ce1961b6184a6,backend/server/src/job/dto.rs,3892,98,21851b91ca04c2f9185a71ae33c4be30ed29f5b53215f6baaca1439a5825f87b,inventoried
rakuyomi,c79563b29e18a7c373d780a4af2ce1961b6184a6,backend/server/src/job/mod.rs,223,11,dd70bdc599799c8ba741bb0fb6a27d4ecc6d368a939f0d0a7a7a71182237c589,inventoried
rakuyomi,c79563b29e18a7c373d780a4af2ce1961b6184a6,backend/server/src/job/refresh_library_chapters.rs,5596,185,810a2c2e5456710c084e4e719343ddc223ab095bad6fa9ae3416d039697f4da1,inventoried
rakuyomi,c79563b29e18a7c373d780a4af2ce1961b6184a6,backend/server/src/job/refresh_library_details.rs,5696,187,398a9848ad844abbf1a0ec53d5f35102160ef96c03518c1cbc0460d2295fe35d,inventoried
rakuyomi,c79563b29e18a7c373d780a4af2ce1961b6184a6,backend/server/src/job/routes.rs,9156,322,9f9c1e11c672b401ff4adbe5fd8eea35daf360c3d50ee5d7d70e167661d2fb68,inventoried
rakuyomi,c79563b29e18a7c373d780a4af2ce1961b6184a6,backend/server/src/job/state.rs,1083,42,cff1b0d9f5e9b1dfe51dd67414b05cc23df00201379b62688cb0885b988d31e3,inventoried
rakuyomi,c79563b29e18a7c373d780a4af2ce1961b6184a6,backend/server/src/lib.rs,1072,39,1ab3d5a2129d87884a7d2e73698c9603761ffdf4c2e24e04e891eb3252f37c6f,inventoried
rakuyomi,c79563b29e18a7c373d780a4af2ce1961b6184a6,backend/server/src/listener.rs,1916,57,52eb0f0ae355896e767d558fb71ae634c1e437cbb7ad6b499412395bb9b6baf5,inventoried
rakuyomi,c79563b29e18a7c373d780a4af2ce1961b6184a6,backend/server/src/main.rs,408,21,b1fe406261d45ada7d59dbd94734a0700a268c6e841978ec780177f6b223c2cc,inventoried
rakuyomi,c79563b29e18a7c373d780a4af2ce1961b6184a6,backend/server/src/manga/mod.rs,37,3,6a0bebeb13f3e0badd3a1ede148df3417b67bda2ab95fc8b8d0818d83f0d06fa,inventoried
rakuyomi,c79563b29e18a7c373d780a4af2ce1961b6184a6,backend/server/src/manga/routes.rs,32481,1138,5c8cb8479dbc061b75a08e97d8ac18179d885ef86d5f4d6911849dc8e799e223,inventoried
rakuyomi,c79563b29e18a7c373d780a4af2ce1961b6184a6,backend/server/src/model.rs,4572,141,91b0cec2b10bff9c9cf54aadd64c8b05a50f283c3cb8c49fe45dc55a75ff73e1,inventoried
rakuyomi,c79563b29e18a7c373d780a4af2ce1961b6184a6,backend/server/src/playlists/mod.rs,37,3,6a0bebeb13f3e0badd3a1ede148df3417b67bda2ab95fc8b8d0818d83f0d06fa,inventoried
rakuyomi,c79563b29e18a7c373d780a4af2ce1961b6184a6,backend/server/src/playlists/routes.rs,3936,138,47e0dc693c4ab66951ff5b8921224383661179746fdb1bb9f26d7d136bf7f2d2,inventoried
rakuyomi,c79563b29e18a7c373d780a4af2ce1961b6184a6,backend/server/src/settings/mod.rs,37,3,6a0bebeb13f3e0badd3a1ede148df3417b67bda2ab95fc8b8d0818d83f0d06fa,inventoried
rakuyomi,c79563b29e18a7c373d780a4af2ce1961b6184a6,backend/server/src/settings/routes.rs,10918,335,c120669b083c9f8efde76f10171918d58110a71a42d2af36a847e220ff70b444,inventoried
rakuyomi,c79563b29e18a7c373d780a4af2ce1961b6184a6,backend/server/src/source/mod.rs,37,3,6a0bebeb13f3e0badd3a1ede148df3417b67bda2ab95fc8b8d0818d83f0d06fa,inventoried
rakuyomi,c79563b29e18a7c373d780a4af2ce1961b6184a6,backend/server/src/source/routes.rs,8016,243,b513e0a0ea77001e923442448af246c184d0c7659bcc71f954750dada4fda1fc,inventoried
rakuyomi,c79563b29e18a7c373d780a4af2ce1961b6184a6,backend/server/src/source_extractor.rs,1141,37,b68a80ab0447834412f582b7f73adf2faa8fdc54904d9b1b020f464ae93f7a22,inventoried
rakuyomi,c79563b29e18a7c373d780a4af2ce1961b6184a6,backend/server/src/state.rs,1459,59,59a638d869e4895dacc6a5fd6f3bf0fc93cc78c4a9aa8035d8403e0ccbc73559,inventoried
rakuyomi,c79563b29e18a7c373d780a4af2ce1961b6184a6,backend/server/src/system/mod.rs,37,3,6a0bebeb13f3e0badd3a1ede148df3417b67bda2ab95fc8b8d0818d83f0d06fa,inventoried
rakuyomi,c79563b29e18a7c373d780a4af2ce1961b6184a6,backend/server/src/system/routes.rs,7729,290,17a9f15e750dccb03e5bb115739df9ff8c449d858554a1fc90e6577a6fdc447e,inventoried
rakuyomi,c79563b29e18a7c373d780a4af2ce1961b6184a6,backend/server/src/update/mod.rs,1191,40,24e5a84129a18d0d5bd7f05e5e67e9b83e2b6a1180056bd7c2fa24172e41f957,inventoried
rakuyomi,c79563b29e18a7c373d780a4af2ce1961b6184a6,backend/shared/.sqlx/query-06f2c37f3cce9e5cc11648fb9c6c0add7acdf31bcb036ea9111cdb90b3a691ff.json,5998,114,61a6fdee64fc95dd0500eac523132ab4cba5e7ab143f409e6f326ddd8e356591,inventoried
rakuyomi,c79563b29e18a7c373d780a4af2ce1961b6184a6,backend/shared/.sqlx/query-0818ed573f56ea18652de75c52739903514cb172c9e749f17863a3878c7dcd93.json,3274,158,d5a5f3953be97352b0c37fa86eefe6ffb1f44317fe21d3f478b785deef4880ca,inventoried
rakuyomi,c79563b29e18a7c373d780a4af2ce1961b6184a6,backend/shared/.sqlx/query-0ce0037460ed0882a561d6bca1d898a3928b1f8a9d08d50e21909a906c3f8607.json,335,12,d7745b93c31850e62a1d8be68520aab4c91f8d466194e6377d1e1f5c1bce8d93,inventoried
rakuyomi,c79563b29e18a7c373d780a4af2ce1961b6184a6,backend/shared/.sqlx/query-0e9f3d27e26e7293dea2f3c5fa5deafbe6e29e5eeb4045b894bbba725228fc10.json,1817,86,9759988a0897ae05e2d4bae47d8dd996e6c6fb65e4e098c5df351117d1f1ea15,inventoried
rakuyomi,c79563b29e18a7c373d780a4af2ce1961b6184a6,backend/shared/.sqlx/query-16ebb790e48ced066466701cef2f5ea0835d185a7b1e629c77d88399da0e661a.json,1101,50,161f417870dbef1887fd52c8838c3b2f32381151e473fa871afaac3c098db3b9,inventoried
rakuyomi,c79563b29e18a7c373d780a4af2ce1961b6184a6,backend/shared/.sqlx/query-18691343096795627cd2e60198cc9efca36c1b1196d01eaaae933644a8163e2a.json,327,12,c4b2c6c9c08cb5f49ee48e187771dd43cd69b8003d773d5480cfe2ea01bf585c,inventoried
rakuyomi,c79563b29e18a7c373d780a4af2ce1961b6184a6,backend/shared/.sqlx/query-1b009b274f19b054b2a66d3e86420d45b42a97a0f6ec663adfeedc055470f3f8.json,834,38,bc13ade17119da9c1893357ab973409774bff6c49299a50d8cc971a99854388b,inventoried
rakuyomi,c79563b29e18a7c373d780a4af2ce1961b6184a6,backend/shared/.sqlx/query-1c8785f22e9da6b8e30dcd5cab74c1958defac769d8c243fabe91abaf5368637.json,3616,134,c60f75d2ada1f6d9931ee600d28da55b484d39b45a5d5429852fde8d4a400f54,inventoried
rakuyomi,c79563b29e18a7c373d780a4af2ce1961b6184a6,backend/shared/.sqlx/query-1fa9dde5aa2612ea3fb0a76dbba2e540a39aff677c021f74fcffe3a8b36449e6.json,257,12,bfb736f403bc32ba74b027ab74949f40e173e73b087f821f1df643e3a3207b04,inventoried
rakuyomi,c79563b29e18a7c373d780a4af2ce1961b6184a6,backend/shared/.sqlx/query-28533384fb2aacc757b19f19508bc7572a6e42d8bbccb6e180142bba7372825f.json,6023,114,8dd9a4e482e3c83b0860a5e0856c2a441a6fb2787467198578f0192851ecfc11,inventoried
rakuyomi,c79563b29e18a7c373d780a4af2ce1961b6184a6,backend/shared/.sqlx/query-2cb1ee12119c31658b69e25bd3d599e9fc8b8ff00313100b80ff39e3dc598738.json,6090,114,fd461c9e031dff197ddbaa47772105c462fa753477746b60aa921be1962d51d0,inventoried
rakuyomi,c79563b29e18a7c373d780a4af2ce1961b6184a6,backend/shared/.sqlx/query-2d31d01f4fb8459557c9136fa44ad17c15b533b346d339801c91058ea7976b3c.json,6024,114,e399a4981e7c219e5683c674d62b7a67197fc94eb38f2dc474d3d16a238cd5ec,inventoried
rakuyomi,c79563b29e18a7c373d780a4af2ce1961b6184a6,backend/shared/.sqlx/query-308db44e54dce4bafa503b101876867b01f3ecd60667e01a1348353b1930ac2e.json,453,12,4c4072d6e28ce2f8b3939bd3dd80c2b9d8af045eebf55f7ad3ab2e39b41d69df,inventoried
rakuyomi,c79563b29e18a7c373d780a4af2ce1961b6184a6,backend/shared/.sqlx/query-30bbe2f795d0c4603c6bc9e774477c423c2a78f666b89bc401d0d467d179394b.json,533,21,13e6921d99df9bf9a006c805ce9da6efdbc673d3a7dd4d8167b79bd71e842767,inventoried
rakuyomi,c79563b29e18a7c373d780a4af2ce1961b6184a6,backend/shared/.sqlx/query-3269befde5a9fe70916dc9b19e74ee3be5ed4c7053c511c273e01b0031e39099.json,630,26,b200c065c78e9648a54cd5f90635853f783867fded4d62c25e2ca4e9296ad54b,inventoried
rakuyomi,c79563b29e18a7c373d780a4af2ce1961b6184a6,backend/shared/.sqlx/query-37441410bb71308d39c3b15e42f1a346b78d0ae32cf49dce558927c5dffd8c27.json,6052,114,a1e8b4fb8872fa2dfcce07f23aa1105898f9ab0da8365d5c2f3860895b7b5b02,inventoried
rakuyomi,c79563b29e18a7c373d780a4af2ce1961b6184a6,backend/shared/.sqlx/query-38f8e21d3b000885cfb24293c1d04af288d579c4de2b2b2fa5ae7ff2d5779fa6.json,774,38,db982877520eba528bdb39cbab5d2631375bd18a97f1d6d5d01b74cf56c52036,inventoried
rakuyomi,c79563b29e18a7c373d780a4af2ce1961b6184a6,backend/shared/.sqlx/query-393916012330157c8589dba1fb092fd1fe9e28ce02f4a8436edf9fc915156f04.json,266,12,615e28248b0e8083829e6ba35b0d731bfd95231d7829536b5c0c09ee3d9fa9bb,inventoried
rakuyomi,c79563b29e18a7c373d780a4af2ce1961b6184a6,backend/shared/.sqlx/query-3d88d630bd155be7336784c25563835aa7bf5e615c24e12d68d7ee8f4afede9b.json,1611,35,1d4485762b24756c6e741bd0cf58a1f7df455d42d01096d1aa87f5dcfacb6b20,inventoried
rakuyomi,c79563b29e18a7c373d780a4af2ce1961b6184a6,backend/shared/.sqlx/query-401f151bff8bd690534cff017c5faed1e652c22bf67204759d90974876eba8f4.json,1140,50,dbcf4521b962967984d87c2ea7a9180dfe7d366b94f6ef32a6c01658b943d114,inventoried
rakuyomi,c79563b29e18a7c373d780a4af2ce1961b6184a6,backend/shared/.sqlx/query-41e2aac34bd7eff55d391eac4810e6b4042c1bd755e5ec110584679aed96a129.json,937,12,93c61b6609b540082f65c53a06e5d3c3a4fd98ff166ec09855eadfb7ff56a0f1,inventoried
rakuyomi,c79563b29e18a7c373d780a4af2ce1961b6184a6,backend/shared/.sqlx/query-42ca22eb1724c1ee4782c139ce9fb0ba7f5419921ce5b1dbd14aa7677b8c98f4.json,491,12,3e89a7d5eecbf155a03a7f33834fe48c86b5fc5a9cabc407e896a9011ec894db,inventoried
rakuyomi,c79563b29e18a7c373d780a4af2ce1961b6184a6,backend/shared/.sqlx/query-43f539100a1b897090914f823e9f004b498533d19615e5563f6b5523c7ec441d.json,3405,158,5b3bada69f48ca60161eb17242859442b8813fcdc530ee30c0d17de89c4a8a12,inventoried
rakuyomi,c79563b29e18a7c373d780a4af2ce1961b6184a6,backend/shared/.sqlx/query-45423d4b3e6483681e375956c3d806cf9870773e76d87350a8b60698fa497428.json,345,12,c03be6a97ddedc8a5b7bfde419e9268f6eed11314d380e2493d794fdcda52744,inventoried
rakuyomi,c79563b29e18a7c373d780a4af2ce1961b6184a6,backend/shared/.sqlx/query-47b6ac12dcd874a1d5fa8ca08b3c87977343d80331614545ad8e42a80e0dffe7.json,1562,28,02dd25ad9b61dfc1b8ba73c3b71a397cb0af5607f9d9a3119e4eff102e82cede,inventoried
rakuyomi,c79563b29e18a7c373d780a4af2ce1961b6184a6,backend/shared/.sqlx/query-498acf43f3b8e8e319c59dd17a84f7c4e9caed976278674e7872d9207eb8725d.json,6018,114,568117868f2769d7fe391be4df4cd0f82c4868f74442624dc6ad338bdf6a671f,inventoried
rakuyomi,c79563b29e18a7c373d780a4af2ce1961b6184a6,backend/shared/.sqlx/query-51f0fa48ca593f0c46868fa18c7244e6167911d40198dd06cdcd139d328cb49b.json,6119,114,caa6930535f067640edce2ef06b457575bb7168953139ddad940930e377dbd36,inventoried
rakuyomi,c79563b29e18a7c373d780a4af2ce1961b6184a6,backend/shared/.sqlx/query-5994881599306850838455384cd3f14551d44b736a54c1b93605de59e902978e.json,6063,114,b0f267a2d32c957d0b2e7d7a49216be4d99d146cccec88a04a1d79f1573fb535,inventoried
rakuyomi,c79563b29e18a7c373d780a4af2ce1961b6184a6,backend/shared/.sqlx/query-5c9bcf1544dea59f573a627665882fc203a5623dccf58bac76721aafe0b23f0d.json,717,38,2d03c8ad21fac80a1ed48c71257f94ba747d19a5874c0f3440d55391be5da54c,inventoried
rakuyomi,c79563b29e18a7c373d780a4af2ce1961b6184a6,backend/shared/.sqlx/query-5fc3e13b701914b9ec9a9f5145bbe64f34e2bacb822bfb2b858c95cba03794ed.json,6117,114,7cdc3ed10893d8c192ef65e2ccc0e1525830bc02280a042e7a7fbc929b5f7bde,inventoried
rakuyomi,c79563b29e18a7c373d780a4af2ce1961b6184a6,backend/shared/.sqlx/query-6277374a23e50b22c0bae7363800b9e3b4c0adf15b14c2fb01ebbb2453ba1291.json,6085,114,fbceef6f009b8b1c4fa990265950377046ad6ca705550cb34f45fa5332fd4de6,inventoried
rakuyomi,c79563b29e18a7c373d780a4af2ce1961b6184a6,backend/shared/.sqlx/query-65261900756a07f04d281d5e9565598c0b22c26cacf92f03caec7fa718519a0c.json,318,12,bae4c6405c65e47fcc62af53061a42f3ce1def5a2b969e34e594f39e080c3ea4,inventoried
rakuyomi,c79563b29e18a7c373d780a4af2ce1961b6184a6,backend/shared/.sqlx/query-6bba24199f25160e96a4b20814edc94938d10c010bd6ba42e6d3c19277f9ac46.json,287,12,456e21f4b60e3bfc2c5c18ed7a6839518ee75b82bbcc51a8ea2387b2be3148de,inventoried
rakuyomi,c79563b29e18a7c373d780a4af2ce1961b6184a6,backend/shared/.sqlx/query-6e73390b830e1b3844bf24d5695bb24ba634125888fd9da0b01d1638d853a8d9.json,3383,158,ea2f7f109dfcea11011372bb7aeed17eae0b0cfe618fd32ab1f694c7ac3afc65,inventoried
rakuyomi,c79563b29e18a7c373d780a4af2ce1961b6184a6,backend/shared/.sqlx/query-712920edd1731b49a1404fbe450beb68b10e16ac05a4df45d12c8f90a1280cdb.json,1676,74,6c82407eb85deddca78b7b84c4a8f7ce3b1804b09c1ef511a5f3f3f0f6155d38,inventoried
rakuyomi,c79563b29e18a7c373d780a4af2ce1961b6184a6,backend/shared/.sqlx/query-73efee570e6d621d99616202124c0f8d0d0538ac63bc98e71c28746f8f8e135b.json,6065,114,32c06e45b42eb16c5afe91bdbefb8cf207dbc2660e40072f0926ce8aa9079250,inventoried
rakuyomi,c79563b29e18a7c373d780a4af2ce1961b6184a6,backend/shared/.sqlx/query-817b27aa5a3930821b906957c66ded2c3e3a85c923946d97f8952d1b156e0516.json,1236,50,4753afb76e58994e64cb4374f948698b8741793c8a7643f22fe182d33081adf5,inventoried
rakuyomi,c79563b29e18a7c373d780a4af2ce1961b6184a6,backend/shared/.sqlx/query-8189925aaec93575a1310139a9c4b02ef57f11bf3d2661ddf9a1f2dc5e17c544.json,6003,114,219a43c522cf0e8852f2125c5fe374a37809c2229239bbbfc8e167240d942456,inventoried
rakuyomi,c79563b29e18a7c373d780a4af2ce1961b6184a6,backend/shared/.sqlx/query-8a72956f214ec3243e7ba44de1e555312eecbe5fe64fc662fec23e7d3005d039.json,3227,134,e69c67ba03e2f4a7daddba6609f0685516b2cf69af3d602a76781d7dc51dc37f,inventoried
rakuyomi,c79563b29e18a7c373d780a4af2ce1961b6184a6,backend/shared/.sqlx/query-912a2df492ea63c9ab8a364ed200bfafe16398511e688f73d9a05cd823e904b4.json,6070,114,db7c9a0e2a7f87d646560f9f36275732d0a01cc1c25896fa550d468cd23f6e3c,inventoried
rakuyomi,c79563b29e18a7c373d780a4af2ce1961b6184a6,backend/shared/.sqlx/query-94b77c8a560b91467845e5110bf3aeb6edfc48c1df35a65676c241aeb9a8e3a4.json,374,12,8df59bcd1ce8011743a7f720ce25b2c44462a64e9842fe8df1e630d515ff57fa,inventoried
rakuyomi,c79563b29e18a7c373d780a4af2ce1961b6184a6,backend/shared/.sqlx/query-9797420fc5390e8c52d6e43c2689f92e41c3a950e94fa2267218bb353fcc0746.json,6091,114,1893d65fab69dcfff27cf56cf7d62a5f7e38cdcd6eddc089f21362369cbbba1c,inventoried
rakuyomi,c79563b29e18a7c373d780a4af2ce1961b6184a6,backend/shared/.sqlx/query-9bd473d5480d59f951b2a38af2734c2335117e58b9fb512284730b486e1e4b6e.json,4368,170,b88a40b3fc88af74c62d312acbbe1d399ac485fb6ddcb4b4555bbc5ab83a6ded,inventoried
rakuyomi,c79563b29e18a7c373d780a4af2ce1961b6184a6,backend/shared/.sqlx/query-9e5f0b68fb4bda4834f3939aa2a6a2ea0a56c10840d5a12b4730d3a3e08344a7.json,6084,114,b68fc3e9c08c6c53c1cb8b7dd3cde41a9f1d07f9c0a292ecb299e8c736d42a4d,inventoried
rakuyomi,c79563b29e18a7c373d780a4af2ce1961b6184a6,backend/shared/.sqlx/query-a082de4feb711b9bd9b63c8be3e3cfb6dcbb82d33ac4d9f2b7761c6521f8b210.json,409,12,c002e1ddd72215b6602f46fa9327281dd804c2bd7eaa2254e914d8ca0b6ea626,inventoried
rakuyomi,c79563b29e18a7c373d780a4af2ce1961b6184a6,backend/shared/.sqlx/query-a54c5250fefdbeb341c110ca42fb8ca1c9ea51a70058328bda7a548f62253d8c.json,309,12,ebcc744667bbc9706c39e094dba8086f264f0cdeb5de92dd483e43c036cbfdcf,inventoried
rakuyomi,c79563b29e18a7c373d780a4af2ce1961b6184a6,backend/shared/.sqlx/query-a96b8853286218e13843e78403b66e58e1cd4eaecbe2774f149e5a96b5bf3846.json,1473,12,bb5a8390178493de4e1e57dd8a9cd5b1066e040c038cdc1588d7bffe09fee9f4,inventoried
rakuyomi,c79563b29e18a7c373d780a4af2ce1961b6184a6,backend/shared/.sqlx/query-b1797dcc084201588a1290eb3b03ef981386af0260c4a6a7142a84d355c6bc8b.json,6017,114,65e6f4938e4f0404225d57eeb854e1407b49e0cd754781b7b5aeaa4b8574e328,inventoried
rakuyomi,c79563b29e18a7c373d780a4af2ce1961b6184a6,backend/shared/.sqlx/query-b252ce59a5bb6fc9d01f7a92d644189b13634c4ff0b3489da4441d6d17b3cc82.json,433,12,7cb2126311fe86458d6c4f7d544c5c20f73dab6ec3d7ca759ace4eafc8ed3ba0,inventoried
rakuyomi,c79563b29e18a7c373d780a4af2ce1961b6184a6,backend/shared/.sqlx/query-bcd8feec9fcf2bbf78411a71a0a764893326de2ff486501b20ade443a96644cc.json,6015,114,8668d5bc65cb9c8c69e76fb728b492bc44c6bf4569620761b66035861735810a,inventoried
rakuyomi,c79563b29e18a7c373d780a4af2ce1961b6184a6,backend/shared/.sqlx/query-c7592b25820be2b2377043e8b6fb5a07d3e0a5e18c5429546f83ec7de5d9630c.json,598,12,28c9eb499681f4ea0d9deded38a03b3bd2e3f1230407305b5dbef6a2473ff942,inventoried
rakuyomi,c79563b29e18a7c373d780a4af2ce1961b6184a6,backend/shared/.sqlx/query-d63689a1b60932f581562ed4d747bfd30949f1a012bb757c9bdeff3dd13ecfbf.json,1656,74,cab5609740ab53c6007299aa8ea6c23d75361121b39c1c87338a5e408e2020b9,inventoried
rakuyomi,c79563b29e18a7c373d780a4af2ce1961b6184a6,backend/shared/.sqlx/query-dd314ad2961c2e96f263febe38dc3d78d80882375e29dbc2a142c431bc710af4.json,6062,114,f705ae7bcdfeda391dff5598634d2f99acdb3ef3310a3853928b7a67d4468add,inventoried
rakuyomi,c79563b29e18a7c373d780a4af2ce1961b6184a6,backend/shared/.sqlx/query-dd944e61d9f5ee90903c4132048675a54ddfeab91431e323da9a15faf12befb8.json,6050,114,a4097185a68a5dbb67bd5384bf9a8ed886be6e36d461fe01017dc4bc2409f36f,inventoried
rakuyomi,c79563b29e18a7c373d780a4af2ce1961b6184a6,backend/shared/.sqlx/query-dde04fc0a17e96c41d94e317316bc54c79fb69feb125602fdf38f36190be9fdc.json,602,12,afb141f2f54a0ae2e7e593c3886f175eb3d5ee507f0ed8a4ee030dac111e7dde,inventoried
rakuyomi,c79563b29e18a7c373d780a4af2ce1961b6184a6,backend/shared/.sqlx/query-e1e7c786023c99370a49a4dd3155df5da4eb1baf6b3842ce96f632a0a3861208.json,289,12,e5dc337acbe30b67623c408beb5ed2e3c9da7dc26da72a17ed56c4054eb3e14a,inventoried
rakuyomi,c79563b29e18a7c373d780a4af2ce1961b6184a6,backend/shared/.sqlx/query-e25b72b7544d648aa7d6e8f740e03796a8751d83a2409e3f8634f4fc53b560b9.json,472,12,2cf4be3f3b4db831539aa3c89f91400e735b420594966da998f70ab187c4a95b,inventoried
rakuyomi,c79563b29e18a7c373d780a4af2ce1961b6184a6,backend/shared/.sqlx/query-e620e5509c032f9c730d29d95a31792be5b873808f3ec1596940ad9645b72c73.json,513,12,2bcb2d229b2f4fafc422f5c2a207efff5dfbae1ca596e32bc5ce7fc8d52cba73,inventoried
rakuyomi,c79563b29e18a7c373d780a4af2ce1961b6184a6,backend/shared/.sqlx/query-eb48848325d31264373e258ee4257a3a2bdc2b3ab359db968a5776c6703a7543.json,1272,50,16b3ee24dde51947531a09ca5b5164637d1a3fcee77de983b648e837f06a6146,inventoried
rakuyomi,c79563b29e18a7c373d780a4af2ce1961b6184a6,backend/shared/.sqlx/query-f887e93f952c185d9fcd89575c53e09088eb00f7a83c3bfb3a3e1f0212eb1e7b.json,6016,114,58b3a1410f2c5cf7d6b378758bcc21a43fbe74eefad24c84ddf0c6178096c15f,inventoried
rakuyomi,c79563b29e18a7c373d780a4af2ce1961b6184a6,backend/shared/.sqlx/query-fe25ba34c8109a353e3f1dcfc110c3a4b7111603ff0466ca8c5a3a54e26e3fa6.json,5051,208,65be3932f3b7ab8f7989cbf4f353e00a16774648c5d82ac3d0b8d8d32b2b44c4,inventoried
rakuyomi,c79563b29e18a7c373d780a4af2ce1961b6184a6,backend/shared/Cargo.toml,3349,113,f3e2bbb25ca1108abf9ebe55df9847aeeda7caafcc47e81a5dfe1af1991b0250,inventoried
rakuyomi,c79563b29e18a7c373d780a4af2ce1961b6184a6,backend/shared/benches/chapter_downloader_benchmark.rs,2348,71,00286b30c4300dd7ae7484bd5e57e135ca5c5bff2a3a0db5134839403a5b7e51,inventoried
rakuyomi,c79563b29e18a7c373d780a4af2ce1961b6184a6,backend/shared/benches/search_mangas_benchmark.rs,2051,62,21b3315b0cefbeecc701f6ec49acfcc3163c313303a2b6550fb8c6dca4da3561,inventoried
rakuyomi,c79563b29e18a7c373d780a4af2ce1961b6184a6,backend/shared/build.rs,4371,135,7f2d68a328d6eaa32b1e1cbe6de3b312d83697f312c8f47ce00980529a8e8afc,inventoried
rakuyomi,c79563b29e18a7c373d780a4af2ce1961b6184a6,backend/shared/dev.db,106496,,c56d75e6cbfbf05f210cc02a489909d28d3cc28a002c5d046c788759ea47c372,inventoried
rakuyomi,c79563b29e18a7c373d780a4af2ce1961b6184a6,backend/shared/fonts/DejaVuSansMono.ttf,333636,,dfbac4c793ca4b896c34af5c7ccbbaf37924b46cd521a5ecff9130b9c331f575,inventoried
rakuyomi,c79563b29e18a7c373d780a4af2ce1961b6184a6,backend/shared/migrations/20240106202235_create_tables.sql,865,35,d3df83f11aeee05cc5769c7f412d7e2fe5f0b9f6ba09618d1baf5aba88822cc6,inventoried
rakuyomi,c79563b29e18a7c373d780a4af2ce1961b6184a6,backend/shared/migrations/20250601202635_create_manga_state_table.sql,223,6,2a75a7a2ec33afd661fc465378931e99dc371c3cad23e8d34442862bb3a97097,inventoried
rakuyomi,c79563b29e18a7c373d780a4af2ce1961b6184a6,backend/shared/migrations/20251030155900_add_last_read_for_chapter_state.sql,90,3,25670ba3481669e0d64bacf4489c6b2f0e098ed939fcb48774bfb176596fe40a,inventoried
rakuyomi,c79563b29e18a7c373d780a4af2ce1961b6184a6,backend/shared/migrations/20251031114524_add_primary_key_to_chapter_state.sql,410,16,8d296dcef3c1b59bfd9b99421cc8e7e36e86bc1fa76e087626602fa0920d2ad4,inventoried
rakuyomi,c79563b29e18a7c373d780a4af2ce1961b6184a6,backend/shared/migrations/20251122152926_create_manga_details.sql,670,22,98a6129708b1fc0478330c8aac61bf8e9ac963796acac9689de1084afa53b15e,inventoried
rakuyomi,c79563b29e18a7c373d780a4af2ce1961b6184a6,backend/shared/migrations/20251129160813_add_last_updated_chapter_informations.sql,100,3,4adb2a3ed5a1194fef5e87de3b1a112f18355dde9a2aff147b4d08dd67cf53c6,inventoried
rakuyomi,c79563b29e18a7c373d780a4af2ce1961b6184a6,backend/shared/migrations/20251130094339_create_table_last_check_update_and_notify.sql,508,17,8670ea205250694af248e0ac4f4202ef4ca1e2e0f34d04b3263eb2255f29267f,inventoried
rakuyomi,c79563b29e18a7c373d780a4af2ce1961b6184a6,backend/shared/migrations/20251221120510_add-fields-chapter-informations.sql,154,5,f69a51dc5d0a705db527a04ad4c712cc7b89ff45404aa1f16a0dcc59d2dadfbe,inventoried
rakuyomi,c79563b29e18a7c373d780a4af2ce1961b6184a6,backend/shared/migrations/20251229154319_add_field_locked_chapter_informations.sql,108,3,409475218e054e4222e2646fe5e1ec1986132cd0cfa1c6f9d10ae886193c88d3,inventoried
rakuyomi,c79563b29e18a7c373d780a4af2ce1961b6184a6,backend/shared/migrations/20260305005317_create_playlists_table.sql,445,14,43de64a0e3af9491e2560a3601a4b6b718cf28a4cd009b9afd947ed7752e8377,inventoried
rakuyomi,c79563b29e18a7c373d780a4af2ce1961b6184a6,backend/shared/migrations/20260712000000_add_rtl_to_manga_state.sql,186,3,49061e12458a37319c1a395927e51d67729fb8f20bdb2acf68c60033c7f06778,inventoried
rakuyomi,c79563b29e18a7c373d780a4af2ce1961b6184a6,backend/shared/migrations/20260717095948_add-tracking-table.sql,447,14,1ce754a63cb1615896136872694956d54bb226d1641bfe1504ae70886adffebb,inventoried
rakuyomi,c79563b29e18a7c373d780a4af2ce1961b6184a6,backend/shared/migrations/20260718165510_add-tracking-dates.sql,187,3,48edebaa949ba7856403132381249a5822d1420247fdcf5e54de4a96872caa00,inventoried
rakuyomi,c79563b29e18a7c373d780a4af2ce1961b6184a6,backend/shared/sqlx-data.json,20,2,143202607a38ef5b9c5a53238b1a8b3e8895531de2789680d03a63dbe2af31fe,inventoried
rakuyomi,c79563b29e18a7c373d780a4af2ce1961b6184a6,backend/shared/src/arima_light.rs,22946,736,1d58b5b5f362894d9eeb34acd6b21912b4bc24a5e48fb5b8909ce016cbad5146,inventoried
rakuyomi,c79563b29e18a7c373d780a4af2ce1961b6184a6,backend/shared/src/cbz_metadata/mod.rs,8536,271,3e406c227f181b1c41fe9199c855b02e81bfa61cc4e53fc9e2c24e42e5454bc2,inventoried
rakuyomi,c79563b29e18a7c373d780a4af2ce1961b6184a6,backend/shared/src/chapter_downloader.rs,29784,717,b3dc1b6843095956b382649fbfd19805b48129fd2d0dc7ca156a6d6deadf6ed2,inventoried
rakuyomi,c79563b29e18a7c373d780a4af2ce1961b6184a6,backend/shared/src/chapter_storage.rs,25674,783,3d1e6992195fdfb3343cf535f67128333200e05bc30375397cf266d1debd7a92,inventoried
rakuyomi,c79563b29e18a7c373d780a4af2ce1961b6184a6,backend/shared/src/cookie_store.rs,30351,875,0a787f9ff87d0d5394e921c1394433bdd4bac6aba7272bc2c2f68c531e149a66,inventoried
rakuyomi,c79563b29e18a7c373d780a4af2ce1961b6184a6,backend/shared/src/database.rs,149108,3666,992a0a5e28e478fa108e386753f0af5ae751a0e98797c9175c2291fd06be6359,inventoried
rakuyomi,c79563b29e18a7c373d780a4af2ce1961b6184a6,backend/shared/src/lib.rs,471,21,c6afe54df6e22924e9d19264b062c7018dbbd0e0d466177d451c3c98552d60bd,inventoried
rakuyomi,c79563b29e18a7c373d780a4af2ce1961b6184a6,backend/shared/src/model.rs,19474,634,4406f6cb9382a292e8d75cc61b5e189a2a1774af595bcff7039eba59a7940f03,inventoried
rakuyomi,c79563b29e18a7c373d780a4af2ce1961b6184a6,backend/shared/src/resource_usage.rs,4302,112,a14bf2092ac8e4b86562ae5b0d7418f15dd174694e0499fe13fbf4474dbef588,inventoried
rakuyomi,c79563b29e18a7c373d780a4af2ce1961b6184a6,backend/shared/src/settings/implementation.rs,866,30,1bc28e11192d3826ac0b86b31159ba7d9a0fbf05aafc029f7adcc95ca365c62d,inventoried
rakuyomi,c79563b29e18a7c373d780a4af2ce1961b6184a6,backend/shared/src/settings/mod.rs,309,9,87a39ef2c0fe8e5d47e2bbd8f336d57f7ac48eaade99cb5b97b70c8e3d079a5c,inventoried
rakuyomi,c79563b29e18a7c373d780a4af2ce1961b6184a6,backend/shared/src/settings/schema.rs,20933,631,9a09270e74f1af09b915305ceb54be6d939eeaee786ef22e52bcd921f34c1f83,inventoried
rakuyomi,c79563b29e18a7c373d780a4af2ce1961b6184a6,backend/shared/src/source/decode_image.rs,3174,104,f9e4ac589506fb83f364dd30c5c1728be250a716ad9815dd509caba352fb129f,inventoried
rakuyomi,c79563b29e18a7c373d780a4af2ce1961b6184a6,backend/shared/src/source/html_element.rs,27787,865,47fc5824aceca3504fa4824d18551f1b4adb107e5989f1c6fbc2e90ddff0269d,inventoried
rakuyomi,c79563b29e18a7c373d780a4af2ce1961b6184a6,backend/shared/src/source/keiyoushi/mod.rs,71708,1865,b71e817035fd14a2e830f1197a17a217018a22fdc52965092261ac354c928be0,inventoried
rakuyomi,c79563b29e18a7c373d780a4af2ce1961b6184a6,backend/shared/src/source/keiyoushi/model.rs,10793,312,68ef9fb846116ecc11c4b1c945999eaea9b81b545d98b56650ed77c677fdb2ec,inventoried
rakuyomi,c79563b29e18a7c373d780a4af2ce1961b6184a6,backend/shared/src/source/lnreader/.gitignore,8,1,a560186d2551d51e4e055e8ac3fecc8306b95924c083262881c4542d0ecc97c5,inventoried
rakuyomi,c79563b29e18a7c373d780a4af2ce1961b6184a6,backend/shared/src/source/lnreader/convert.rs,7697,212,ce64fed0f8473e25f390e0352f77dd62fcc3fc0f21459b35247fe2f29f55739d,inventoried
rakuyomi,c79563b29e18a7c373d780a4af2ce1961b6184a6,backend/shared/src/source/lnreader/lnreader_js/bun.lock,12117,128,4e5508213c905794e95a7556ce967c8ce30f1590c8001a2ab1d78204109232c1,inventoried
rakuyomi,c79563b29e18a7c373d780a4af2ce1961b6184a6,backend/shared/src/source/lnreader/lnreader_js/package.json,950,27,8b482c7db2cafeca0c3e0f2497200f450ae3494cc2ba92c382927d52a08e6f6c,inventoried
rakuyomi,c79563b29e18a7c373d780a4af2ce1961b6184a6,backend/shared/src/source/lnreader/lnreader_js/scripts/copy-stubs.sh,497,12,3f936768d45843fc03dfceb45348cf7cb1c0ac614804e6742c0d0da0d83656d7,inventoried
rakuyomi,c79563b29e18a7c373d780a4af2ce1961b6184a6,backend/shared/src/source/lnreader/lnreader_js/src/b64.ts,3344,103,bc454c42cc030e5224f6636f876295f52c32ba026a02795deecbf4c93077cdb1,inventoried
rakuyomi,c79563b29e18a7c373d780a4af2ce1961b6184a6,backend/shared/src/source/lnreader/lnreader_js/src/buffer.ts,3714,111,915b192091ead1af97375454339ee85a6c009caab7148b416532bdc2c84b074f,inventoried
rakuyomi,c79563b29e18a7c373d780a4af2ce1961b6184a6,backend/shared/src/source/lnreader/lnreader_js/src/fetch.ts,5268,169,930719d11c13269b9d6248ecd3456c8edcbc5ee798f5d1a1e7f9c9490c162524,inventoried
rakuyomi,c79563b29e18a7c373d780a4af2ce1961b6184a6,backend/shared/src/source/lnreader/lnreader_js/src/globals.d.ts,1387,27,cb678f343e2a3747bf7f31bf79eacce5ef7497ca2b6da61712712c85538e5d2c,inventoried
rakuyomi,c79563b29e18a7c373d780a4af2ce1961b6184a6,backend/shared/src/source/lnreader/lnreader_js/src/invoke.ts,8920,275,e73ec13430cd152867009efb75c36ff77384a289bb7de04371978bd310d7139b,inventoried
rakuyomi,c79563b29e18a7c373d780a4af2ce1961b6184a6,backend/shared/src/source/lnreader/lnreader_js/src/libs.ts,1814,59,db3e97eedeafcd363a7602e0b9265d181db6c44b894b9137d83ac62271547c7d,inventoried
rakuyomi,c79563b29e18a7c373d780a4af2ce1961b6184a6,backend/shared/src/source/lnreader/lnreader_js/src/registry.ts,3010,92,7a68580ac44e0f2fede36732212fce49d03377616532b08b05507bc3716e01fb,inventoried
rakuyomi,c79563b29e18a7c373d780a4af2ce1961b6184a6,backend/shared/src/source/lnreader/lnreader_js/src/storage.ts,2933,115,155a843048176ca36d39cfa9d4d805c09a0cf8b1fdd27e08b8f97d7495f753be,inventoried
rakuyomi,c79563b29e18a7c373d780a4af2ce1961b6184a6,backend/shared/src/source/lnreader/lnreader_js/src/urlencode.ts,5475,195,1e9671cf4aa26fe84a07b43755bfa11d1e98f1eb7b00b64894a77bbfd06dab1a,inventoried
rakuyomi,c79563b29e18a7c373d780a4af2ce1961b6184a6,backend/shared/src/source/lnreader/lnreader_js/src/webapi.ts,15376,546,547f21bc5be649d0a10fed1b9878cf50dbed4a37de4f9a6bba9aaed3b0ed6601,inventoried
rakuyomi,c79563b29e18a7c373d780a4af2ce1961b6184a6,backend/shared/src/source/lnreader/lnreader_js/stubs/parse5-htmlparser2-tree-adapter/index.js,27,1,3ec058c27c3a1b55707363e32d2fbdf530d3e7d9d79dcd86699437395ce03d04,inventoried
rakuyomi,c79563b29e18a7c373d780a4af2ce1961b6184a6,backend/shared/src/source/lnreader/lnreader_js/stubs/parse5-htmlparser2-tree-adapter/package.json,112,6,889cc73211eb4eeae4ed6c2de63a4d0ed60a2a70098cc4d7fc07acc399524232,inventoried
rakuyomi,c79563b29e18a7c373d780a4af2ce1961b6184a6,backend/shared/src/source/lnreader/lnreader_js/stubs/parse5/index.js,382,9,d8ebbc8a4f7803d602f2355992e2b170a3b782a28e1aca6e2e8c34307a8efdb5,inventoried
rakuyomi,c79563b29e18a7c373d780a4af2ce1961b6184a6,backend/shared/src/source/lnreader/lnreader_js/stubs/parse5/package.json,87,6,93640017e7cb5f01dd017d3668d61fcd7702fc5b66bc99981363c704d7a7d2be,inventoried
rakuyomi,c79563b29e18a7c373d780a4af2ce1961b6184a6,backend/shared/src/source/lnreader/lnreader_js/tsconfig.json,337,15,36c9c8ed2c2acde03839c8078a739de8e7e5dc666e1b971813e8205932e69c94,inventoried
rakuyomi,c79563b29e18a7c373d780a4af2ce1961b6184a6,backend/shared/src/source/lnreader/manifest.rs,12363,365,da0b42b4e93e0c5700dfe146d5d02912e6ce0f784ff525ddbc501a7612ce3179,inventoried
rakuyomi,c79563b29e18a7c373d780a4af2ce1961b6184a6,backend/shared/src/source/lnreader/mod.rs,31335,825,dc25465ac33c7ad9e999fae88f4e54c8d34ca8eaf9d11a9c195a5db4883ce368,inventoried
rakuyomi,c79563b29e18a7c373d780a4af2ce1961b6184a6,backend/shared/src/source/lnreader/readme.md,205,4,c2878b5100ae4edaa4d9677988772405d4dedc9837c5f4a32240d1a378726eb2,inventoried
rakuyomi,c79563b29e18a7c373d780a4af2ce1961b6184a6,backend/shared/src/source/lnreader/runtime.rs,31698,855,9725675d69c706c35a25686d9c0f002ab9c6294ddb6f201d34d79a8f580a53f6,inventoried
rakuyomi,c79563b29e18a7c373d780a4af2ce1961b6184a6,backend/shared/src/source/mangayomi/.gitignore,11,1,bcfb24ff41f873ed6e726ff81b1f7fb84ad1cb08d190850e2e59eac6ebf6ed7c,inventoried
rakuyomi,c79563b29e18a7c373d780a4af2ce1961b6184a6,backend/shared/src/source/mangayomi/bridge.rs,66136,1856,4860a382bf7f933fb11603591cab49d84b25c4de57101445bd325023788671c4,inventoried
rakuyomi,c79563b29e18a7c373d780a4af2ce1961b6184a6,backend/shared/src/source/mangayomi/html.rs,5684,147,307affd2782a8c1270882a5ae0f6e7d2cd77919bad23ea1b6d4808601a9ae34b,inventoried
rakuyomi,c79563b29e18a7c373d780a4af2ce1961b6184a6,backend/shared/src/source/mangayomi/js/bridge.rs,46753,1273,9640c53ff32441a547607e7aa9cbbc2cc8cee0003df4beaea55af0a96d06296a,inventoried
rakuyomi,c79563b29e18a7c373d780a4af2ce1961b6184a6,backend/shared/src/source/mangayomi/js/crypto.rs,15440,398,cccb497ce2661ebccd16330374aba47f469a325490e8c551899cd374f155372f,inventoried
rakuyomi,c79563b29e18a7c373d780a4af2ce1961b6184a6,backend/shared/src/source/mangayomi/js/mod.rs,17093,509,38b24b42c457a49f4a61f7c9e525b562414dd49cc9430db2f88b4a3bfb6db04e,inventoried
rakuyomi,c79563b29e18a7c373d780a4af2ce1961b6184a6,backend/shared/src/source/mangayomi/mod.rs,43909,1151,ed1f15a54cbe9f557756cc5bb907feb50a29d562f4d746e086b0b6c07ff4ee23,inventoried
rakuyomi,c79563b29e18a7c373d780a4af2ce1961b6184a6,backend/shared/src/source/mangayomi/model.rs,11949,351,fbcc1f05dd8a9e5e7669fcbb3debe9ad8942224cae7595574266793006e64729,inventoried
rakuyomi,c79563b29e18a7c373d780a4af2ce1961b6184a6,backend/shared/src/source/mangayomi/polyfill/bun.lock,5899,55,d9b920bc1016bd12d00ab730881c5d621002b14f8e70e88f2983e43fc12cc43d,inventoried
rakuyomi,c79563b29e18a7c373d780a4af2ce1961b6184a6,backend/shared/src/source/mangayomi/polyfill/package.json,501,14,1b9ced841e3a9583147bd8e6d42e01e0d15633dc8bcf55ecf8c4d9d4eeaec2c8,inventoried
rakuyomi,c79563b29e18a7c373d780a4af2ce1961b6184a6,backend/shared/src/source/mangayomi/polyfill/src/client.ts,2224,65,2998378503da4341e0cf18d9f47a5d580a35056e8e45952f1dbd00bdd2ebfe4c,inventoried
rakuyomi,c79563b29e18a7c373d780a4af2ce1961b6184a6,backend/shared/src/source/mangayomi/polyfill/src/console.ts,939,28,ba4443c1fc00a8d5c7cf906ec96d5bcf8e1313c4647790262075fc842630959d,inventoried
rakuyomi,c79563b29e18a7c373d780a4af2ce1961b6184a6,backend/shared/src/source/mangayomi/polyfill/src/dom.ts,6429,197,d111056a213437e025602e036e2fc92c1beda4592decbf27a62b368c34d9f6d2,inventoried
rakuyomi,c79563b29e18a7c373d780a4af2ce1961b6184a6,backend/shared/src/source/mangayomi/polyfill/src/globals.d.ts,3911,115,b1da5f5efc232b548ea07fae9b309dcb5121b9ca65a1769783a6183a70c10757,inventoried
rakuyomi,c79563b29e18a7c373d780a4af2ce1961b6184a6,backend/shared/src/source/mangayomi/polyfill/src/helpers.ts,1420,27,77c640f059444b8426b9a7d6396c61e3c3ce49383c91d18f42fea7fcf330ac6e,inventoried
rakuyomi,c79563b29e18a7c373d780a4af2ce1961b6184a6,backend/shared/src/source/mangayomi/polyfill/src/polyfill.ts,1276,34,a5128dd150fb6c0005443dfda8e19ad18c1c1251fc0a14ec0537b5b6bbcda99a,inventoried
rakuyomi,c79563b29e18a7c373d780a4af2ce1961b6184a6,backend/shared/src/source/mangayomi/polyfill/src/preferences.ts,540,16,5e445f8383cd0b56933007dc6d66e489cdafd0d28aff2dae2549f4fc3e16a96f,inventoried
rakuyomi,c79563b29e18a7c373d780a4af2ce1961b6184a6,backend/shared/src/source/mangayomi/polyfill/src/provider.ts,1787,48,db765bfdaa8ee421d2bd872ef7ccbedc04fadeea1bb6ae6e85383ba21b452d34,inventoried
rakuyomi,c79563b29e18a7c373d780a4af2ce1961b6184a6,backend/shared/src/source/mangayomi/polyfill/src/strings.ts,1934,47,a0e0f6030af8bc17cd8d53777d2af178d71d757747edc3f880b34e2d745d883f,inventoried
rakuyomi,c79563b29e18a7c373d780a4af2ce1961b6184a6,backend/shared/src/source/mangayomi/polyfill/tsconfig.json,330,15,c223904c36c087fea8d35291c83aa0d87462426339f7b4a51751ffe4b0d66c1e,inventoried
rakuyomi,c79563b29e18a7c373d780a4af2ce1961b6184a6,backend/shared/src/source/mangayomi/readme.md,204,4,6a7dcc2c46b79e64f878d03774d2df492ff6afc293b697fb6cf7761899b73dc3,inventoried
rakuyomi,c79563b29e18a7c373d780a4af2ce1961b6184a6,backend/shared/src/source/mangayomi/runtime.rs,13529,376,5b25e65dd62fec95b337b6f7c38b8a55cb5ceacf9ee0aa73ca1f7324b9e73ed4,inventoried
rakuyomi,c79563b29e18a7c373d780a4af2ce1961b6184a6,backend/shared/src/source/mangayomi/xpath.rs,38499,1164,4c6552f127f31fc82acffbb946a9d6e493754d638597fd1564f6ed54d5ef84b5,inventoried
rakuyomi,c79563b29e18a7c373d780a4af2ce1961b6184a6,backend/shared/src/source/mod.rs,65635,1834,87eef333c7b678d28d1909c74e027db35195a5b3e32302280f45444f4040ff0e,inventoried
rakuyomi,c79563b29e18a7c373d780a4af2ce1961b6184a6,backend/shared/src/source/model.rs,17445,543,2896bfe76b6e9e45641fe0b6504a7fbda7dc1b14483f7161ab57de7833a99481,inventoried
rakuyomi,c79563b29e18a7c373d780a4af2ce1961b6184a6,backend/shared/src/source/next_reader.rs,1925,66,3c2327143f89a105bd0c92cf61dd8ca91c422523b7ddf0c5f843ac351771e079,inventoried
rakuyomi,c79563b29e18a7c373d780a4af2ce1961b6184a6,backend/shared/src/source/source_settings.rs,6775,208,e12273281668125484301cd094ae97e74cfcf75f9d4ce48d38a9764df952ce01,inventoried
rakuyomi,c79563b29e18a7c373d780a4af2ce1961b6184a6,backend/shared/src/source/wasm_imports/aidoku.rs,8815,287,12c70fc601dc35ddbf58c732400db68b0cc7fd63dc10815f2f5abc25190e188f,inventoried
rakuyomi,c79563b29e18a7c373d780a4af2ce1961b6184a6,backend/shared/src/source/wasm_imports/defaults.rs,1873,59,ddd94b56032a5a1d509585e57b5fd24f4397e202daf8baba123faf885fc68f4f,inventoried
rakuyomi,c79563b29e18a7c373d780a4af2ce1961b6184a6,backend/shared/src/source/wasm_imports/env.rs,2906,98,f41e45aa563f1a30e9a786e732f7baa2fe6cd2b506310d880efab5baad423a92,inventoried
rakuyomi,c79563b29e18a7c373d780a4af2ce1961b6184a6,backend/shared/src/source/wasm_imports/html.rs,23538,721,97b6b63505a7bc1773b6477288359bd364d5c6d7ac40a35c9572339cad4db307,inventoried
rakuyomi,c79563b29e18a7c373d780a4af2ce1961b6184a6,backend/shared/src/source/wasm_imports/json.rs,3540,112,d34dc0ce27ee33000ebc846742744da2341094870bc74cf244d8539be33ffc28,inventoried
rakuyomi,c79563b29e18a7c373d780a4af2ce1961b6184a6,backend/shared/src/source/wasm_imports/mod.rs,143,11,89206a71d7e06660a4e975a26e161e52397cf38aeb833a6ccc70ef48ac2b67ff,inventoried
rakuyomi,c79563b29e18a7c373d780a4af2ce1961b6184a6,backend/shared/src/source/wasm_imports/net.rs,22384,586,71753cfdccd275ba57b7d8b851666828f9b6f1309263d4629a9f1dd4b2eb4c7e,inventoried
rakuyomi,c79563b29e18a7c373d780a4af2ce1961b6184a6,backend/shared/src/source/wasm_imports/next/canvas.rs,16460,532,93ca6b0ac19208119e5dc62261fa7f7f26c8b2e28a6933131e6ef25dfd5b3b04,inventoried
rakuyomi,c79563b29e18a7c373d780a4af2ce1961b6184a6,backend/shared/src/source/wasm_imports/next/defaults.rs,4482,144,da372a0f79927ce441e812296477e3e434005314277f2c7abd7777dc03cfe586,inventoried
rakuyomi,c79563b29e18a7c373d780a4af2ce1961b6184a6,backend/shared/src/source/wasm_imports/next/env.rs,2180,64,5c5053bd7807bc9130b5d4b32aca7dd8f46a7ec052c1ffa30fc9c8ba4f057605,inventoried
rakuyomi,c79563b29e18a7c373d780a4af2ce1961b6184a6,backend/shared/src/source/wasm_imports/next/html.rs,21632,649,95c1a51397854e1a190a9f0a8c6561a6e1eec991474643d54a49b84f46ac9a3a,inventoried
rakuyomi,c79563b29e18a7c373d780a4af2ce1961b6184a6,backend/shared/src/source/wasm_imports/next/js.rs,8067,287,6486d155aad193950b6efd13cee4c634aea4bad98550f7e24f621ff79461a839,inventoried
rakuyomi,c79563b29e18a7c373d780a4af2ce1961b6184a6,backend/shared/src/source/wasm_imports/next/mod.rs,361,15,5b103f8959ab557f6586532273e79b2c01477445342ec828b6690c7ae5cd9efe,inventoried
rakuyomi,c79563b29e18a7c373d780a4af2ce1961b6184a6,backend/shared/src/source/wasm_imports/next/net.rs,13186,375,acc5c9bb27dcfa2822d76a4db47090619bb6f17e2cf44d6f4993a6614e652577,inventoried
rakuyomi,c79563b29e18a7c373d780a4af2ce1961b6184a6,backend/shared/src/source/wasm_imports/next/std.rs,9446,264,97331ac92825c3fbd41f737914c6f0d3ed2454deb4efc6f8d6273db2b0db93f7,inventoried
rakuyomi,c79563b29e18a7c373d780a4af2ce1961b6184a6,backend/shared/src/source/wasm_imports/std.rs,37281,1021,b342366e72a51ada555f6e284b243352c2df279f63c951f9ac8d0953a28995f7,inventoried
rakuyomi,c79563b29e18a7c373d780a4af2ce1961b6184a6,backend/shared/src/source/wasm_store.rs,30813,962,72fc01c49f91c6b71b43939856cd33d8fb48efa7f9352e25b5b3751c78929558,inventoried
rakuyomi,c79563b29e18a7c373d780a4af2ce1961b6184a6,backend/shared/src/source_collection.rs,176,6,488ea2221dbbcdccee08c0b8680ab60a853fe874f9666616e77844f1ca8b5313,inventoried
rakuyomi,c79563b29e18a7c373d780a4af2ce1961b6184a6,backend/shared/src/source_manager.rs,22591,612,83df9d6891b28c357ed073aa65a82ab523737d0d9be3123292bf78f73ce2a653,inventoried
rakuyomi,c79563b29e18a7c373d780a4af2ce1961b6184a6,backend/shared/src/tls.rs,13136,382,a6e87132dd9fe535fd0b96a853fd18768578bc8e719f2507a8f3139813c4a063,inventoried
rakuyomi,c79563b29e18a7c373d780a4af2ce1961b6184a6,backend/shared/src/tracking/anilist.rs,13579,425,d821b36335b4012d3b2d128f97346b8042a8484406b0a88e37b56d371be903b3,inventoried
rakuyomi,c79563b29e18a7c373d780a4af2ce1961b6184a6,backend/shared/src/tracking/bangumi.rs,9962,322,b28c23a0eeff982e6de3d57e86f12c060c02ca6da66161d7481e56a0f973e3c7,inventoried
rakuyomi,c79563b29e18a7c373d780a4af2ce1961b6184a6,backend/shared/src/tracking/kavita.rs,5725,187,092edf87604e20c14787bd56408f76a18d801d957499d07e51fc25760c7a1637,inventoried
rakuyomi,c79563b29e18a7c373d780a4af2ce1961b6184a6,backend/shared/src/tracking/komga.rs,8655,268,96bba4ce319d6698a609447937adbbac736ef833b1790ffb9c226ea8f6b27aa5,inventoried
rakuyomi,c79563b29e18a7c373d780a4af2ce1961b6184a6,backend/shared/src/tracking/mangabaka.rs,14010,406,3092e13ef2acea7dd42e5906ce7afa7d0e2d50798c69e1908d1f3650a4b2dac1,inventoried
rakuyomi,c79563b29e18a7c373d780a4af2ce1961b6184a6,backend/shared/src/tracking/mod.rs,15842,467,9aa6091a9445071024a8dcf87057ab06e6d73868009c13b328a906302ed42551,inventoried
rakuyomi,c79563b29e18a7c373d780a4af2ce1961b6184a6,backend/shared/src/tracking/myanimelist.rs,10062,304,ab7731d6aa72458cf830c920b1b9da9172d2b4cd7c216b1a26574d8fc6e747fc,inventoried
rakuyomi,c79563b29e18a7c373d780a4af2ce1961b6184a6,backend/shared/src/tracking/shikimori.rs,10476,310,40620f290f0536d9cc484c988c2590c44747d1e40d2c21dac4a464af94b23732,inventoried
rakuyomi,c79563b29e18a7c373d780a4af2ce1961b6184a6,backend/shared/src/tracking/suwayomi.rs,12687,424,e34b9367e4b3452aa97cff5a6ae376200a7cdf884a7b87112d0966c15b999eab,inventoried
rakuyomi,c79563b29e18a7c373d780a4af2ce1961b6184a6,backend/shared/src/unscrable_image.rs,2348,82,459af32551fd4df7e26c1b1d7fa350681abd9886cf502bb40f0f971f9d65172f,inventoried
rakuyomi,c79563b29e18a7c373d780a4af2ce1961b6184a6,backend/shared/src/usecases/add_manga_to_library.rs,203,9,a5e89cf48b0ce75ad5c1bb464842a3e7487bdb9bc65d45bc6c5a0f577dfc27b4,inventoried
rakuyomi,c79563b29e18a7c373d780a4af2ce1961b6184a6,backend/shared/src/usecases/add_manga_to_playlist.rs,249,11,5341eeabc1f05ce2016c506471a2d252a92327fcac207e5445a12f30ba21b374,inventoried
rakuyomi,c79563b29e18a7c373d780a4af2ce1961b6184a6,backend/shared/src/usecases/check_mangas_update.rs,7931,272,aa4c34f399fdb7807b83d2ed21af3be7b0f12e8e6bd040813ae5cfc69ca83a5d,inventoried
rakuyomi,c79563b29e18a7c373d780a4af2ce1961b6184a6,backend/shared/src/usecases/check_update.rs,1857,55,c3ef1f91f450e24e3cab4c3c7e4659cfe29d58f943e72dbf4e5ccf3bf72964fd,inventoried
rakuyomi,c79563b29e18a7c373d780a4af2ce1961b6184a6,backend/shared/src/usecases/clear_notifications.rs,167,8,5b67c54ebd125f2484ccf73d08d64826dbf6df69ce8acccb9738ac392ea4a840,inventoried
rakuyomi,c79563b29e18a7c373d780a4af2ce1961b6184a6,backend/shared/src/usecases/create_playlist.rs,189,7,792287c9f312ee3652232b625ccc02590cf1ce4e7743c9a50a9fcf715b4da86c,inventoried
rakuyomi,c79563b29e18a7c373d780a4af2ce1961b6184a6,backend/shared/src/usecases/delete_notification.rs,178,8,6136a4b2b627acfec5c67b632e7d7eecbf8ff66ffc03404be83efaf929c2385b,inventoried
rakuyomi,c79563b29e18a7c373d780a4af2ce1961b6184a6,backend/shared/src/usecases/delete_playlist.rs,157,7,507c2134f642e3d790a407f02964e3c85abb5361d09c02e1bf9a13ac9afc85ce,inventoried
rakuyomi,c79563b29e18a7c373d780a4af2ce1961b6184a6,backend/shared/src/usecases/fetch_manga_chapter.rs,2664,90,62d0f0aaf7b3728c93d1834b5ecb4d20964d45569a958ead8ef1622ce2dcb22d,inventoried
rakuyomi,c79563b29e18a7c373d780a4af2ce1961b6184a6,backend/shared/src/usecases/fetch_manga_chapters_in_batch.rs,16810,480,25ab30094bd1db623803bcfb3d357e9c91ce9972263bffd9b3cbb00dcbe2ba43,inventoried
rakuyomi,c79563b29e18a7c373d780a4af2ce1961b6184a6,backend/shared/src/usecases/fetch_source_list.rs,20729,605,f1db39612c770982f63d86de8c564a310c95b2ff8119a0ed134c62dfe998c50f,inventoried
rakuyomi,c79563b29e18a7c373d780a4af2ce1961b6184a6,backend/shared/src/usecases/find_orphan_or_read_files.rs,343,14,391a2c986664dae2cebc6f10cb2fe7872df2d97aeabe91fd97208a351e62d888,inventoried
rakuyomi,c79563b29e18a7c373d780a4af2ce1961b6184a6,backend/shared/src/usecases/get_cached_manga_chapters.rs,385,17,2d5e077f2f9f42d083b744ae00e197b9ef169f77096d26d1d03eaee21a97d427,inventoried
rakuyomi,c79563b29e18a7c373d780a4af2ce1961b6184a6,backend/shared/src/usecases/get_cached_manga_details.rs,1368,39,c4126178b35aa3316694e6e8d975fd42ee998fea69197108c917a979340af6d3,inventoried
rakuyomi,c79563b29e18a7c373d780a4af2ce1961b6184a6,backend/shared/src/usecases/get_count_notifications.rs,163,7,5c64f11e3a88c5aaf95b03850c663cb2276ca7a8023addf82fee4cf245a48078,inventoried
rakuyomi,c79563b29e18a7c373d780a4af2ce1961b6184a6,backend/shared/src/usecases/get_manga_library.rs,393,12,a35947752e27880d178702ad160bb46dd9c59b0519620fb6975c2098b2fa5498,inventoried
rakuyomi,c79563b29e18a7c373d780a4af2ce1961b6184a6,backend/shared/src/usecases/get_manga_preferred_scanlator.rs,293,10,95b73be8be58bbe0e9ad534ddad1b5586203c6595e7a80e1749894c6ace26969,inventoried
rakuyomi,c79563b29e18a7c373d780a4af2ce1961b6184a6,backend/shared/src/usecases/get_mangas_in_playlist.rs,472,17,f2b00db6bf94eeb1d4923171df278d96f10682dfdb29702afb545777293772b9,inventoried
rakuyomi,c79563b29e18a7c373d780a4af2ce1961b6184a6,backend/shared/src/usecases/get_notifications.rs,1075,35,bd061c630595919055acdd5a5abdd65dcfb46fb6ecc0f0eccbd88f6a5f6f969c,inventoried
rakuyomi,c79563b29e18a7c373d780a4af2ce1961b6184a6,backend/shared/src/usecases/get_playlists.rs,172,7,dfcd40dca904b670f9fb3ef25409a8b1a469310e020eb2e637d82e491dad5534,inventoried
rakuyomi,c79563b29e18a7c373d780a4af2ce1961b6184a6,backend/shared/src/usecases/get_source_setting_definitions.rs,174,5,52fedaf4fa488525dc075550486a54319eba45b2141d51f17c068f4401069543,inventoried
rakuyomi,c79563b29e18a7c373d780a4af2ce1961b6184a6,backend/shared/src/usecases/get_source_stored_settings.rs,364,17,1edcabcbe87b5923ecf4fb867156e5d48c6dfebb98f0ba26fee45e157ec7d0ec,inventoried
rakuyomi,c79563b29e18a7c373d780a4af2ce1961b6184a6,backend/shared/src/usecases/get_storage_stats.rs,639,19,41da98490700b208e56d69d6c38295b04505c3cca882d9285a337e2d4bc4066c,inventoried
rakuyomi,c79563b29e18a7c373d780a4af2ce1961b6184a6,backend/shared/src/usecases/get_tracking_user.rs,959,25,412e3fa698ea88f3bb104761504b99fcaad2d75be3d5940763c1210caaf6893c,inventoried
rakuyomi,c79563b29e18a7c373d780a4af2ce1961b6184a6,backend/shared/src/usecases/install_source.rs,14794,353,9041cd22ef811e620010cf68b26eb59eedb4ffae2725520be75069ba98446d3f,inventoried
rakuyomi,c79563b29e18a7c373d780a4af2ce1961b6184a6,backend/shared/src/usecases/install_update.rs,13200,379,0cdddad20707663756956714396404a789868f44580400066829a68531b7f1d6,inventoried
rakuyomi,c79563b29e18a7c373d780a4af2ce1961b6184a6,backend/shared/src/usecases/link_tracking_binding.rs,295,14,1c5de6f13b4c5aa455f559c28369d0266bcc7831261ca2f1aa74bdc5a22c8549,inventoried
rakuyomi,c79563b29e18a7c373d780a4af2ce1961b6184a6,backend/shared/src/usecases/list_available_sources.rs,5078,129,ef65a3d0b3765e7ef289cb60e3a0bbf028e735eb08dbfd39fa8125886a4ae819,inventoried
rakuyomi,c79563b29e18a7c373d780a4af2ce1961b6184a6,backend/shared/src/usecases/list_installed_sources.rs,457,13,a223dc1e054b6b6c2363d701165489a7f37544675b82e581ff5d0c4d962535b0,inventoried
rakuyomi,c79563b29e18a7c373d780a4af2ce1961b6184a6,backend/shared/src/usecases/list_tracking_bindings.rs,265,13,6ff7fc8d6e1fc3e85384245ee351ea34566dcfbb936a621b37239833f0a89a9a,inventoried
rakuyomi,c79563b29e18a7c373d780a4af2ce1961b6184a6,backend/shared/src/usecases/mark_chapter_as_read.rs,947,28,c96be7cb775a4192c70b5072a84baff949411e7b52b5e2913ce738d046e6df3f,inventoried
rakuyomi,c79563b29e18a7c373d780a4af2ce1961b6184a6,backend/shared/src/usecases/mark_chapters_as_read.rs,3535,108,7bf32662937c9a6caee0785901a53b875d10450c1f82232fd90a858b75e47139,inventoried
rakuyomi,c79563b29e18a7c373d780a4af2ce1961b6184a6,backend/shared/src/usecases/mod.rs,4403,106,dfab7c2f060eaa690ec71ae2a91b77feede776bf4892908bf597d03f208194a4,inventoried
rakuyomi,c79563b29e18a7c373d780a4af2ce1961b6184a6,backend/shared/src/usecases/oauth_bridge.rs,4275,153,3f7e1a5600c8d0c27d157634e764c252278e540a7e40111a6fc7aedd5d01a1c7,inventoried
rakuyomi,c79563b29e18a7c373d780a4af2ce1961b6184a6,backend/shared/src/usecases/refresh_manga_chapters.rs,1142,42,e777e1975282d44100cfd0ed457a813971947cc642c2e2a43f0e212bef64c8ba,inventoried
rakuyomi,c79563b29e18a7c373d780a4af2ce1961b6184a6,backend/shared/src/usecases/refresh_manga_details.rs,1305,50,4c4ad82c41a083a182788f99e5e2670dff94b52a0eaa42e430449f8b62ec0eca,inventoried
rakuyomi,c79563b29e18a7c373d780a4af2ce1961b6184a6,backend/shared/src/usecases/remove_manga_from_library.rs,895,28,8a5298cd3153b0d6eeb5cf28c76ba79d7559e7d8124c70b738ed7f45cfadf886,inventoried
rakuyomi,c79563b29e18a7c373d780a4af2ce1961b6184a6,backend/shared/src/usecases/remove_manga_from_playlist.rs,259,11,f1cbcde15f1457d9f57e7d205d5219f1012bfdf4737f0405df449c239704090c,inventoried
rakuyomi,c79563b29e18a7c373d780a4af2ce1961b6184a6,backend/shared/src/usecases/rename_playlist.rs,177,7,6fe844b134bea31b74e8b694b37b21eb11ce0d2b57489d56254c3aa35195dc6d,inventoried
rakuyomi,c79563b29e18a7c373d780a4af2ce1961b6184a6,backend/shared/src/usecases/resolve_source_list.rs,11410,295,0b074aeaf95b06ec3b05730b69c4e1e63cbf93d2717c073817b376cf3ffce08c,inventoried
rakuyomi,c79563b29e18a7c373d780a4af2ce1961b6184a6,backend/shared/src/usecases/revoke_manga_chapter.rs,1406,37,9f2ae342adaaebb8a879c4e597f87fe7809cc8c7c9ea4353bcebcdcddd8829a7,inventoried
rakuyomi,c79563b29e18a7c373d780a4af2ce1961b6184a6,backend/shared/src/usecases/search_mangas.rs,9324,244,470f3a81e84734f924e50eaeebc05c7a92174925e315e9b0161cce21c3fc58ec,inventoried
rakuyomi,c79563b29e18a7c373d780a4af2ce1961b6184a6,backend/shared/src/usecases/search_tracking_candidates.rs,346,15,456bd5f71aa2d600f872a113d57efb015c7a250a9c424010ac5f1563c2a8d2a6,inventoried
rakuyomi,c79563b29e18a7c373d780a4af2ce1961b6184a6,backend/shared/src/usecases/set_manga_preferred_scanlator.rs,409,20,0d0254b53f18ded385e469779e9a2530b1d7821331bcc1dc3b4253bcf596b960,inventoried
rakuyomi,c79563b29e18a7c373d780a4af2ce1961b6184a6,backend/shared/src/usecases/set_manga_viewer.rs,544,18,3ed348b6b8115509600ce32e56debdf9975524b06170274ba0b99fdd3c7df70c,inventoried
rakuyomi,c79563b29e18a7c373d780a4af2ce1961b6184a6,backend/shared/src/usecases/set_source_stored_settings.rs,981,32,b6fb86dd0a75a45f32e6b5445311651c94ec1265e11747ffeeaa1a95a9be4694,inventoried
rakuyomi,c79563b29e18a7c373d780a4af2ce1961b6184a6,backend/shared/src/usecases/sync_database.rs,8163,283,116c317f37255952ad5f7e9c1f6646841a82741dee29e6973cfe70793edbee89,inventoried
rakuyomi,c79563b29e18a7c373d780a4af2ce1961b6184a6,backend/shared/src/usecases/sync_manga_tracking.rs,14176,419,4a362c93866bdaf06e42f61ee84f2f41cbdebf46d28f5cfee140a3088d4dc18f,inventoried
rakuyomi,c79563b29e18a7c373d780a4af2ce1961b6184a6,backend/shared/src/usecases/uninstall_source.rs,248,9,f6d8641716d410d30293430ca1970a8f092f06d75c499b89bedc1290d7c00b06,inventoried
rakuyomi,c79563b29e18a7c373d780a4af2ce1961b6184a6,backend/shared/src/usecases/unlink_tracking_binding.rs,288,14,b9c7e301fbbf969c948a55eb51ad5399449a71d9d72b81426b2ee99fc8519208,inventoried
rakuyomi,c79563b29e18a7c373d780a4af2ce1961b6184a6,backend/shared/src/usecases/update_last_read_chapter.rs,216,9,d3a0ce512d3c62e4f17806a59d2520d19025059ae1d7fb6a68d999648566b34a,inventoried
rakuyomi,c79563b29e18a7c373d780a4af2ce1961b6184a6,backend/shared/src/usecases/update_settings.rs,13735,326,2b794cb40f2056de8df5ec1d46c2c2ec24caa79485c7d34770330c43c6302de2,inventoried
rakuyomi,c79563b29e18a7c373d780a4af2ce1961b6184a6,backend/shared/src/usecases/validate_tracking.rs,280,9,9e306bda3d7db8305c7e48354c770330c71f5aab5c91a2a7216ec8121d11f2dd,inventoried
rakuyomi,c79563b29e18a7c373d780a4af2ce1961b6184a6,backend/shared/src/util.rs,19837,661,79b7fa1409eee23ef579e65510ada7a7f2e23ef17b992fcce6506c06649dfca7,inventoried
rakuyomi,c79563b29e18a7c373d780a4af2ce1961b6184a6,backend/shared/tests/aidoku_issue304.rs,5523,155,2b9b92dbb5c047697f2443687c39c76ff8cd785653ced41909237754baeeaf6a,inventoried
rakuyomi,c79563b29e18a7c373d780a4af2ce1961b6184a6,backend/shared/tests/aidoku_mangaplus_issue325.rs,11491,333,8685279eefb31fd22c063ae1a77f88a5969a16cd47385d3823a5af22bcc43dd4,inventoried
rakuyomi,c79563b29e18a7c373d780a4af2ce1961b6184a6,backend/shared/tests/aidoku_novelbuddy_issue328.rs,4372,138,88a20026cc359e33ff20ab29e3e3c3bdda9ea2905d1b0038d27ed1b4260019d8,inventoried
rakuyomi,c79563b29e18a7c373d780a4af2ce1961b6184a6,backend/shared/tests/data/chrysanthemumgarden.js,4902,0,14012b5043dbfed77d9764d599e7ef1f8009791a9075f6ae8a4afe78c2900f1b,inventoried
rakuyomi,c79563b29e18a7c373d780a4af2ce1961b6184a6,backend/shared/tests/data/mangayomi-js/mangadex.js,25443,551,5dbc552eb37a5d90fef5fa421abeb4f093298e41a03e20c816913cfac79bd82b,inventoried
rakuyomi,c79563b29e18a7c373d780a4af2ce1961b6184a6,backend/shared/tests/data/mangayomi-js/manhwaz.js,12734,420,5f30cbcbb28bc6162b039491293a58d3fd501f60d3e8ca3bde8b24b6e4850bf2,inventoried
rakuyomi,c79563b29e18a7c373d780a4af2ce1961b6184a6,backend/shared/tests/data/mangayomi-js/webtoons.js,16258,651,7268ea074461da6d3c901526f40d4601e6b783795ec28fc93aa39581eaed4bd2,inventoried
rakuyomi,c79563b29e18a7c373d780a4af2ce1961b6184a6,backend/shared/tests/data/mangayomi-js/weebcentral.js,8911,232,77fd999daeb9312022fd0bc559180a4d9845cec58b4edf0f220a27ac106147b2,inventoried
rakuyomi,c79563b29e18a7c373d780a4af2ce1961b6184a6,backend/shared/tests/data/novelbuddy.js,26711,402,4a5d73f9111d8183634127007f3eb57b961368e60d99d977aa81b867f50753dd,inventoried
rakuyomi,c79563b29e18a7c373d780a4af2ce1961b6184a6,backend/shared/tests/data/royalroad.js,13402,0,9eb6acc6df7bdc66e320380d0882435bb480b2cfa28b0b8e9013d0f8b60ab806,inventoried
rakuyomi,c79563b29e18a7c373d780a4af2ce1961b6184a6,backend/shared/tests/fixtures/tachiyomi-en.mangapill-v1.4.9.apk,39587,,a89cedebe600d4545625b59022b4f241d8416c245916cb451476aaa954451b5c,inventoried
rakuyomi,c79563b29e18a7c373d780a4af2ce1961b6184a6,backend/shared/tests/keiyoushi_fetch_live.rs,5263,158,98d61d946eaa298efeb2ef0fdd3cae4671fcc10a341310b0325b492cd73ad52b,inventoried
rakuyomi,c79563b29e18a7c373d780a4af2ce1961b6184a6,backend/shared/tests/keiyoushi_live.rs,10091,289,6743a99eb85b367e35c1bdaf3d6181f8c3b8340f97d035c230b5b3af1502b8c6,inventoried
rakuyomi,c79563b29e18a7c373d780a4af2ce1961b6184a6,backend/shared/tests/keiyoushi_probe_temp.rs,5067,158,c51bd1c6bca4b38822a054ecd77db6d85a284bf214f1af24ec0da9f946d0474a,inventoried
rakuyomi,c79563b29e18a7c373d780a4af2ce1961b6184a6,backend/shared/tests/lnreader_runner.rs,32898,944,843b9cd81e15661cd2e888580b454abe99bf98d0ea3ab3c4577c9a6284e34edc,inventoried
rakuyomi,c79563b29e18a7c373d780a4af2ce1961b6184a6,backend/shared/tests/lnreader_source.rs,5322,177,c2919eaf3dd1b4f7ccb3371000f6d0290c5d81d467d6938237558ff5fa8a48dd,inventoried
rakuyomi,c79563b29e18a7c373d780a4af2ce1961b6184a6,backend/shared/tests/mangayomi_js_live.rs,6740,230,d9f63fa0e7d1e11972ae82a87d045265d18c8cd67ff4c93e2d37b73bd7bd1a4d,inventoried
rakuyomi,c79563b29e18a7c373d780a4af2ce1961b6184a6,backend/shared/tests/mangayomi_js_runner.rs,32305,909,1d335c1cca29868e7992560a57f40f22394fef4917b870ed175461c1f15dd669,inventoried
rakuyomi,c79563b29e18a7c373d780a4af2ce1961b6184a6,backend/shared/tests/mangayomi_runner.rs,49031,1404,b95f6dedd4ba048de8fceaf7b3735a9f3527d8b1699003c16a392607ea99f40e,inventoried
rakuyomi,c79563b29e18a7c373d780a4af2ce1961b6184a6,backend/tree.tx,66288,1379,09dc0414d0abe05c31c9746fd11161e536913b7400930a8e9223e9b2320b11c9,inventoried
rakuyomi,c79563b29e18a7c373d780a4af2ce1961b6184a6,backend/uds_http_request/Cargo.toml,425,16,95ca91a39372261073fcbd295a5b8d328b86f9d11ed8e0e18698ef9034fcc603,inventoried
rakuyomi,c79563b29e18a7c373d780a4af2ce1961b6184a6,backend/uds_http_request/src/main.rs,3084,109,7808c4c295de9b037d31c9d725c9a5ec1437d699df940fd4609e75e186cb86cc,inventoried
rakuyomi,c79563b29e18a7c373d780a4af2ce1961b6184a6,backend/wasm_macros/Cargo.toml,354,15,1c23e38abfcfeae000080dd471f0105bd73b8a74048249167a93500b37ee6c57,inventoried
rakuyomi,c79563b29e18a7c373d780a4af2ce1961b6184a6,backend/wasm_macros/src/lib.rs,6475,200,9a6163ec6884111e79be68fd36281e30e0adfd7894725182cc9c84b7e4a003c8,inventoried
rakuyomi,c79563b29e18a7c373d780a4af2ce1961b6184a6,backend/wasm_shared/Cargo.toml,275,12,2307a7bb51ad7ca231cfe296ef460f613aac29da668eab1dda8bfcb695f76c3d,inventoried
rakuyomi,c79563b29e18a7c373d780a4af2ce1961b6184a6,backend/wasm_shared/src/lib.rs,9529,329,afad157e388b7a241111728d84082f2fad77ae53879862f4f5063c1b492e2c6c,inventoried
rakuyomi,c79563b29e18a7c373d780a4af2ce1961b6184a6,backend/wasm_shared/src/memory_reader.rs,1903,78,9eaebcbea773194903336e4af779f2d43d4c0e76aca377edf6b65458e28e6da5,inventoried
rakuyomi,c79563b29e18a7c373d780a4af2ce1961b6184a6,ci/lua-language-server-check.py,3595,110,3d496e9666cc9c6015b81dd11bfb380528850befdd271838fb8673d5460c6df9,inventoried
rakuyomi,c79563b29e18a7c373d780a4af2ce1961b6184a6,ci/run-e2e-tests.sh,344,14,e10dea2a50cb1f0c9109a602867f257c4d0f121ff3db2140113bb39a6348afeb,inventoried
rakuyomi,c79563b29e18a7c373d780a4af2ce1961b6184a6,devenv.lock,3668,156,0bad34d37fc8afa4106fa2162de2f5e9591e5335199fbb201e2b9d91e1c61672,inventoried
rakuyomi,c79563b29e18a7c373d780a4af2ce1961b6184a6,devenv.nix,3950,138,2a7f7d18002696649132bb3ee60e1b4a0e20cfcef0c1964944bd557806edad83,inventoried
rakuyomi,c79563b29e18a7c373d780a4af2ce1961b6184a6,devenv.yaml,273,12,fe83ebd36c9fa05584ff31eb32b1b8504ad4bf0f00bd61d2540b4d6b7cab4d52,inventoried
rakuyomi,c79563b29e18a7c373d780a4af2ce1961b6184a6,docs/.gitignore,5,1,3c4dbff9eeda9410a0b9eb423472981db8997d666388b4cd2424700c3974d64b,inventoried
rakuyomi,c79563b29e18a7c373d780a4af2ce1961b6184a6,docs/README.md,15,1,c6afe9bf6019f396d571fc079e81a3af9f6c9d6a988fabb59a1959908d64234b,inventoried
rakuyomi,c79563b29e18a7c373d780a4af2ce1961b6184a6,docs/book.toml,493,19,4edca2c69ad32cac5c1d45cd4acd13f11477aeed7efba9e7964f806a1892663d,inventoried
rakuyomi,c79563b29e18a7c373d780a4af2ce1961b6184a6,docs/mdbook-admonish.css,14830,348,6096bc5608b511ea988472a48bc5a388397ec97e5c4ef5501a2f3eba7556af25,inventoried
rakuyomi,c79563b29e18a7c373d780a4af2ce1961b6184a6,docs/src/README.md,2504,49,dc08264798bc857ec9ff0ba46af4299a027a2c77235b661fc9b57459e7eeefb6,inventoried
rakuyomi,c79563b29e18a7c373d780a4af2ce1961b6184a6,docs/src/SUMMARY.md,538,16,eee96973aad55ff2ee416240e8f0d85c82121db7108918ea4e7bfd1ebef6e4ff,inventoried
rakuyomi,c79563b29e18a7c373d780a4af2ce1961b6184a6,docs/src/contributing/setting-up-the-environment.md,2122,41,807544a5582e1a1ad80e34cd7c40b499e52f57f9d9a8d0bf88ce1e021f944211,inventoried
rakuyomi,c79563b29e18a7c373d780a4af2ce1961b6184a6,docs/src/images/demo.gif,4318602,,1cb57826eae656ad7d3299ab1c2ee230d68ace44ea741b43c5e85f757260a470,inventoried
rakuyomi,c79563b29e18a7c373d780a4af2ce1961b6184a6,docs/src/user-guide/images/available-sources.png,208874,,59f84f6269dc9fc40ca3515f5803641513dbc3e96f854aa218e355d1a2c89769,inventoried
rakuyomi,c79563b29e18a7c373d780a4af2ce1961b6184a6,docs/src/user-guide/images/chapter-listing.png,199569,,1d444157a4d1e9f19d12991d326c85fdd479b024c6107ac453568463116893a1,inventoried
rakuyomi,c79563b29e18a7c373d780a4af2ce1961b6184a6,docs/src/user-guide/images/download-unread-chapters.png,49892,,a20b7a953df761c797fb9dc7eb003989080e07f2b6bd3fd3adb415f47ec99b6d,inventoried
rakuyomi,c79563b29e18a7c373d780a4af2ce1961b6184a6,docs/src/user-guide/images/empty-installed-sources.png,89897,,9100fbe8df60bd177d77515c44f470a714d2417a02ddd2aa4ccb2331ead2b04a,inventoried
rakuyomi,c79563b29e18a7c373d780a4af2ce1961b6184a6,docs/src/user-guide/images/empty-library-view.png,81461,,7c5b690993c7051fe6962db04a352d0b6b5b5665eb4c7f1c95ab2452c46a1d91,inventoried
rakuyomi,c79563b29e18a7c373d780a4af2ce1961b6184a6,docs/src/user-guide/images/go-back-to-rakuyomi.png,483748,,8bb9f95b623148b817a91257875d26b84fb586f7dc4209580a4916867f09ea05,inventoried
rakuyomi,c79563b29e18a7c373d780a4af2ce1961b6184a6,docs/src/user-guide/images/library-view-menu.png,81720,,3725be7aff0dc240db78156b39cf2bfa6e6d2779e87d50ff041ac33a4c50c0de,inventoried
rakuyomi,c79563b29e18a7c373d780a4af2ce1961b6184a6,docs/src/user-guide/images/manga-reader.png,2526474,,95af907ffd934ce02f79489855ec245a784b60d4d3fa0319e9949c5ecfddcf5b,inventoried
rakuyomi,c79563b29e18a7c373d780a4af2ce1961b6184a6,docs/src/user-guide/images/manga-search.png,132003,,71f8859b46334a1010a332478088da3d36804a89a8dbe884cc36055a38c93cca,inventoried
rakuyomi,c79563b29e18a7c373d780a4af2ce1961b6184a6,docs/src/user-guide/images/offline-mode-indicator.png,11609,,8963f580f24c7804734c09cf55856f8d3d1cde9cd4717e31de5c594af858ef3a,inventoried
rakuyomi,c79563b29e18a7c373d780a4af2ce1961b6184a6,docs/src/user-guide/images/open-rakuyomi.png,88330,,a157c5f1ebbfba23b3bcd36b52eaafd9270c72383d194e47acb42f57baeb46e6,inventoried
rakuyomi,c79563b29e18a7c373d780a4af2ce1961b6184a6,docs/src/user-guide/images/search-results.png,70582,,079c91feae272fb3e45a7b4a5926032df80c93ac3114cdcfb5abca0de6f99575,inventoried
rakuyomi,c79563b29e18a7c373d780a4af2ce1961b6184a6,docs/src/user-guide/installation/README.md,810,9,a58ce9550d1e8dd451d1b146d0abdaf229acf85e355eafd3c92390825092e295,inventoried
rakuyomi,c79563b29e18a7c373d780a4af2ce1961b6184a6,docs/src/user-guide/installation/choosing-a-build.md,3953,79,fc0e0c27e465456787db4a72fa390ef64dcb337290f0a4b18bb75772ef2ebc94,inventoried
rakuyomi,c79563b29e18a7c373d780a4af2ce1961b6184a6,docs/src/user-guide/installation/images/koreader-folder.png,512782,,82143b33286d510388a5dc6d8c8bdb51e9281e8944c818dc6d3d2ef2de3c0a47,inventoried
rakuyomi,c79563b29e18a7c373d780a4af2ce1961b6184a6,docs/src/user-guide/installation/images/plugins-folder.png,584952,,2c115ad5f44c6b3d05b888bb9d3216a3687bcbfff0907ecf705f0204a13b950c,inventoried
rakuyomi,c79563b29e18a7c373d780a4af2ce1961b6184a6,docs/src/user-guide/installation/images/rakuyomi-folder.png,555430,,2dba77b9b78b5ee21965f02edbb377e655dab987997c09e0c8d790ce095580ec,inventoried
rakuyomi,c79563b29e18a7c373d780a4af2ce1961b6184a6,docs/src/user-guide/installation/images/settings-file.png,319940,,ea6bdd4c9d3bb909c1001884cc2d9f3138d53ee84fbcce805154889dd9532352,inventoried
rakuyomi,c79563b29e18a7c373d780a4af2ce1961b6184a6,docs/src/user-guide/installation/installing-to-your-device.md,3802,67,044b96fb2d95ab4e8f0f6870637cc85d50817430b466d40b74b617b5676687bd,inventoried
rakuyomi,c79563b29e18a7c373d780a4af2ce1961b6184a6,docs/src/user-guide/offline-mode.md,1972,45,1e4901ba8c18ac49b539c7bd5f2c2df95f3badab29c514d63e35acb95a8c1c45,inventoried
rakuyomi,c79563b29e18a7c373d780a4af2ce1961b6184a6,docs/src/user-guide/quickstart.md,3533,52,0388a440940a5c3c34195a3384f87590cfff98dc369f6624d662e2259687be58,inventoried
rakuyomi,c79563b29e18a7c373d780a4af2ce1961b6184a6,docs/src/user-guide/reader-recommended-settings/README.md,1365,37,26451eb07ce49d9d1a1b579a80be31ddca1b0b64e5b8195a143e7fbd06e6c83e,inventoried
rakuyomi,c79563b29e18a7c373d780a4af2ce1961b6184a6,docs/src/user-guide/reader-recommended-settings/images/dithering.png,59842,,519f07fcf82e5d0ddf37190cc9daeaefaea0d8aa885d012a93951c6d7e8e5987,inventoried
rakuyomi,c79563b29e18a7c373d780a4af2ce1961b6184a6,docs/src/user-guide/reader-recommended-settings/images/fit.png,34735,,cb0ef24145b0471628141ed9b97f74fd991cc12d19ba0c03ea91281bf153e8f7,inventoried
rakuyomi,c79563b29e18a7c373d780a4af2ce1961b6184a6,docs/src/user-guide/reader-recommended-settings/images/page-crop.png,33781,,ec13ed01d7fdf7c5302d476be2457b764e908feefc1b94aa2af44456d6ad1584,inventoried
rakuyomi,c79563b29e18a7c373d780a4af2ce1961b6184a6,docs/src/user-guide/reader-recommended-settings/images/view-mode.png,37953,,f003c739747d96e4e089c393434c5956f96da76ec2393cd64cc45ebf4fb620f1,inventoried
rakuyomi,c79563b29e18a7c373d780a4af2ce1961b6184a6,docs/theme/book.js,26780,722,246778944a520293381cfed242e4b6ff084e45dbcad38300ad82983807e5bce9,inventoried
rakuyomi,c79563b29e18a7c373d780a4af2ce1961b6184a6,e2e-tests/.gitignore,3475,176,0c1ca5f1410aa19e43f47b5c25604f97e7354f505693067a47b7d1153b250d7a,inventoried
rakuyomi,c79563b29e18a7c373d780a4af2ce1961b6184a6,e2e-tests/__init__.py,0,0,e3b0c44298fc1c149afbf4c8996fb92427ae41e4649b934ca495991b7852b855,inventoried
rakuyomi,c79563b29e18a7c373d780a4af2ce1961b6184a6,e2e-tests/poetry.lock,315154,4701,c298d9beec4e1a33ec02b5ad412fb2a492fb19203dccc227ac7323ff7ecfac15,inventoried
rakuyomi,c79563b29e18a7c373d780a4af2ce1961b6184a6,e2e-tests/pyproject.toml,813,33,e54cf11d51137b520675f7f3f1ad1df3f5d2689a0b9c77d86a2c5260558160dd,inventoried
rakuyomi,c79563b29e18a7c373d780a4af2ce1961b6184a6,e2e-tests/tests/__init__.py,0,0,e3b0c44298fc1c149afbf4c8996fb92427ae41e4649b934ca495991b7852b855,inventoried
rakuyomi,c79563b29e18a7c373d780a4af2ce1961b6184a6,e2e-tests/tests/agent.py,5369,169,d14138d9b84a42073aec858ce8e2591daf4b7c22aa9fed939c226da761b2b318,inventoried
rakuyomi,c79563b29e18a7c373d780a4af2ce1961b6184a6,e2e-tests/tests/conftest.py,56,1,48e23086d1c67e143c086b45842ab1eb41e30cb7eedd3bcc49c50a63cc43852a,inventoried
rakuyomi,c79563b29e18a7c373d780a4af2ce1961b6184a6,e2e-tests/tests/fixtures.py,1025,29,16e18d82776f4405bb109dc3a4c7e1768a05c407e36e5b93b9cebbbebf04dc7b,inventoried
rakuyomi,c79563b29e18a7c373d780a4af2ce1961b6184a6,e2e-tests/tests/koreader_driver.py,11246,343,898cc60daa18f19bc7f95294ba95f3dbde81857d0c075aba1c82b9d2afd74b6d,inventoried
rakuyomi,c79563b29e18a7c373d780a4af2ce1961b6184a6,e2e-tests/tests/phase_report_hook.py,727,21,7c01cca9bdb2a6b46205f033a16265d83d53e275de757bd8e505bbdf3ec28b41,inventoried
rakuyomi,c79563b29e18a7c373d780a4af2ce1961b6184a6,e2e-tests/tests/queries/__init__.py,234,4,1fcd9ea45ceda556c8535454f34db826d2fbb33f631cacd56c6b8ab88ea3696a,inventoried
rakuyomi,c79563b29e18a7c373d780a4af2ce1961b6184a6,e2e-tests/tests/queries/count_listing_pages.py,356,12,345f09a074413e33bc7998989c5ca23909b778627ada5093c536b47358d7bce5,inventoried
rakuyomi,c79563b29e18a7c373d780a4af2ce1961b6184a6,e2e-tests/tests/queries/describe_dialog.py,1151,31,afa3528fbfe04d9130322bd45df66f8d74d787a3c97e6e20d04809516b702ab2,inventoried
rakuyomi,c79563b29e18a7c373d780a4af2ce1961b6184a6,e2e-tests/tests/queries/list_available_sources.py,590,20,4c37ee92e7f692f44d143c1716a18d07d2f7d4644bfd58efbdea3a8c50ee6b25,inventoried
rakuyomi,c79563b29e18a7c373d780a4af2ce1961b6184a6,e2e-tests/tests/queries/list_mangas.py,408,18,daa3e9c6f0ff8e2eda0012a43b84dfd063102584cfb3c1d5665a8ac7b31d389d,inventoried
rakuyomi,c79563b29e18a7c373d780a4af2ce1961b6184a6,e2e-tests/tests/queries/locate_button.py,376,15,51551e0b9a174330004c7fc86ac8734b758da1be86d314b240c2dbc7e15a7829,inventoried
rakuyomi,c79563b29e18a7c373d780a4af2ce1961b6184a6,e2e-tests/tests/test_library_view.py,3721,88,30c1bcc1399167dbceb6a23f673d182cc691c000ef1c99d63c2d8667cab92f49,inventoried
rakuyomi,c79563b29e18a7c373d780a4af2ce1961b6184a6,e2e-tests/tests/test_open_chapter.py,4514,120,00cb82186c881609dd7bb27103501cb04a3db6e171526c9f898f6e8b99a0b987,inventoried
rakuyomi,c79563b29e18a7c373d780a4af2ce1961b6184a6,e2e-tests/tests/test_search_view_modes.py,2912,81,c77855f09f34666e25632b4f7c115b170dfbf2f2bc7da30b3d9f514848c1bc42,inventoried
rakuyomi,c79563b29e18a7c373d780a4af2ce1961b6184a6,flake.lock,2887,112,65f664ab8021979c9e4f7a56ddda346d3dd461373331b028ca0b4ef4696285e5,inventoried
rakuyomi,c79563b29e18a7c373d780a4af2ce1961b6184a6,flake.nix,7240,199,be85bb666bc88f77146207b9a48113ce76d4f0be39824b7ef50bed020783c35a,inventoried
rakuyomi,c79563b29e18a7c373d780a4af2ce1961b6184a6,frontend/.editorconfig,87,4,15b03f32f9745b4e242e8bfbdaee89b01d98a9d2f53d1ec1c1ab78aba66da254,inventoried
rakuyomi,c79563b29e18a7c373d780a4af2ce1961b6184a6,frontend/.luarc.ci.json,275,9,2ba62e8da7c84228885184438a443e1f1765c31632f1f904296c92f3f179cf59,inventoried
rakuyomi,c79563b29e18a7c373d780a4af2ce1961b6184a6,frontend/rakuyomi.koplugin/AvailableSourcesListing.lua,22618,685,47f5ef11b0a26a6737fcc83ecae69c0754f2187e7e5387b8959c2c036ea59e7f,inventoried
rakuyomi,c79563b29e18a7c373d780a4af2ce1961b6184a6,frontend/rakuyomi.koplugin/Backend.lua,46222,1388,60e2e9ea73c0817c6815e7c771068b0ed8e0312838d782261e70a86e43d68aa7,inventoried
rakuyomi,c79563b29e18a7c373d780a4af2ce1961b6184a6,frontend/rakuyomi.koplugin/BasicJobDialog.lua,7800,268,143c2ea23aff90403fa03e45c64b53c98970f52e84c85a13ca35fbcd531e6ce8,inventoried
rakuyomi,c79563b29e18a7c373d780a4af2ce1961b6184a6,frontend/rakuyomi.koplugin/ChapterListPopup.lua,12609,411,b7979d8ad6fe4803262ed48ddc83f66cf0a5908f12321b1dd3d5781594755a45,inventoried
rakuyomi,c79563b29e18a7c373d780a4af2ce1961b6184a6,frontend/rakuyomi.koplugin/ChapterListing.lua,45557,1564,b3692a243633e97dd8c831b5b23adbfa7ad246d086ac88c0f9ed11eeaf0dbc92,inventoried
rakuyomi,c79563b29e18a7c373d780a4af2ce1961b6184a6,frontend/rakuyomi.koplugin/ChapterMenuItem.lua,4757,159,72431897683b48d41474935e9bc7b7b1ffe5dc8477eaebbaec387fa50a1bf8b2,inventoried
rakuyomi,c79563b29e18a7c373d780a4af2ce1961b6184a6,frontend/rakuyomi.koplugin/CheckboxDialog.lua,1538,57,3fcb422af2614b3c2a73fea5e5b2440f95c4bbad9ef55994f4e77c43e1bfa510,inventoried
rakuyomi,c79563b29e18a7c373d780a4af2ce1961b6184a6,frontend/rakuyomi.koplugin/CookieSyncView.lua,12275,451,a3853e8554e2176299bcedc7cc3296a59d7b69529af9c670cb2023973444ca1f,inventoried
rakuyomi,c79563b29e18a7c373d780a4af2ce1961b6184a6,frontend/rakuyomi.koplugin/CustomDialog.lua,3137,117,99e46ff0c2803286e17683e9b91d41a2a3d4e937ed405d7764ba781bd93a1dcd,inventoried
rakuyomi,c79563b29e18a7c373d780a4af2ce1961b6184a6,frontend/rakuyomi.koplugin/DownloadUnreadChaptersJobDialog.lua,822,26,129fd89370cbd8eabcdcf605f8263979d00af6118ff43fb6602512e42636e91b,inventoried
rakuyomi,c79563b29e18a7c373d780a4af2ce1961b6184a6,frontend/rakuyomi.koplugin/ErrorDialog.lua,669,28,3a0453fdaf5595f11d676b0ef59296e6c0e95b8ec856f395d848d604fe550626,inventoried
rakuyomi,c79563b29e18a7c373d780a4af2ce1961b6184a6,frontend/rakuyomi.koplugin/Icons.lua,1584,39,817b3e063650ea46edf2d7f5a1d1336ed31c2099059293b7886a99c2d7aeba42,inventoried
rakuyomi,c79563b29e18a7c373d780a4af2ce1961b6184a6,frontend/rakuyomi.koplugin/InstalledSourcesListing.lua,5652,202,9a1114e762bed7df0f47211ed16765389ae0eaea43fa4bde499a15026ca49674,inventoried
rakuyomi,c79563b29e18a7c373d780a4af2ce1961b6184a6,frontend/rakuyomi.koplugin/LanguagesListing.lua,5972,252,c112de9ded53131a64355f0b3474dd28d24b01eecd1d8fd518a1555ea206a5d8,inventoried
rakuyomi,c79563b29e18a7c373d780a4af2ce1961b6184a6,frontend/rakuyomi.koplugin/LibraryView.lua,44532,1536,8ab41314d6652f0caa5e87b9c4adfd2655f7c4ffd5ba4e51f15203f684cbcbd1,inventoried
rakuyomi,c79563b29e18a7c373d780a4af2ce1961b6184a6,frontend/rakuyomi.koplugin/LoadingDialog.lua,7515,250,16fae2f8b50e0883916f33d27790cd8304aaed5d9aa42dc5c5500f6474b13c36,inventoried
rakuyomi,c79563b29e18a7c373d780a4af2ce1961b6184a6,frontend/rakuyomi.koplugin/MangaInfoWidget.lua,17946,626,687a8da67c8e2e648bb568293c81457144151e349ec29badd1bcd5f073f8bc9a,inventoried
rakuyomi,c79563b29e18a7c373d780a4af2ce1961b6184a6,frontend/rakuyomi.koplugin/MangaReader.lua,24161,644,9669cfb051267690d6c21d2722a853ffae56bc1c8fc6cb3e404db32ed2fd7805,inventoried
rakuyomi,c79563b29e18a7c373d780a4af2ce1961b6184a6,frontend/rakuyomi.koplugin/MangaReaderExtend.lua,3798,119,5b14e928ffa6d5e1964898621f8d94fc21c3589223473f24394a0e6d21825d5b,inventoried
rakuyomi,c79563b29e18a7c373d780a4af2ce1961b6184a6,frontend/rakuyomi.koplugin/MangaSearchResults.lua,13403,484,97ee206d8022839dbcb6efc7706956159d32fad811afd2ea83d843602f94ab79,inventoried
rakuyomi,c79563b29e18a7c373d780a4af2ce1961b6184a6,frontend/rakuyomi.koplugin/MenuItem.lua,4078,142,484fc0a325ed3bd2f76af7b150e25f5c1253e81bff81c31b418ccce275489278,inventoried
rakuyomi,c79563b29e18a7c373d780a4af2ce1961b6184a6,frontend/rakuyomi.koplugin/NotificationView.lua,5033,199,58b3ddf6656a69e7feb2bd03172c6e43a11c54a0e1343c084f033b958c564492,inventoried
rakuyomi,c79563b29e18a7c373d780a4af2ce1961b6184a6,frontend/rakuyomi.koplugin/OAuthFlowView.lua,9631,338,17693abfc624df9f6add47bfb4982d9fa6f636e11c67dcc8909fe86da7d73938,inventoried
rakuyomi,c79563b29e18a7c373d780a4af2ce1961b6184a6,frontend/rakuyomi.koplugin/OfflineAlertDialog.lua,2366,75,bcbfff71cb20a9c4f2aeb0db85e0365970bd298bfce04e91d7b23c01f1d78cdc,inventoried
rakuyomi,c79563b29e18a7c373d780a4af2ce1961b6184a6,frontend/rakuyomi.koplugin/Paths.lua,635,23,b90dd4e6b2e6af28be16915afc6e9c2dde3de468ce2db4662233492b2678ce29,inventoried
rakuyomi,c79563b29e18a7c373d780a4af2ce1961b6184a6,frontend/rakuyomi.koplugin/Platform.lua,170,7,694037e6ff7cbe5ffd1b879196b9bed4ba1d9b39423651ef88d1f93c4b484fea,inventoried
rakuyomi,c79563b29e18a7c373d780a4af2ce1961b6184a6,frontend/rakuyomi.koplugin/PlaylistDialog.lua,10052,350,f924c8bbe0ab88c251ec9e9bf6e65da031c32281a5c650564b6c6926f707de7b,inventoried
rakuyomi,c79563b29e18a7c373d780a4af2ce1961b6184a6,frontend/rakuyomi.koplugin/RakuyomiShared.lua,3675,123,5a715782b635d490286516cb4595a499fbf70b0910ab91b67eed7d4be82e4055,inventoried
rakuyomi,c79563b29e18a7c373d780a4af2ce1961b6184a6,frontend/rakuyomi.koplugin/Settings.lua,19241,777,2b5c4705cdae6de893e9b2cac94634ab54d3a84230287640d950277fbbfbb016,inventoried
rakuyomi,c79563b29e18a7c373d780a4af2ce1961b6184a6,frontend/rakuyomi.koplugin/SourceListsListing.lua,7327,293,bd5dad6a9cb276fcc0776aaf3543cef8fd8d336a74af2ee351ecc60c1103e093,inventoried
rakuyomi,c79563b29e18a7c373d780a4af2ce1961b6184a6,frontend/rakuyomi.koplugin/SourceSettings.lua,9229,312,8958b5bcc01587b516372c16f4938ceb744aa27ec450efbcf4b87109994e56af,inventoried
rakuyomi,c79563b29e18a7c373d780a4af2ce1961b6184a6,frontend/rakuyomi.koplugin/TaskManagerView.lua,26393,983,e338bf7b67da3a4122fb16cbbb29d8bc9f4132faad3cb9bc425486faf9e2652c,inventoried
rakuyomi,c79563b29e18a7c373d780a4af2ce1961b6184a6,frontend/rakuyomi.koplugin/TrackingMenu.lua,13178,444,8dbb660b96189b2570ad4f0c8db464ab3f9533403105dc8b564664bc32a4265f,inventoried
rakuyomi,c79563b29e18a7c373d780a4af2ce1961b6184a6,frontend/rakuyomi.koplugin/TrackingServices.lua,585,28,fb343a2380423b37288a5b1a1dfc6687cc51a3b0da7d31907ff30ce25ae9b9b1,inventoried
rakuyomi,c79563b29e18a7c373d780a4af2ce1961b6184a6,frontend/rakuyomi.koplugin/TrackingSettings.lua,15968,571,3c8af7f350dac17766b48a80d6219e5ea2d429be71cf4738fb9d3e43d8d3284c,inventoried
rakuyomi,c79563b29e18a7c373d780a4af2ce1961b6184a6,frontend/rakuyomi.koplugin/UpdateChecker.lua,3564,148,c4dd336adc1a10471e5c5db92856e36552278076d40ea7016e4745e78e4e669f,inventoried
rakuyomi,c79563b29e18a7c373d780a4af2ce1961b6184a6,frontend/rakuyomi.koplugin/_meta.lua,151,7,5608fdce761dc08aa785b21dc5629796e4bcdd32bb03c97872430e92cbbb7daf,inventoried
rakuyomi,c79563b29e18a7c373d780a4af2ce1961b6184a6,frontend/rakuyomi.koplugin/chapters/findNextChapter.lua,3085,89,f41ed40f5f396e7573472ee51e86f77a88c4d749c63cf86b827545533f7e77f1,inventoried
rakuyomi,c79563b29e18a7c373d780a4af2ce1961b6184a6,frontend/rakuyomi.koplugin/chapters/findNextChapter_spec.lua,4220,126,045d9730e68ea04db6ac71d158c616f1afc256d11b2582418d13d3d05f3a993d,inventoried
rakuyomi,c79563b29e18a7c373d780a4af2ce1961b6184a6,frontend/rakuyomi.koplugin/chapters/findPreviousChapter.lua,2528,76,c0dcbf69cc48967388faeed50637bf862399a15501542bce6db4b14f702bab65,inventoried
rakuyomi,c79563b29e18a7c373d780a4af2ce1961b6184a6,frontend/rakuyomi.koplugin/extensions/CbzDocument.lua,6674,194,bbd883d5cc316885dc3e12debed3655a8e883b4df10495f2c359727c4ad7a6ad,inventoried
rakuyomi,c79563b29e18a7c373d780a4af2ce1961b6184a6,frontend/rakuyomi.koplugin/gettext+.lua,11375,361,e60172db8f0f61c5fae5d85df81545bc07976049414fb1f529ae2333d177df9c,inventoried
rakuyomi,c79563b29e18a7c373d780a4af2ce1961b6184a6,frontend/rakuyomi.koplugin/handlers/addToPlaylist.lua,665,22,96dd5e438e68a48a5089308161478e6ef1cb503adc9dd1aa6fa7d5cbd2cb3c09,inventoried
rakuyomi,c79563b29e18a7c373d780a4af2ce1961b6184a6,frontend/rakuyomi.koplugin/jobs/DownloadChapter.lua,1953,70,3a4266803a18a2144c0dabb3fe0d0c4835290e4f2520786bada4dc6a0a281f2e,inventoried
rakuyomi,c79563b29e18a7c373d780a4af2ce1961b6184a6,frontend/rakuyomi.koplugin/jobs/DownloadScanlatorChapters.lua,1582,63,fe8918d9fbbfcb145a1f39c35d73e7f2c0a46c1834652b5b2386eb02141e9426,inventoried
rakuyomi,c79563b29e18a7c373d780a4af2ce1961b6184a6,frontend/rakuyomi.koplugin/jobs/DownloadUnreadChapters.lua,2362,91,7c8faf926488a931ff0339823b77d0fceb98830a3ffcb2cffb253c46cd30b943,inventoried
rakuyomi,c79563b29e18a7c373d780a4af2ce1961b6184a6,frontend/rakuyomi.koplugin/jobs/Job.lua,1998,92,b67a45b9e4c40cbc924edc85c76e2fefb01a7f837db546b3b777dbd09353c119,inventoried
rakuyomi,c79563b29e18a7c373d780a4af2ce1961b6184a6,frontend/rakuyomi.koplugin/jobs/RefreshLibraryChapters.lua,793,36,ffbd8fb233ec80159d0aea67633bfeabc0a8f554cd96829556d6797606d17640,inventoried
rakuyomi,c79563b29e18a7c373d780a4af2ce1961b6184a6,frontend/rakuyomi.koplugin/jobs/RefreshLibraryDetails.lua,785,36,39a559951bf9a5831505c4d3d26d588339ea3ade80259346145472e337bc6242,inventoried
rakuyomi,c79563b29e18a7c373d780a4af2ce1961b6184a6,frontend/rakuyomi.koplugin/l10n/.gitignore,61,5,87c16ac91dbd60994549ccefbbc64db742132d44625f621f6958f1be53fc832a,inventoried
rakuyomi,c79563b29e18a7c373d780a4af2ce1961b6184a6,frontend/rakuyomi.koplugin/l10n/GOOGLE_TRANSLATE.sh,7329,267,a0d4ce1aa343bf2686219f1e657392aba48707da3d858e88101d6d9f7f89dff8,inventoried
rakuyomi,c79563b29e18a7c373d780a4af2ce1961b6184a6,frontend/rakuyomi.koplugin/l10n/Makefile,6295,180,86c9348310f5478201be6a0c383c4a1bfb9e8da9e1293dbd860c8a613d787397,inventoried
rakuyomi,c79563b29e18a7c373d780a4af2ce1961b6184a6,frontend/rakuyomi.koplugin/l10n/ar/koreader.po,47614,1963,8fa70094d7c707023a991f785f789a8509c1aa6d0672b588c80f500219a3d3a3,inventoried
rakuyomi,c79563b29e18a7c373d780a4af2ce1961b6184a6,frontend/rakuyomi.koplugin/l10n/bg_BG/koreader.po,56720,1934,ec2bf08996d165fd4f0b8872cbc2bd540ae6168e1dcc3ba61f2b2b488fe5d2f1,inventoried
rakuyomi,c79563b29e18a7c373d780a4af2ce1961b6184a6,frontend/rakuyomi.koplugin/l10n/bn/koreader.po,62604,1933,59072e1ef8c36dda8cfea2ec3539abc8da50303ff06dfb0d8b35cc62de51691b,inventoried
rakuyomi,c79563b29e18a7c373d780a4af2ce1961b6184a6,frontend/rakuyomi.koplugin/l10n/ca/koreader.po,44778,1963,b8ce0d89aaedb28ed1aa1e4b6ebe41b668ade52bf11530329a2b66c2368cdc6d,inventoried
rakuyomi,c79563b29e18a7c373d780a4af2ce1961b6184a6,frontend/rakuyomi.koplugin/l10n/cs/koreader.po,47458,1934,52b1614b03867bbecabc5b4caf55841b91461358275f1fc3b62fae5824f55d8e,inventoried
rakuyomi,c79563b29e18a7c373d780a4af2ce1961b6184a6,frontend/rakuyomi.koplugin/l10n/da/koreader.po,43544,1964,9c33231b9784b3ea8384a9a92611370479726d1d3a4867af615544e38b01b0f4,inventoried
rakuyomi,c79563b29e18a7c373d780a4af2ce1961b6184a6,frontend/rakuyomi.koplugin/l10n/de/koreader.po,47849,1934,a48842d84d5f5e0c19a01ce05e81281c0094a016f36c41c2f678441ad6abd3bb,inventoried
rakuyomi,c79563b29e18a7c373d780a4af2ce1961b6184a6,frontend/rakuyomi.koplugin/l10n/el/koreader.po,51386,1964,126d71d2293d332125e34fcff8ba10dc024d4ba054d951b1f40c05cc1178eb63,inventoried
rakuyomi,c79563b29e18a7c373d780a4af2ce1961b6184a6,frontend/rakuyomi.koplugin/l10n/eo/koreader.po,46108,1934,3caa086a463dded4b5092453de6bd0d82bfb751519ef71a48244d950ce52f003,inventoried
rakuyomi,c79563b29e18a7c373d780a4af2ce1961b6184a6,frontend/rakuyomi.koplugin/l10n/es/koreader.po,44741,1964,df668d3242ff8068c1277cd8d0cc9fbedfe18a32a6ce033ba23ffe120f126042,inventoried
rakuyomi,c79563b29e18a7c373d780a4af2ce1961b6184a6,frontend/rakuyomi.koplugin/l10n/eu/koreader.po,47308,1933,57830b816f362b1c36953f1872196ca27c1c15a0c7db65d0851fc830d164167a,inventoried
rakuyomi,c79563b29e18a7c373d780a4af2ce1961b6184a6,frontend/rakuyomi.koplugin/l10n/fa/koreader.po,52861,1933,f72c1ea6651d6c4ba42c71464b8cbe096efec6f291f4c9291b7634ec9a5dcea1,inventoried
rakuyomi,c79563b29e18a7c373d780a4af2ce1961b6184a6,frontend/rakuyomi.koplugin/l10n/fi/koreader.po,46726,1934,ec86b4f6b54319ace5273de974bf045b857fb1b1e1e0bbae170b2f665173c861,inventoried
rakuyomi,c79563b29e18a7c373d780a4af2ce1961b6184a6,frontend/rakuyomi.koplugin/l10n/fr/koreader.po,48063,1934,c7564380d3ab44b5f3a4bfe1de84d8a65c6ef369a847f670cbcf2dfb3c0cc1fd,inventoried
rakuyomi,c79563b29e18a7c373d780a4af2ce1961b6184a6,frontend/rakuyomi.koplugin/l10n/gl/koreader.po,44441,1963,ba681369f0c8e7ff5278d5151629a3103ab434cdfbbad15be3911a951bb38051,inventoried
rakuyomi,c79563b29e18a7c373d780a4af2ce1961b6184a6,frontend/rakuyomi.koplugin/l10n/he/koreader.po,49778,1934,3037bddda923b407605a50e3f5d19138297e614f91d7c87b8032cc03d47dd554,inventoried
rakuyomi,c79563b29e18a7c373d780a4af2ce1961b6184a6,frontend/rakuyomi.koplugin/l10n/hi/koreader.po,61640,1933,8b08ff7aebb1a3b09fe88ee43ef35b68943a2be9fd0788e20ab70988f24ebf69,inventoried
rakuyomi,c79563b29e18a7c373d780a4af2ce1961b6184a6,frontend/rakuyomi.koplugin/l10n/hr/koreader.po,47036,1934,738100faf8b924d79a7e67e04540083d0eda8829e2a7eed01474f6e34f1f1d77,inventoried
rakuyomi,c79563b29e18a7c373d780a4af2ce1961b6184a6,frontend/rakuyomi.koplugin/l10n/hu/koreader.po,48290,1934,6a945c7e0852a67b8621732f63e934587e0ac400b51eb781380e6f611c4bb132,inventoried
rakuyomi,c79563b29e18a7c373d780a4af2ce1961b6184a6,frontend/rakuyomi.koplugin/l10n/it_IT/koreader.po,44532,1964,da5021d6d4eaaf281759a2bd71143b10ff6c6fecde6c7a8b1845aedbab00a063,inventoried
rakuyomi,c79563b29e18a7c373d780a4af2ce1961b6184a6,frontend/rakuyomi.koplugin/l10n/ja/koreader.po,50402,1943,d886adbbc70bbdbdf60336402fe2c6f6aa3d9f6ed378b69a6b0df043a22f9cad,inventoried
rakuyomi,c79563b29e18a7c373d780a4af2ce1961b6184a6,frontend/rakuyomi.koplugin/l10n/ka/koreader.po,64832,1933,72b6f37123ab1cd3a2db4a8b9d03f03970f62ccf4c19dda7069aa7111f5d00e5,inventoried
rakuyomi,c79563b29e18a7c373d780a4af2ce1961b6184a6,frontend/rakuyomi.koplugin/l10n/kk/koreader.po,49826,1963,8bd15dcba895ebb2d4383863060b431452f557a11b443b9be5a1d8cd7b9a3a86,inventoried
rakuyomi,c79563b29e18a7c373d780a4af2ce1961b6184a6,frontend/rakuyomi.koplugin/l10n/ko_KR/koreader.po,48283,1934,56eca4e72f52ebb46c68ffa69f51873b27d64e54ecd7351532f5c602d854b3e6,inventoried
rakuyomi,c79563b29e18a7c373d780a4af2ce1961b6184a6,frontend/rakuyomi.koplugin/l10n/lt_LT/koreader.po,47666,1934,28ccc6a324c30f3a05068be456e1ad70843fc1199c43ff09d639f0a00bce12d0,inventoried
rakuyomi,c79563b29e18a7c373d780a4af2ce1961b6184a6,frontend/rakuyomi.koplugin/l10n/lv/koreader.po,48038,1934,75c21b4df984528126bc3c291f013de8d9568d19417a58dccd9b8c78706db97f,inventoried
rakuyomi,c79563b29e18a7c373d780a4af2ce1961b6184a6,frontend/rakuyomi.koplugin/l10n/nb_NO/koreader.po,46140,1934,e27a00392a0546e693b6f7220d0da83d7bdef5ce7863b59f2ed211f49e27138f,inventoried
rakuyomi,c79563b29e18a7c373d780a4af2ce1961b6184a6,frontend/rakuyomi.koplugin/l10n/nl_NL/koreader.po,46738,1934,93d9e4033a9383a9e51afeefd863c7ba37620ad6ba2ccd9798aa853949afc2f0,inventoried
rakuyomi,c79563b29e18a7c373d780a4af2ce1961b6184a6,frontend/rakuyomi.koplugin/l10n/pl/koreader.po,47662,1934,26016b9caa98df0612d6f41c98f3dfe38a1efa460cfe5b2adb7d5cc94c6404a2,inventoried
rakuyomi,c79563b29e18a7c373d780a4af2ce1961b6184a6,frontend/rakuyomi.koplugin/l10n/pt_BR/koreader.po,47610,1934,8be1e8ee3c75a1a88202b689aa72c13966c34c5ef689be80db4caa563561ef73,inventoried
rakuyomi,c79563b29e18a7c373d780a4af2ce1961b6184a6,frontend/rakuyomi.koplugin/l10n/pt_PT/koreader.po,47618,1934,6b33d0e18378304091513fefdd78f4369fc7561992935f0b927392a161e47e0c,inventoried
rakuyomi,c79563b29e18a7c373d780a4af2ce1961b6184a6,frontend/rakuyomi.koplugin/l10n/restore_po.sh,488,23,964b3c415fd9cda096f5092125b269ea4ec2e5bec8cf93f061918909b02d118b,inventoried
rakuyomi,c79563b29e18a7c373d780a4af2ce1961b6184a6,frontend/rakuyomi.koplugin/l10n/ro/koreader.po,47688,1934,2661ce7e41700e25070710e33d08cd191053c2bcc16338aa5ed822ffec835d26,inventoried
rakuyomi,c79563b29e18a7c373d780a4af2ce1961b6184a6,frontend/rakuyomi.koplugin/l10n/ro_MD/koreader.po,47691,1934,03b2a7ae51603dd347cf35df0634a678d197a74023a2b58323d07ea54256fb89,inventoried
rakuyomi,c79563b29e18a7c373d780a4af2ce1961b6184a6,frontend/rakuyomi.koplugin/l10n/ru/koreader.po,55627,1934,a8d854cff226548ee7d8904d30a8c9b6c877b77a8260e012857b36c049f7f59b,inventoried
rakuyomi,c79563b29e18a7c373d780a4af2ce1961b6184a6,frontend/rakuyomi.koplugin/l10n/sk/koreader.po,47762,1934,7cb35df98e67245ffa18770419f93b2a806245a3c2b93b0dd84fb25678a677fd,inventoried
rakuyomi,c79563b29e18a7c373d780a4af2ce1961b6184a6,frontend/rakuyomi.koplugin/l10n/sr/koreader.po,55206,1934,b272ee2f126419fce0f81f312e8b715fe5bb279b1c9c8028e44a8836a4312835,inventoried
rakuyomi,c79563b29e18a7c373d780a4af2ce1961b6184a6,frontend/rakuyomi.koplugin/l10n/sv/koreader.po,43591,1964,19299b83401ac1cbaf189bdaf6b2f3c2437636efc919d13d7a884c9fb3f91005,inventoried
rakuyomi,c79563b29e18a7c373d780a4af2ce1961b6184a6,frontend/rakuyomi.koplugin/l10n/templates/koreader.pot,35781,1909,05a5a9b5cbb86006dd1b20528ae4d25aa29c5e23fdc9578bb7a2ba83da4665e9,inventoried
rakuyomi,c79563b29e18a7c373d780a4af2ce1961b6184a6,frontend/rakuyomi.koplugin/l10n/th/koreader.po,61187,1933,d8762c6f9816d0a7c58eb9b3b9f857faff4b68df6c098845a620649619a46e67,inventoried
rakuyomi,c79563b29e18a7c373d780a4af2ce1961b6184a6,frontend/rakuyomi.koplugin/l10n/tr/koreader.po,47452,1934,9186fb8ef6f818f71ce713846591b236485e4eb3d8a640b06be68a508bd9b2f3,inventoried
rakuyomi,c79563b29e18a7c373d780a4af2ce1961b6184a6,frontend/rakuyomi.koplugin/l10n/uk/koreader.po,55365,1934,c5728b1d25ef6b52148db575b075bc55e4004d43789a1e788ceb2b3bdbccf8a8,inventoried
rakuyomi,c79563b29e18a7c373d780a4af2ce1961b6184a6,frontend/rakuyomi.koplugin/l10n/vi/koreader.po,49324,1943,16c51b44e075320fe6dcf529144ee01fa037970d571e1e2badcf45cb5084a14e,inventoried
rakuyomi,c79563b29e18a7c373d780a4af2ce1961b6184a6,frontend/rakuyomi.koplugin/l10n/zh_CN/koreader.po,44460,1933,57963d13b9c476970ba22621599e8e29bfd4401f31afc70a4a0656bc74eb8ded,inventoried
rakuyomi,c79563b29e18a7c373d780a4af2ce1961b6184a6,frontend/rakuyomi.koplugin/l10n/zh_TW/koreader.po,44714,1933,a8fb8d346583e3f5c234a0e48a2f0dde97197be8d408b5d0f2f0df04d35d255a,inventoried
rakuyomi,c79563b29e18a7c373d780a4af2ce1961b6184a6,frontend/rakuyomi.koplugin/main.lua,2625,98,7d4b51b4dd43e0be6268615ea83870163801dc20bec3b8c8d05605b369887524,inventoried
rakuyomi,c79563b29e18a7c373d780a4af2ce1961b6184a6,frontend/rakuyomi.koplugin/patch/MenuCustom.lua,8921,242,677b5342bb5eac265f6dac01a5b4d948821acd8f0125e422e8d38f803fa9bd59,inventoried
rakuyomi,c79563b29e18a7c373d780a4af2ce1961b6184a6,frontend/rakuyomi.koplugin/patch/MenuItemCover.lua,18859,522,15403f4ecf12e500778f7c5f7d0054d0bd22138138eb7e4d01bd08c4072e2a53,inventoried
rakuyomi,c79563b29e18a7c373d780a4af2ce1961b6184a6,frontend/rakuyomi.koplugin/patch/MenuItemGrid.lua,3880,140,8b4e632a50346ed9f486c685ce96be3585e261c2db83908c6921bd81af0aa7d0,inventoried
rakuyomi,c79563b29e18a7c373d780a4af2ce1961b6184a6,frontend/rakuyomi.koplugin/platform/_meta.lua,913,34,95af63452cc8019b6f4b0cc7d70ed581ae5a061d0f38c9d4b2abd13d21ed728a,inventoried
rakuyomi,c79563b29e18a7c373d780a4af2ce1961b6184a6,frontend/rakuyomi.koplugin/platform/android_platform.lua,3083,125,4193ac38ca00f87ba25e13c4899b48094505a7c06f7260ae7e22203218603693,inventoried
rakuyomi,c79563b29e18a7c373d780a4af2ce1961b6184a6,frontend/rakuyomi.koplugin/platform/generic_unix_platform.lua,11620,388,fce91f719df1e68d66f74662fd7ce9d837aaa8bb9818ff50933c2738199a4bdd,inventoried
rakuyomi,c79563b29e18a7c373d780a4af2ce1961b6184a6,frontend/rakuyomi.koplugin/platform/util.lua,3317,112,55017398cfeaefe2e82ce461018f88aa2d53417e9ddb5e4d56e920b88d939e7b,inventoried
rakuyomi,c79563b29e18a7c373d780a4af2ce1961b6184a6,frontend/rakuyomi.koplugin/testing.lua,7090,283,db9e4d6e2a9a31854528cd9335cf89680b2cd3871725293f71a90bf25070b440,inventoried
rakuyomi,c79563b29e18a7c373d780a4af2ce1961b6184a6,frontend/rakuyomi.koplugin/utils/beforeWifi.lua,322,19,2c34ee9544bd1090887e83b26cd2284c9ec83238a90810220604212f166d5184,inventoried
rakuyomi,c79563b29e18a7c373d780a4af2ce1961b6184a6,frontend/rakuyomi.koplugin/utils/calcLastReadText.lua,1184,28,2b28a61dfadf6c67f8dbe54b339652a06782ef8e4a3166cbb44aed1cbbe32dff,inventoried
rakuyomi,c79563b29e18a7c373d780a4af2ce1961b6184a6,frontend/rakuyomi.koplugin/utils/executeBinaryFast.lua,3789,122,4d7ff0c6ec4cc5ca18f5a60e3aa3e6bd043f745ab13dbca6127af82a2fd5d692,inventoried
rakuyomi,c79563b29e18a7c373d780a4af2ce1961b6184a6,frontend/rakuyomi.koplugin/utils/filterChaptersByLang.lua,804,32,0675f3f723265562a02369e4ea25f77311822778def2686cfc8895a9dbda3fe9,inventoried
rakuyomi,c79563b29e18a7c373d780a4af2ce1961b6184a6,frontend/rakuyomi.koplugin/utils/findEntries.lua,303,14,6f3e1b24c9e601ddbf55c315aebcec9b41be5fce2c9e683ca65798b78324b1f8,inventoried
rakuyomi,c79563b29e18a7c373d780a4af2ce1961b6184a6,frontend/rakuyomi.koplugin/utils/findLastRead.lua,516,26,fda967f4019af2cc1053bbf5ff88f0bb3c2d2680a245ac7b06c59a879a2cf909,inventoried
rakuyomi,c79563b29e18a7c373d780a4af2ce1961b6184a6,frontend/rakuyomi.koplugin/utils/formatBytes.lua,510,15,a00db0c307b13c3c2be82c371f2c223f712a3336082a2ff06e8b321c7e299da5,inventoried
rakuyomi,c79563b29e18a7c373d780a4af2ce1961b6184a6,frontend/rakuyomi.koplugin/utils/formatLanguages.lua,779,23,25494f3597fcb2c2670020ce9d15b5e401589e30bab0973380bd107ca2b481d0,inventoried
rakuyomi,c79563b29e18a7c373d780a4af2ce1961b6184a6,frontend/rakuyomi.koplugin/utils/getChapterDisplayName.lua,588,21,0e8740ef4d7ac57fcd09f502f7141c2e31b8eba75761ec412300fb33a12159dd,inventoried
rakuyomi,c79563b29e18a7c373d780a4af2ce1961b6184a6,frontend/rakuyomi.koplugin/utils/hasValue.lua,144,6,6501046d0e29286f89f1dfdc26e6a2d9a908eabc667d044c8a8ed52e1971a354,inventoried
rakuyomi,c79563b29e18a7c373d780a4af2ce1961b6184a6,frontend/rakuyomi.koplugin/utils/isBeforeChapter.lua,1087,28,ec7d221aa37fa76ae676bc21e94e64b022ffa1e045725ddf025c5a5a34cca7d0,inventoried
rakuyomi,c79563b29e18a7c373d780a4af2ce1961b6184a6,frontend/rakuyomi.koplugin/utils/languageNames.lua,4991,235,67d33fbc88edec4516901dc455451d5df69e4048e2fc727feb2df7acceb03830,inventoried
rakuyomi,c79563b29e18a7c373d780a4af2ce1961b6184a6,frontend/rakuyomi.koplugin/utils/shallowClone.lua,373,18,e5b61f3d4eaef8415f1ed0f43297f7c5abe3ff6145e1e75891f8d3b8c452a7a4,inventoried
rakuyomi,c79563b29e18a7c373d780a4af2ce1961b6184a6,frontend/rakuyomi.koplugin/utils/urlContent.lua,1951,58,03dee4417c582d77783be292a39a0e4a083555791d2d4f0581c3bf0e016faf73,inventoried
rakuyomi,c79563b29e18a7c373d780a4af2ce1961b6184a6,frontend/rakuyomi.koplugin/widgets/FocusManagerWithTopZone.lua,362,12,b5683e14cf5bbd12b4aae91d63f228a7e1bee705970cf82d9450164b503e21c5,inventoried
rakuyomi,c79563b29e18a7c373d780a4af2ce1961b6184a6,frontend/rakuyomi.koplugin/widgets/Menu.lua,1992,92,67848ceecf89c48390f01b3601dbf5d3140c9c4a300588d026471ab6c134c576,inventoried
rakuyomi,c79563b29e18a7c373d780a4af2ce1961b6184a6,frontend/rakuyomi.koplugin/widgets/SettingItem.lua,2284,82,2342c84d1557f152be9001fff03d709b07bea38c0e16928bc226692a1a52752c,inventoried
rakuyomi,c79563b29e18a7c373d780a4af2ce1961b6184a6,frontend/rakuyomi.koplugin/widgets/SettingItemValue.lua,15008,435,8bfe34f09fbf600fa2446e96242d4c369415efe0cb848ad35d8cd525fbc17351,inventoried
rakuyomi,c79563b29e18a7c373d780a4af2ce1961b6184a6,frontend/rakuyomi.koplugin/widgets/SpacedBetweenHorizontalGroup.lua,848,31,942f3f448580559ca291497d80abe5638362c957a36d74fa87f1500968abff0e,inventoried
rakuyomi,c79563b29e18a7c373d780a4af2ce1961b6184a6,frontend/rakuyomi.koplugin/widgets/TopZoneHandler.lua,1313,52,9aa559876dbd99b527914728b55e661cef7377373c7c452e7b0f66e4066463aa,inventoried
rakuyomi,c79563b29e18a7c373d780a4af2ce1961b6184a6,mv_frontend.sh,84,1,9f1c10a9d786d508b33d29dac71351c32743c8eac1ddf213acde9065535fa812,inventoried
rakuyomi,c79563b29e18a7c373d780a4af2ce1961b6184a6,mv_linux.sh,249,8,bf43db3a7f7782b83c331b8118adab1372a93902d98e635b4775f9deaf26808f,inventoried
rakuyomi,c79563b29e18a7c373d780a4af2ce1961b6184a6,package.json,497,17,4bebb8b71f0dd8e62e542ec0ad6382dee0463e77cc8bc01aa1ca7f6e85a8add4,inventoried
rakuyomi,c79563b29e18a7c373d780a4af2ce1961b6184a6,packages/koreader-macos-arm64.zip,28376246,,de058276cf667ac34e7cbf8a93a637a3f24ea3152fad27da5f717f265d353238,inventoried
rakuyomi,c79563b29e18a7c373d780a4af2ce1961b6184a6,packages/koreader.nix,3521,124,2bfa5521fee2c910813da0125eda7f4bce861757052bd4d9f827396de214565c,inventoried
rakuyomi,c79563b29e18a7c373d780a4af2ce1961b6184a6,packages/patches/datastorage-isolate-storage.patch,996,25,24cc8ad6e4477b7cd964dadb4819a297f0af786a693c292e90d7fd8850deb118,inventoried
rakuyomi,c79563b29e18a7c373d780a4af2ce1961b6184a6,packages/patches/fontlist-use-bitser.patch,360,11,c45e4b829a250deda9e90cbf44f57f59a9a23fb6b4a2f0eb9d58f2a617077520,inventoried
rakuyomi,c79563b29e18a7c373d780a4af2ce1961b6184a6,prompts/07-09-26_add-telegram-bot-cookies/flows.md,7648,166,50f83c77561968a2bf1600c1af754e18e8bde2a2bef309e33dce906a2a49d6fc,inventoried
rakuyomi,c79563b29e18a7c373d780a4af2ce1961b6184a6,prompts/07-09-26_add-telegram-bot-cookies/prompt.md,9514,195,560af8ac684f3984981e6cab8df6e617497ae3be39a4ac281fade1ed94ec232b,inventoried
rakuyomi,c79563b29e18a7c373d780a4af2ce1961b6184a6,pyrightconfig.json,92,6,0911bcc7c9c2dad215a6900fff88dfbfad66d4d89d64626da25248c1b2425b43,inventoried
rakuyomi,c79563b29e18a7c373d780a4af2ce1961b6184a6,rust-toolchain.toml,92,4,01765195977b7bea309462c142aff71786ac7daa1d80ced3e128e797ace780ae,inventoried
rakuyomi,c79563b29e18a7c373d780a4af2ce1961b6184a6,scripts/build-all.sh,3824,122,16f713cfadbf4f938a0193ecb64e278e0ef5f756f8a856e673b5ebaeed1e361e,inventoried
rakuyomi,c79563b29e18a7c373d780a4af2ce1961b6184a6,scripts/build-js-assets.sh,752,19,d90ee0c363bb3f11cf78702cae1f29b09309c95f87e267b9580144239c85e176,inventoried
rakuyomi,c79563b29e18a7c373d780a4af2ce1961b6184a6,scripts/build-plugin.sh,662,30,f967ccf760ed05b47e93c06f9bfb4e09dbb1947bb8aa47ab4b243b29bfc798d9,inventoried
rakuyomi,c79563b29e18a7c373d780a4af2ce1961b6184a6,scripts/build-rust-android.sh,5749,227,a0e34e4bc9f060e9d30fcc45922479a723daf36ff4fb19e2987b89a681414440,inventoried
rakuyomi,c79563b29e18a7c373d780a4af2ce1961b6184a6,scripts/generate-settings-schema.sh,1681,54,07a98fe7ad2ca41889acaf9ebb0f85f90bf500ec5e933f8c67e5a13679fdc9a4,inventoried
rakuyomi,c79563b29e18a7c373d780a4af2ce1961b6184a6,skills/fix-koreader-inputdialog-not-show.md,6354,81,93b8007e795f43a84d123df8b2702eccc35561c364cc6da3b7eab7b11c901c7e,inventoried
rakuyomi,c79563b29e18a7c373d780a4af2ce1961b6184a6,telegram-cookie-bot/.env.example,735,26,ed37fd2e92b3af73840a092d6ea0abffec202ec15ab59a880a9efcbf39d83e21,inventoried
rakuyomi,c79563b29e18a7c373d780a4af2ce1961b6184a6,telegram-cookie-bot/.gitignore,17,2,3b436337659acccfc7d35adc97e593674969e807cebd481cc50581e0197027e2,inventoried
rakuyomi,c79563b29e18a7c373d780a4af2ce1961b6184a6,telegram-cookie-bot/README.md,8684,167,ee5024ddc72f124811cec66112c61611d62cff72fde7bd24bea4125088899647,inventoried
rakuyomi,c79563b29e18a7c373d780a4af2ce1961b6184a6,telegram-cookie-bot/deno.json,702,24,ac91f61972fa8a39c870ea0ca0bb9dba9660c83c23f30f6797eb5ac9600b1541,inventoried
rakuyomi,c79563b29e18a7c373d780a4af2ce1961b6184a6,telegram-cookie-bot/deno.lock,9327,248,ef8daab9df329502ea70ab9bb728ea9f31983d8193d5eb027fff2a8fdb52cf22,inventoried
rakuyomi,c79563b29e18a7c373d780a4af2ce1961b6184a6,telegram-cookie-bot/main.ts,695,25,88b30f108791b24d834889dc398f05b86475124cdcbb05c9cf9c7fa455f65bcb,inventoried
rakuyomi,c79563b29e18a7c373d780a4af2ce1961b6184a6,telegram-cookie-bot/src/api/middleware/auth.ts,525,18,4b7b74c133d02753cf745ca184a54c256a7c8ea5d0fd579665197216ad75a1c5,inventoried
rakuyomi,c79563b29e18a7c373d780a4af2ce1961b6184a6,telegram-cookie-bot/src/api/mod.ts,2102,64,979f964c60e1a6a32791983ffe6fc21760962ce270a4f115e68756a1b9f32fa4,inventoried
rakuyomi,c79563b29e18a7c373d780a4af2ce1961b6184a6,telegram-cookie-bot/src/api/routes/api/cookie/devices.ts,850,36,15b443bc1ee12a733a97eabb5a3bf737702c90bba3f239d9eb7634435c5967b5,inventoried
rakuyomi,c79563b29e18a7c373d780a4af2ce1961b6184a6,telegram-cookie-bot/src/api/routes/api/cookie/get.ts,1928,73,689e25dc82023295ab42d7c08c0704da06b9eb47561d5831659b6bd38eaa75f5,inventoried
rakuyomi,c79563b29e18a7c373d780a4af2ce1961b6184a6,telegram-cookie-bot/src/api/routes/api/cookie/notify-needs-update.ts,1640,60,818c1a7aa67b1567a85adcc5d9c5a95514fd9bf5a6e172fb14aa2a34854449a8,inventoried
rakuyomi,c79563b29e18a7c373d780a4af2ce1961b6184a6,telegram-cookie-bot/src/api/routes/api/cookie/sync-all.ts,2198,81,57272b24bf4af996c726f973cf240f4df373dd67d84ba2294969470c0dbe6ac5,inventoried
rakuyomi,c79563b29e18a7c373d780a4af2ce1961b6184a6,telegram-cookie-bot/src/api/routes/api/oauth/session.ts,2520,84,f7cde1bec27b8e0a16d2120010db0cfb910b5aaa84fd4a30ae054ec16629a29f,inventoried
rakuyomi,c79563b29e18a7c373d780a4af2ce1961b6184a6,telegram-cookie-bot/src/api/routes/api/oauth/status/[sessionId].ts,2162,89,923363faa53ea7267582b8dc31b5b86923ea979659657b1ab5a108c030c4fbe5,inventoried
rakuyomi,c79563b29e18a7c373d780a4af2ce1961b6184a6,telegram-cookie-bot/src/api/routes/api/pairing/generate.ts,989,38,b3c5b22e5ebd70ab54cf80b5ae9b7e2cf4ece82a63a67ae5c796ec2fe0b6736e,inventoried
rakuyomi,c79563b29e18a7c373d780a4af2ce1961b6184a6,telegram-cookie-bot/src/api/routes/api/pairing/status.ts,1008,40,5aa6fb89c8744e05cf7712e20b3386bf04b7973865316e029a3b458862433f17,inventoried
rakuyomi,c79563b29e18a7c373d780a4af2ce1961b6184a6,telegram-cookie-bot/src/api/routes/api/webapp/clear.ts,1158,45,b97f9c004fe1543b2d86b1493e7bb5ff95e71b68d928c1ed6e820da2ac5ec003,inventoried
rakuyomi,c79563b29e18a7c373d780a4af2ce1961b6184a6,telegram-cookie-bot/src/api/routes/api/webapp/cookies.ts,1134,39,3339da38bbc7f3ae196a15aaae4f5d71ad140cf313e255da2b020c253eeda2e1,inventoried
rakuyomi,c79563b29e18a7c373d780a4af2ce1961b6184a6,telegram-cookie-bot/src/api/routes/api/webapp/data.ts,1322,44,50e70542b89e6699cab85891ac028e42a5a9aefa622ff989aec875f2b97c11e2,inventoried
rakuyomi,c79563b29e18a7c373d780a4af2ce1961b6184a6,telegram-cookie-bot/src/api/routes/api/webapp/unlink.ts,1092,38,5356c067d88c55a5926a57e11eedd09fa19e261341688f66b759342d15dd2349,inventoried
rakuyomi,c79563b29e18a7c373d780a4af2ce1961b6184a6,telegram-cookie-bot/src/api/routes/health.ts,426,20,b3c3f041188d65dbf917e78b6c59b4dfc03787ed35e696e4bde9380f4958ce04,inventoried
rakuyomi,c79563b29e18a7c373d780a4af2ce1961b6184a6,telegram-cookie-bot/src/api/routes/webapp.tsx,14991,390,da161798c7282eae7f540d14ca462a476ff6aa78c7ddb8aee48dd5e2af68d823,inventoried
rakuyomi,c79563b29e18a7c373d780a4af2ce1961b6184a6,telegram-cookie-bot/src/bot/commands/app.ts,646,24,2164a28950e46f59f826fbfdbd9ee8d0d54800a8525eb449eeda001de5a70bed,inventoried
rakuyomi,c79563b29e18a7c373d780a4af2ce1961b6184a6,telegram-cookie-bot/src/bot/commands/clearcookies.ts,1185,42,ef28775c77a6c93757b107e3f15c0ac50c059274304603d2ff3a55f8bfe9e2db,inventoried
rakuyomi,c79563b29e18a7c373d780a4af2ce1961b6184a6,telegram-cookie-bot/src/bot/commands/cookies.ts,1988,74,aa06771d7d86e508afe3c9e4e7cc1f07d62bd2c5f4b94aea25b42ef308136928,inventoried
rakuyomi,c79563b29e18a7c373d780a4af2ce1961b6184a6,telegram-cookie-bot/src/bot/commands/devices.ts,597,21,2f908ac72171a32f6def1307e9309d88bc113b09e1b7e7255ee273eb6e6d2327,inventoried
rakuyomi,c79563b29e18a7c373d780a4af2ce1961b6184a6,telegram-cookie-bot/src/bot/commands/donate.ts,259,9,5103ecd5528215f208474d9fbc94ae74a0f21c841a08ee91add7893d2df713df,inventoried
rakuyomi,c79563b29e18a7c373d780a4af2ce1961b6184a6,telegram-cookie-bot/src/bot/commands/github.ts,259,9,cd7c836a2ee65c98c50a844e2fdabec3b517bb82c3ffc543ba2befb9c31fcc37,inventoried
rakuyomi,c79563b29e18a7c373d780a4af2ce1961b6184a6,telegram-cookie-bot/src/bot/commands/handle_text.ts,1799,63,a0e1a2d04a13d7a6328bbd1c8312be7592badf13a7d6472a4f9e0fef2f5ba5d0,inventoried
rakuyomi,c79563b29e18a7c373d780a4af2ce1961b6184a6,telegram-cookie-bot/src/bot/commands/help.ts,255,9,050c512d67d55dc8ed0b67d4d3d73b232be9466b6f92caaf73a0d30e22aeb7ca,inventoried
rakuyomi,c79563b29e18a7c373d780a4af2ce1961b6184a6,telegram-cookie-bot/src/bot/commands/language.ts,948,32,31e8563e391d56e8514b6533a8d0d3282ad105dc1ec8ceabef58e7be5fb6eaae,inventoried
rakuyomi,c79563b29e18a7c373d780a4af2ce1961b6184a6,telegram-cookie-bot/src/bot/commands/link.ts,1062,40,43a47d413c90ce0f67062cc24ae149b1a5f0d327f361a3a247e3ed05a87427a4,inventoried
rakuyomi,c79563b29e18a7c373d780a4af2ce1961b6184a6,telegram-cookie-bot/src/bot/commands/start.ts,591,19,e344bf7a31e532f6d6eea2467b5296c1d01c93e0320f4288ff09bc81d1e162bf,inventoried
rakuyomi,c79563b29e18a7c373d780a4af2ce1961b6184a6,telegram-cookie-bot/src/bot/commands/status.ts,426,16,f823e1056018041dc67962f9bfe456ffc85a2f3c8373548b9e43cc069430ddcd,inventoried
rakuyomi,c79563b29e18a7c373d780a4af2ce1961b6184a6,telegram-cookie-bot/src/bot/commands/unlink.ts,934,33,9e4b80cd6850d0bacdb89e296b20887eafbb2cceb8f0477eda7cad667af0433b,inventoried
rakuyomi,c79563b29e18a7c373d780a4af2ce1961b6184a6,telegram-cookie-bot/src/bot/commands/utils.ts,120,5,175930634d6818a0ced17b586f1ec65ea67011a5da61ea2cc0560416cb77d384,inventoried
rakuyomi,c79563b29e18a7c373d780a4af2ce1961b6184a6,telegram-cookie-bot/src/bot/mod.ts,3889,106,7df8cf32cf2db0b963f68f6266a6f207b42057bb9666437d6312b5c5999d8df5,inventoried
rakuyomi,c79563b29e18a7c373d780a4af2ce1961b6184a6,telegram-cookie-bot/src/bot/shared.ts,252,14,a7f7ada8066115bc0224a6e2fba64d45b5dd7fea73925c3e86b60b32865b7cc1,inventoried
rakuyomi,c79563b29e18a7c373d780a4af2ce1961b6184a6,telegram-cookie-bot/src/components/BridgePage.tsx,3278,97,07675ed080aebdd62cbcae7df5579d5381f5fbc47820ddaa2231c2c77f6c7959,inventoried
rakuyomi,c79563b29e18a7c373d780a4af2ce1961b6184a6,telegram-cookie-bot/src/components/ResultPage.tsx,1508,47,f217a9e5589f096289b5b887957ccdefc9c39209c176760e6cfd7051c261b218,inventoried
rakuyomi,c79563b29e18a7c373d780a4af2ce1961b6184a6,telegram-cookie-bot/src/config.ts,2835,81,e745f04f79212dc978a43df83a870037a991d90753261781686ac8130e4874be,inventoried
rakuyomi,c79563b29e18a7c373d780a4af2ce1961b6184a6,telegram-cookie-bot/src/i18n.ts,2362,85,6ba2b07c018840fe01069debe3b1826399afb59c604b3ef5bc79bc229dce6bf1,inventoried
rakuyomi,c79563b29e18a7c373d780a4af2ce1961b6184a6,telegram-cookie-bot/src/kv.ts,4940,193,ebd67fedd4b46be9f4ad9ccc500ad3a35b8069f17997cb5cfc7d51e724ed4521,inventoried
rakuyomi,c79563b29e18a7c373d780a4af2ce1961b6184a6,telegram-cookie-bot/src/locales/en.ts,8749,210,51978f52173c11e23ede96d86073cba075f7e1b182ad8f49f2de390bb6a69fb4,inventoried
rakuyomi,c79563b29e18a7c373d780a4af2ce1961b6184a6,telegram-cookie-bot/src/locales/jp.ts,7653,153,41559055200c312835438894ff3315abffb26cec3be7053e40e0b0b1a86f2a24,inventoried
rakuyomi,c79563b29e18a7c373d780a4af2ce1961b6184a6,telegram-cookie-bot/src/locales/vi.ts,7575,159,4a6978d42c20b88702782a9954c6002a1e00c39652f5693bd405195725febb69,inventoried
rakuyomi,c79563b29e18a7c373d780a4af2ce1961b6184a6,telegram-cookie-bot/src/locales/zh-cn.ts,6575,151,7c7071fa065381c9d8aedc86b9e5d048152e6150a93633784989b3944e620264,inventoried
rakuyomi,c79563b29e18a7c373d780a4af2ce1961b6184a6,telegram-cookie-bot/src/locales/zh-hk.ts,6587,151,b3223a160a90208fda4c1ceb079f449d2e8d2704a59519ae2d07ecd05e1595ad,inventoried
rakuyomi,c79563b29e18a7c373d780a4af2ce1961b6184a6,telegram-cookie-bot/src/logic/pkce.ts,565,17,52396fb04fd3f5dadd6b10e0fa02e616c7e3b7c03ebee31d0349b75651908546,inventoried
rakuyomi,c79563b29e18a7c373d780a4af2ce1961b6184a6,telegram-cookie-bot/src/oauth_kv.ts,2849,111,7e2cde9c17a725da42933e416ababb8ff504623f0f2b5aa2ee2a8cc9365bbb7a,inventoried
rakuyomi,c79563b29e18a7c373d780a4af2ce1961b6184a6,telegram-cookie-bot/src/routes/oauth/[service]/[sessionId].tsx,1142,44,d0bc1ff4d4bff2709358208c037600580742de5e7009e9cce8c862b0e48a1f6b,inventoried
rakuyomi,c79563b29e18a7c373d780a4af2ce1961b6184a6,telegram-cookie-bot/src/routes/oauth/anilist/callback.ts,1487,37,347c5ff65c7d68ae879d0cdc88254026a36cf19ce10190d2db9998e2b111cdb0,inventoried
rakuyomi,c79563b29e18a7c373d780a4af2ce1961b6184a6,telegram-cookie-bot/src/routes/oauth/bangumi/callback.ts,1541,40,cf1852f1b1b7775e3fd42770b6e5284c564037a9827368b32a0693e60bfb1a18,inventoried
rakuyomi,c79563b29e18a7c373d780a4af2ce1961b6184a6,telegram-cookie-bot/src/routes/oauth/mangabaka/callback.ts,2002,48,da584bd4e56298e28010482ca5fcf749667de0f270c1b77576162c1e122feee1,inventoried
rakuyomi,c79563b29e18a7c373d780a4af2ce1961b6184a6,telegram-cookie-bot/src/routes/oauth/myanimelist/callback.ts,1877,46,ae14459dd5144870e65de3b09fd0b0e4dd71534b46631189572350f577860005,inventoried
rakuyomi,c79563b29e18a7c373d780a4af2ce1961b6184a6,telegram-cookie-bot/src/routes/oauth/shikimori/callback.ts,1715,43,c26c38230b2006c2c84e867de769ec03396c532a51377118b12f16628cd37820,inventoried
rakuyomi,c79563b29e18a7c373d780a4af2ce1961b6184a6,telegram-cookie-bot/src/schemas.ts,894,40,5326cc9bb94efd682b1e772841d9ff386ea8a6da91b95ec6b40fff8c51df7565,inventoried
rakuyomi,c79563b29e18a7c373d780a4af2ce1961b6184a6,telegram-cookie-bot/src/server.ts,3269,93,295bc854d49a65c778a8c3d7f895180b310907426bd5a46274b0ff5b4283f17e,inventoried
rakuyomi,c79563b29e18a7c373d780a4af2ce1961b6184a6,telegram-cookie-bot/src/services/oauth/anilist.ts,819,27,ca9b73407ad37654cc29154a3aa999c1361291f54b4431f6b1ef3ccfce6f2014,inventoried
rakuyomi,c79563b29e18a7c373d780a4af2ce1961b6184a6,telegram-cookie-bot/src/services/oauth/bangumi.ts,870,30,728a70cfaaab5d3d40eb5584d34674a60476e18ee154380d8bd3f53f47305597,inventoried
rakuyomi,c79563b29e18a7c373d780a4af2ce1961b6184a6,telegram-cookie-bot/src/services/oauth/mangabaka.ts,933,32,22e0c09582c0e81c2b315e91284bbea506103b508b39a5fdced881803cfcaec7,inventoried
rakuyomi,c79563b29e18a7c373d780a4af2ce1961b6184a6,telegram-cookie-bot/src/services/oauth/myanimelist.ts,975,34,ace57cec84a3473da3f1da4508be520941f3f74dc4d1e3d7539cb4049a2c2217,inventoried
rakuyomi,c79563b29e18a7c373d780a4af2ce1961b6184a6,telegram-cookie-bot/src/services/oauth/shikimori.ts,1003,35,445eb12680e17e544ec69e666dab7879c38e60fc1b09f62fdb8b105c18460154,inventoried
rakuyomi,c79563b29e18a7c373d780a4af2ce1961b6184a6,telegram-cookie-bot/src/store.ts,6918,251,0dadde95a9e0db9ac4a283d3c49bae51a7168d39f30bb0a075bc2d66a468a4f9,inventoried
rakuyomi,c79563b29e18a7c373d780a4af2ce1961b6184a6,telegram-cookie-bot/src/turso.ts,6569,273,c998b167e5ee61443bfd4e5cb306e5290d770e45f5d0a5cc5a6b98d0d295f640,inventoried
rakuyomi,c79563b29e18a7c373d780a4af2ce1961b6184a6,telegram-cookie-bot/src/utils/cookie.ts,1425,54,1ca626de1c16ccc32c97249116856f92304bae6ba4684d377ee85547324753f4,inventoried
rakuyomi,c79563b29e18a7c373d780a4af2ce1961b6184a6,telegram-cookie-bot/src/utils/message.ts,1081,48,bcb8404c343122a5774772c02af684ba112d6c77b5b5d7ed8364c05149a00816,inventoried
rakuyomi,c79563b29e18a7c373d780a4af2ce1961b6184a6,telegram-cookie-bot/src/utils/oauth.tsx,1184,37,1a6dcc49ad85c6559597a1db6ae79548a9872c285e4d64837e4a69b7ceacaffc,inventoried
rakuyomi,c79563b29e18a7c373d780a4af2ce1961b6184a6,telegram-cookie-bot/src/utils/registry.ts,603,23,f9027546d2af36c496b21f8271f5f172ebf8271e8006b97341126a917cbdc957,inventoried
rakuyomi,c79563b29e18a7c373d780a4af2ce1961b6184a6,telegram-cookie-bot/src/utils/schema.ts,393,15,c744748e64a11087a1e9a6492444ec8d659d98426c20fc7f95bc29d45a772ec9,inventoried
rakuyomi,c79563b29e18a7c373d780a4af2ce1961b6184a6,telegram-cookie-bot/src/utils/telegram-webapp.ts,1805,79,cfa954a1bf29d82234b7b2ded695de1675844a52e1034ebc5ac3b7a08f4eccee,inventoried
rakuyomi,c79563b29e18a7c373d780a4af2ce1961b6184a6,telegram-cookie-bot/tests/kv_test.ts,1844,55,7548ffd9f49a41fe83059b5af19e32503cfc5a6bfdd04c14104d0f7dc4d86d2c,inventoried
rakuyomi,c79563b29e18a7c373d780a4af2ce1961b6184a6,telegram-cookie-bot/tests/store_test.ts,4797,138,9c26bf778064726e180a533fc373c70cbba44135932b01f78b6fd1bd6a5d391f,inventoried
rakuyomi,c79563b29e18a7c373d780a4af2ce1961b6184a6,telegram-cookie-bot/tests/utils_test.ts,2787,73,033f371d8543ccfe89322ffcc316124764d2c92437be5aaa6b975ff32289bbd2,inventoried
rakuyomi,c79563b29e18a7c373d780a4af2ce1961b6184a6,tools/dev-macos.sh,2984,58,a637f6b6fb173b0f91e06aadc4def1c15f6e646d023c95b2174eae69e93d67a6,inventoried
rakuyomi,c79563b29e18a7c373d780a4af2ce1961b6184a6,tools/install-into-remote-koreader.py,1945,60,5ef50981c0f6ecd3bef0a0df73d371f92091c4df8c85e26325a1c717d7e83f3e,inventoried
rakuyomi,c79563b29e18a7c373d780a4af2ce1961b6184a6,tools/prepare-sqlx-queries.sh,266,12,12228a252993a9af390a96a81c617cdef263c1c23e3178e501bff625c495e45a,inventoried
rakuyomi,c79563b29e18a7c373d780a4af2ce1961b6184a6,tools/run-koreader-with-plugin.sh,875,17,32296fc6f1963477c994d863672963a965cbe49a981433709312e517e4bb8c1f,inventoried
rakuyomi,c79563b29e18a7c373d780a4af2ce1961b6184a6,tools/setup-macos.sh,3921,125,76e001bf422af344f79e003f3c91482373032f701b3dd7db12c4ddeed8504771,inventoried
koreader/base,9f9b664083d8cdab967638781096f5b089cb2e36,.ci/build_script.sh,1066,36,d5e22e0b459fbb69a8f44287c400e0d882b28976fe37d49709c7b33ab5673725,inventoried
koreader/base,9f9b664083d8cdab967638781096f5b089cb2e36,.ci/common.sh,666,33,617131ad2ea93c10037f0e4b5fc428efba5bfad6ba15b77f6e6811786eac140d,inventoried
koreader/base,9f9b664083d8cdab967638781096f5b089cb2e36,.ci/helper_shellchecks.sh,575,10,c9d802debeb9aad4a37f931db38817b68efede51284de929c5e62ce35ab52ad9,inventoried
koreader/base,9f9b664083d8cdab967638781096f5b089cb2e36,.ci/lint_script.sh,531,18,6a5a7b22b40204a90960b80f4478aa155b5efa19ba0fb97dd875be53c9aa4441,inventoried
koreader/base,9f9b664083d8cdab967638781096f5b089cb2e36,.ci/test_script.sh,740,27,fcd52ee03cc48a73aee355864225a22bf91cf9e9a27d0c0c018e9df624bf6b39,inventoried
koreader/base,9f9b664083d8cdab967638781096f5b089cb2e36,.circleci/config.yml,7466,348,bd7a556841fd834fb2b6ed880849dfb23c21b18076458904f3aa64c47762cf75,inventoried
koreader/base,9f9b664083d8cdab967638781096f5b089cb2e36,.cmakelintrc,19,1,4d1d7c87dbe294bbc73116b6b0a71e159883f4d7a0ac737247b02189fe89f92b,inventoried
koreader/base,9f9b664083d8cdab967638781096f5b089cb2e36,.github/workflows/build.yml,6723,228,ad356c84560150dbb6f4f6825dc93e7524cec428a836e1c789263f4acda74e3a,inventoried
koreader/base,9f9b664083d8cdab967638781096f5b089cb2e36,.gitignore,166,18,d03af57a617179a622177bd61f7ba32755a2ab406ee7bf7a4298197bd80fbd39,inventoried
koreader/base,9f9b664083d8cdab967638781096f5b089cb2e36,.gitmodules,117,3,57ec5d157a30c613a88e99ef35b7136b5d04f31cc056facd819fbdbcdf6735e1,inventoried
koreader/base,9f9b664083d8cdab967638781096f5b089cb2e36,.luacheckrc,566,28,e8e7f4b65bc936e1fd09d1c9c5ff689c3e6690d50a6cf3cc0ba2cf95773d59d0,inventoried
koreader/base,9f9b664083d8cdab967638781096f5b089cb2e36,.luarc.json,132,5,1361039e55639fdbc223be141f617643211e7725eaef4928be4be59604a07547,inventoried
koreader/base,9f9b664083d8cdab967638781096f5b089cb2e36,CMakeLists.txt,243,11,41ecf4f7ecf8e62bb31c1a5ca4c82da58b79d6ba56802fb4591f53a7e375bb26,inventoried
koreader/base,9f9b664083d8cdab967638781096f5b089cb2e36,COPYING,34520,661,57c8ff33c9c0cfc3ef00e650a1cc910d7ee479a8bc509f6c9209a7c2a11399d6,inventoried
koreader/base,9f9b664083d8cdab967638781096f5b089cb2e36,Makefile,8623,301,d7cfb7ab60b651a589f4d3083785e14ab9ba5a5680be4893b7eb5b448c4494a6,inventoried
koreader/base,9f9b664083d8cdab967638781096f5b089cb2e36,Makefile.defs,36681,1122,7cc988fa943e16b01eb278e768e6224361c58a1eed305f44eb6e54905e519110,inventoried
koreader/base,9f9b664083d8cdab967638781096f5b089cb2e36,README.md,4292,119,b7165dd85b607ad9df13b55dc3d8064f5ebf0c811d423108e52de661333e78f8,inventoried
koreader/base,9f9b664083d8cdab967638781096f5b089cb2e36,blitbuffer.c,182123,3521,90b38099ce172667de2df23eb4a2ec81b803d6651a5c766551e2a2e1fe07a876,inventoried
koreader/base,9f9b664083d8cdab967638781096f5b089cb2e36,blitbuffer.h,8958,177,3a0572e450145161356032a396343e19fddb0dc718845a4f216133b0ed423972,inventoried
koreader/base,9f9b664083d8cdab967638781096f5b089cb2e36,button-listen.c,3279,89,6a6ec931d99c12bc8b4d3b582918306d0af8873a0fc6b6c48c4cf05b4bd07dfb,inventoried
koreader/base,9f9b664083d8cdab967638781096f5b089cb2e36,cache-key.base,325,24,3cc3e4394dbc25babf9775aa98abf84d838de717af3525cd5fc2e5359c092c52,inventoried
koreader/base,9f9b664083d8cdab967638781096f5b089cb2e36,cmake/CMakeLists.txt,24074,823,7827db335b9f97c07af9dd0ffc83c6a2d0f3df8ec43567eec5a6781ae73520f1,inventoried
koreader/base,9f9b664083d8cdab967638781096f5b089cb2e36,cmake/crengine/CMakeLists.txt,927,41,c707dad19b7949e895f31090a767009687d12825f5569d7dd85699cb766c52d8,inventoried
koreader/base,9f9b664083d8cdab967638781096f5b089cb2e36,cmake/koreader/CMakeLists.txt,1806,59,bdd6d46f36aad052dde87dc33e2dc86aeeb8ec5a26024d66bb222748c2ebe98a,inventoried
koreader/base,9f9b664083d8cdab967638781096f5b089cb2e36,cmake/sdl_get_version.c,647,25,634b22b38e3ae042c372fca34230957e8149a7fc74802f1c6e7e6be4af3ed379,inventoried
koreader/base,9f9b664083d8cdab967638781096f5b089cb2e36,cre.cpp,168901,4579,be00312b7fc13b1ff82abbecdeaa8492f5821843cd34acb12a96028a8a4ccaf1,inventoried
koreader/base,9f9b664083d8cdab967638781096f5b089cb2e36,cre.h,1113,32,64db842f9f718fadf1e90f11878e85e4093b342732fedbd3cbd572728cc89c2a,inventoried
koreader/base,9f9b664083d8cdab967638781096f5b089cb2e36,djvu.c,21304,738,0fc78cecf2e66f14643d79bd4294d4128cd40b5bd2bc50733b01f3350ff1bb86,inventoried
koreader/base,9f9b664083d8cdab967638781096f5b089cb2e36,djvu.h,1046,31,830639d7986b39b6900018e7e3549b75b6097c3c90eca2bdc06d7cf0662fa309,inventoried
koreader/base,9f9b664083d8cdab967638781096f5b089cb2e36,drawcontext.h,995,33,7463ee05e4ebe0844e7a4dd2633f9694beab44bce5dcaa4c528d86383b84371c,inventoried
koreader/base,9f9b664083d8cdab967638781096f5b089cb2e36,ev_replay.py,1114,47,f0220f52216ff1683bcde0e4cefc5b294811716121b57b129642e2ac344c295b,inventoried
koreader/base,9f9b664083d8cdab967638781096f5b089cb2e36,extr.c,2750,105,b9f3d48a290804bc84408339977da09dd8b44ea5b3417b8b713f8b1707971730,inventoried
koreader/base,9f9b664083d8cdab967638781096f5b089cb2e36,ffi-cdecl/SDL3_decl.c,5923,220,b5e2138946dbfcb803160ae328fb1735204c19a863d6775a2825d724f7d54545,inventoried
koreader/base,9f9b664083d8cdab967638781096f5b089cb2e36,ffi-cdecl/android-luajit-launcher_cdecl.c,54,1,b39b1bf86be1d4507bb7b7ce73a7c318562a8697cb17d0ff5b2036eae78a2ad4,inventoried
koreader/base,9f9b664083d8cdab967638781096f5b089cb2e36,ffi-cdecl/appimage/AppRun,250,12,706aa53aae710623039b12d9e5ccaf81595a711e83870be9d88a7210659febc7,inventoried
koreader/base,9f9b664083d8cdab967638781096f5b089cb2e36,ffi-cdecl/appimage/Makefile,943,40,5f0623f6ec4e0230db682a1f4d209aadb29133ebe2d05406486d31d23614c6c2,inventoried
koreader/base,9f9b664083d8cdab967638781096f5b089cb2e36,ffi-cdecl/appimage/ffi-cdecl.desktop,128,8,33f6bc1c3345156f5b43d004587a80b2adf8f8726edc8877c8670eb697b7c854,inventoried
koreader/base,9f9b664083d8cdab967638781096f5b089cb2e36,ffi-cdecl/appimage/ffi-cdecl.png,340,,c971b1459b4e99e343adc9af4fcea94b249d199d6705bcbde5fa0a56f53dddbb,inventoried
koreader/base,9f9b664083d8cdab967638781096f5b089cb2e36,ffi-cdecl/blight_cdecl.c,1549,49,5a2f57f4711a35673c90f0a620b0ddb7c3aa83cf619e27001d96c0c9308b1567,inventoried
koreader/base,9f9b664083d8cdab967638781096f5b089cb2e36,ffi-cdecl/blitbuffer_cdecl.c,1412,53,7804fb56b9b7b8fa6820dc556876d14ad603fea2b5741ebf37c2eb2f7af1a8f9,inventoried
koreader/base,9f9b664083d8cdab967638781096f5b089cb2e36,ffi-cdecl/crypto_decl.c,458,17,0d12e187f3e2ebac02029fe83292b88f128654c66324a2a98b8f3b42c1dc04c9,inventoried
koreader/base,9f9b664083d8cdab967638781096f5b089cb2e36,ffi-cdecl/einkfb_decl.c,596,24,b086546e1202ad1476c21b15af259786f8c612fa78d48012e0ea217157a55e1f,inventoried
koreader/base,9f9b664083d8cdab967638781096f5b089cb2e36,ffi-cdecl/ffi-cdecl.h,1164,19,324bf0597a6b7962792b6d16ecb025311d2ec602fad9f46d55dc12a07a0d9548,inventoried
koreader/base,9f9b664083d8cdab967638781096f5b089cb2e36,ffi-cdecl/ffi-cdecl.lua,29816,973,442081271833db4ec780aa0e92357d516ea203f00ec1f0bc8ffcbde497405965,inventoried
koreader/base,9f9b664083d8cdab967638781096f5b089cb2e36,ffi-cdecl/freetype2_decl.c,3735,148,5d226e5e5988e751f6c8d7cd817831c2bc618b8432d77a2fb2e1b54a2356e78a,inventoried
koreader/base,9f9b664083d8cdab967638781096f5b089cb2e36,ffi-cdecl/giflib_decl.c,876,46,6dcb11ac3e7bafe48a17c64621c735aa2392341f491829b2ed29f7c1166581e1,inventoried
koreader/base,9f9b664083d8cdab967638781096f5b089cb2e36,ffi-cdecl/harfbuzz_cdecl.c,1176,46,a636d1d4d1e8426bf6c1c6647d8cf050c90e37ec4ec03f4ae824681eb96174c2,inventoried
koreader/base,9f9b664083d8cdab967638781096f5b089cb2e36,ffi-cdecl/include/README,284,5,7b46dbfe126f06dd507cb90f20b1ef7b5b0c6c49ba94fe4329088232946b8d5c,inventoried
koreader/base,9f9b664083d8cdab967638781096f5b089cb2e36,ffi-cdecl/include/blight.h,5340,212,309896b7f97ff056abe9d5529de357c46e5288c30a7cee92adeb8f200d9b2c76,inventoried
koreader/base,9f9b664083d8cdab967638781096f5b089cb2e36,ffi-cdecl/include/einkfb.h,19294,452,1ff3d149bb9b8389b39ea0fec634eceea45b670ffe96a1739cbb5c769dc5528c,inventoried
koreader/base,9f9b664083d8cdab967638781096f5b089cb2e36,ffi-cdecl/include/frontlight-kindle.h,3044,69,8aef7d3b7acd3796c370d4f9fb09c57d36f11f9bfa18fc17c3ffc91e7c4dfb98,inventoried
koreader/base,9f9b664083d8cdab967638781096f5b089cb2e36,ffi-cdecl/include/ion-kobo.h,8718,296,af6b3e2e2521c40314aa59ad1d500f0e79f94a33c52ca7afcb8542afdb532156,inventoried
koreader/base,9f9b664083d8cdab967638781096f5b089cb2e36,ffi-cdecl/include/mtk-kindle.h,16284,492,0afe1d2a9217c0d501247ab1e4fb81d453628a3a1aa067c025850882492668aa,inventoried
koreader/base,9f9b664083d8cdab967638781096f5b089cb2e36,ffi-cdecl/include/mtk-kobo.h,12887,294,1f0509bab4afb5d425af953ee2f5989832cbd3c773c9bd13851d36aeaa647727,inventoried
koreader/base,9f9b664083d8cdab967638781096f5b089cb2e36,ffi-cdecl/include/mxcfb-cervantes.h,8944,314,cc254db8c4d573f198bda11eaae1c4a8335130a34eff2095ccef5e9ed251e8eb,inventoried
koreader/base,9f9b664083d8cdab967638781096f5b089cb2e36,ffi-cdecl/include/mxcfb-kindle.h,17534,583,6e657f7c201146326f8b9bcae8a9c8308549baee73b1aefe7d6674fd341afbdd,inventoried
koreader/base,9f9b664083d8cdab967638781096f5b089cb2e36,ffi-cdecl/include/mxcfb-kobo.h,12875,443,58f890c0c5d754a013ac6fbec2402588733f300dea97b8db746354e46e853beb,inventoried
koreader/base,9f9b664083d8cdab967638781096f5b089cb2e36,ffi-cdecl/include/mxcfb-pb.h,8458,282,4752984fe29ae391d6efb7e1f6b49388b0e464b821e3a6fd067ece22554176d7,inventoried
koreader/base,9f9b664083d8cdab967638781096f5b089cb2e36,ffi-cdecl/include/mxcfb-pocketbook.h,8477,282,baf2e739336df8853b33ecceaad767a53186c4374a20ef584d4ca7179dcc149b,inventoried
koreader/base,9f9b664083d8cdab967638781096f5b089cb2e36,ffi-cdecl/include/mxcfb-remarkable.h,9828,267,3852e084f6308e70d1d7aea966709f4d9d370a0b7f5202e5ff468e1de2ba4fd9,inventoried
koreader/base,9f9b664083d8cdab967638781096f5b089cb2e36,ffi-cdecl/include/mxcfb-sony.h,5720,207,0485c37f2eafa68e085f82c99d8d27be663a00bec60b323ccbb89c568430eab0,inventoried
koreader/base,9f9b664083d8cdab967638781096f5b089cb2e36,ffi-cdecl/include/qtfb.h,1006,52,081da6622c47a1e16080f771f2c4dc2a5df95a208f0dd9d0f9dc56af34173d37,inventoried
koreader/base,9f9b664083d8cdab967638781096f5b089cb2e36,ffi-cdecl/include/sunxi-kobo.h,24479,699,192bc9e07b58f0b43cb09a1613f56a85dac04148f0bbafd1d66fabbc7207a6bc,inventoried
koreader/base,9f9b664083d8cdab967638781096f5b089cb2e36,ffi-cdecl/inkview_decl.c,8376,312,aaa2beadce205f0b4ce3c29c2a78740d2068801d467e4a65e39b5b7cac17571c,inventoried
koreader/base,9f9b664083d8cdab967638781096f5b089cb2e36,ffi-cdecl/inkview_h_.lua,438,17,924b2f3ee5df02e93b6eb30619386b5cdbd01322e002354650ca50570a3c0536,inventoried
koreader/base,9f9b664083d8cdab967638781096f5b089cb2e36,ffi-cdecl/inotify_decl.c,1028,43,dcfcda78327b8c8cbaf041bb0dff1debb04509a7553ddb961750e31789926349,inventoried
koreader/base,9f9b664083d8cdab967638781096f5b089cb2e36,ffi-cdecl/ion_kobo_decl.c,335,15,85de975e29dcaa14f52fa4b6a7a0835d54707e0728452ee76d5d67f2332ca5d3,inventoried
koreader/base,9f9b664083d8cdab967638781096f5b089cb2e36,ffi-cdecl/koptcontext_cdecl.c,1028,44,893dfe46bc3cf08dcf29b2f6c2bbca70d6b6a657977bd63cfa086899800ae5d5,inventoried
koreader/base,9f9b664083d8cdab967638781096f5b089cb2e36,ffi-cdecl/koreader-cre_cdecl.c,42,3,0c22af7125177ed90ecb42a445c26af5c6a089096ecfbfab37e178b3e1377dcc,inventoried
koreader/base,9f9b664083d8cdab967638781096f5b089cb2e36,ffi-cdecl/koreader-djvu_cdecl.c,44,3,07ff7dd1e567f11c1a38f74b9944916bcc9460e677ab5d2136bba5e033dd3479,inventoried
koreader/base,9f9b664083d8cdab967638781096f5b089cb2e36,ffi-cdecl/koreader-input_cdecl.c,52,3,0efaf1a1283169579345128696b60e604193ce0f709b79d18846702f2475640d,inventoried
koreader/base,9f9b664083d8cdab967638781096f5b089cb2e36,ffi-cdecl/koreader-lfs_cdecl.c,24,1,0f12f6eeec45ca206749f368a35096f024a14f5f727ed43c6d67afb1d362c162,inventoried
koreader/base,9f9b664083d8cdab967638781096f5b089cb2e36,ffi-cdecl/koreader-nnsvg_cdecl.c,46,3,4500ccf96ceeb691d1f162a3559080d98d15ef2b48df7561dffe21add06b5239,inventoried
koreader/base,9f9b664083d8cdab967638781096f5b089cb2e36,ffi-cdecl/koreader-xtext_cdecl.c,46,3,a732936b01d73822cab0821ac9dcdd4d27d2579c71b0feda795b05771203bf69,inventoried
koreader/base,9f9b664083d8cdab967638781096f5b089cb2e36,ffi-cdecl/leptonica_cdecl.c,1334,58,aa532b33e9040d19194e0e0202d6ee33342d809a53eb0d3dcd2836db5da79c95,inventoried
koreader/base,9f9b664083d8cdab967638781096f5b089cb2e36,ffi-cdecl/libarchive_cdecl.c,2019,70,196d9b2fe86da4231edb466f90dafcf1bb9591ca32b83d3b688f7c05b3ce5b05,inventoried
koreader/base,9f9b664083d8cdab967638781096f5b089cb2e36,ffi-cdecl/libwebp_decl.c,767,26,50bac41931737e86dcb8a40bacf8ef9c016e57f205b76be027b58d3b2d18b4e2,inventoried
koreader/base,9f9b664083d8cdab967638781096f5b089cb2e36,ffi-cdecl/linux_fb_decl.c,456,22,31fd42a1640042ab7b1cf1282e58d982c74ba14eab7fe99fec6d8ee517b3c530,inventoried
koreader/base,9f9b664083d8cdab967638781096f5b089cb2e36,ffi-cdecl/linux_input_decl.c,2573,96,4c200e039a76cb09f7acdfe0e10a7bca284cd8a77b7c9ae491ac28dc1abaf063,inventoried
koreader/base,9f9b664083d8cdab967638781096f5b089cb2e36,ffi-cdecl/lodepng_decl.c,1117,36,93b600530a9cbd7f7e851c88f76aac95799b3b64518fd083d5dfe3e7cd590b38,inventoried
koreader/base,9f9b664083d8cdab967638781096f5b089cb2e36,ffi-cdecl/lpeg_cdecl.c,25,1,b13a1ea50856817b6c5fe39f28b31968030ca450faebb521709e2fc435f8a0fd,inventoried
koreader/base,9f9b664083d8cdab967638781096f5b089cb2e36,ffi-cdecl/lua-rapidjson_cdecl.c,30,1,7724b637e5e68a051cfa1c5c4f22bcfd534ba98fd8525d309607bdb92c8bc30e,inventoried
koreader/base,9f9b664083d8cdab967638781096f5b089cb2e36,ffi-cdecl/luasec_cdecl.c,121,4,91ec5806541b44ad6a9dfd1fe2e88d48f06d2dc44ea2c08ad2437fa286fb66fc,inventoried
koreader/base,9f9b664083d8cdab967638781096f5b089cb2e36,ffi-cdecl/luasocket_cdecl.c,64,2,36627d13e13a9c3e5036e42aa134c9000d53fb59be56f4dce1ba5393452650fb,inventoried
koreader/base,9f9b664083d8cdab967638781096f5b089cb2e36,ffi-cdecl/mxcfb_cervantes_decl.c,1005,39,3879c23d7f29aa57545413a52a00964eab6b2094cfae801190013c392d9b32db,inventoried
koreader/base,9f9b664083d8cdab967638781096f5b089cb2e36,ffi-cdecl/mxcfb_kindle_decl.c,4056,137,2d7f0c636b1c3cbf88bb14a45522ee2ddb87b2bbc999ced1cee1538b0e7141b2,inventoried
koreader/base,9f9b664083d8cdab967638781096f5b089cb2e36,ffi-cdecl/mxcfb_kobo_decl.c,2316,81,d53cc9839abfe754fff1e04bba87a35d765b1bff2b287f936b5e97cea716dc7c,inventoried
koreader/base,9f9b664083d8cdab967638781096f5b089cb2e36,ffi-cdecl/mxcfb_pb_decl.c,1799,65,af2eea9eb6bbaf45d8db28d921efcd5e6199e4394eaa21d11e17c1f6c3537772,inventoried
koreader/base,9f9b664083d8cdab967638781096f5b089cb2e36,ffi-cdecl/mxcfb_remarkable_decl.c,1009,41,9a94b3f32b61b855f8872572af786b26e6cb2794ed8ba29fb25c17ee9181fe5d,inventoried
koreader/base,9f9b664083d8cdab967638781096f5b089cb2e36,ffi-cdecl/mxcfb_sony_decl.c,633,26,9df9c68e1ae25b6f2c2cd71202827cee31162c5b3e08117e377705da2e69a957,inventoried
koreader/base,9f9b664083d8cdab967638781096f5b089cb2e36,ffi-cdecl/openlipclua_cdecl.c,35,1,9254d98d3e3d36f47ab5e228db6b20801406b6b9ae8add1ca10e6a2c3f543ad5,inventoried
koreader/base,9f9b664083d8cdab967638781096f5b089cb2e36,ffi-cdecl/posix_cdecl.c,15853,680,f45b5dd556d0c26a13d277310b6c49bea51391ea410903f62b0aa9891bb91442,inventoried
koreader/base,9f9b664083d8cdab967638781096f5b089cb2e36,ffi-cdecl/posix_h_.lua,790,24,cd7a3d18f356632f453a060c24e0b9646e96cd0fb0e58cfb5b679c3c08da15c0,inventoried
koreader/base,9f9b664083d8cdab967638781096f5b089cb2e36,ffi-cdecl/posix_h_android_arm.lua,15255,569,c6c63e9c8fc6fa98678b945e622c895a68368bfab7a8167e973551d48abb1f48,inventoried
koreader/base,9f9b664083d8cdab967638781096f5b089cb2e36,ffi-cdecl/posix_h_android_arm64.lua,15304,574,ae3a9f39dff8814c0933360ffb96a9d4858a8499b4c6262505a82ebfe8b4086c,inventoried
koreader/base,9f9b664083d8cdab967638781096f5b089cb2e36,ffi-cdecl/posix_h_android_x64.lua,15266,572,c16381f52ec012dd35d6e22f6cc7fe7d7f7f0fd198b3840117bb8294f5430a87,inventoried
koreader/base,9f9b664083d8cdab967638781096f5b089cb2e36,ffi-cdecl/posix_h_android_x86.lua,15255,569,c6c63e9c8fc6fa98678b945e622c895a68368bfab7a8167e973551d48abb1f48,inventoried
koreader/base,9f9b664083d8cdab967638781096f5b089cb2e36,ffi-cdecl/posix_h_linux_arm.lua,17594,672,a0127c78f455b3d18835045a0be42c2a61b5c9208f19eadf14a818028dd884d0,inventoried
koreader/base,9f9b664083d8cdab967638781096f5b089cb2e36,ffi-cdecl/posix_h_linux_arm64.lua,17599,672,59b274a2fdfa42e727fc587b46c357d838e0a1f33e6e336a2355f7fca919ade9,inventoried
koreader/base,9f9b664083d8cdab967638781096f5b089cb2e36,ffi-cdecl/posix_h_linux_x64.lua,17609,672,1072ac98f23e400c0d1bd92954cfd7ec546c07abbf8a5fac99ad0fef62a27256,inventoried
koreader/base,9f9b664083d8cdab967638781096f5b089cb2e36,ffi-cdecl/posix_h_macos.lua,16213,609,176da224e5bb17db65fe4510c9d8303de89faecc5961bd77cd0f36c48ce0e281,inventoried
koreader/base,9f9b664083d8cdab967638781096f5b089cb2e36,ffi-cdecl/qtfb_cdecl.c,291,10,b9e9bf3d894e0cc47bc310b247100d46639ba89b12a6b0143aaa5f1a45f04edc,inventoried
koreader/base,9f9b664083d8cdab967638781096f5b089cb2e36,ffi-cdecl/rtc_cdecl.c,225,11,3111c78d7b9f8dc06d2af94b3b52a1245d250e39a6a89b67f4bce04b0b166e21,inventoried
koreader/base,9f9b664083d8cdab967638781096f5b089cb2e36,ffi-cdecl/sqlite3_cdecl.c,1345,47,da98ba4b5efa7060fe9bd718d9d64e6a7099e60216a29ee0f3d43cbf66b38cc9,inventoried
koreader/base,9f9b664083d8cdab967638781096f5b089cb2e36,ffi-cdecl/sunxi_kobo_decl.c,1569,50,c9d68f49329612b297d0ace99f859e2ba2fedbcfb95160f8818421c87239adca,inventoried
koreader/base,9f9b664083d8cdab967638781096f5b089cb2e36,ffi-cdecl/tffi_wrap_cdecl.c,700,23,e7bb9517e420b8e8d5e324334783937d306470ad698832b87fc8747ab6d64ff5,inventoried
koreader/base,9f9b664083d8cdab967638781096f5b089cb2e36,ffi-cdecl/tree_sitter_cdecl.c,1815,72,9106698f533dc419f646dce457d2677f4a10be7063beaed0c9ceeaaedb62f787,inventoried
koreader/base,9f9b664083d8cdab967638781096f5b089cb2e36,ffi-cdecl/turbojpeg_decl.c,465,25,c9e699eba742205f0d5eeb5537ebf1f55f3079bf7c275b8b8e8603cc5fb9bfc3,inventoried
koreader/base,9f9b664083d8cdab967638781096f5b089cb2e36,ffi-cdecl/utf8proc_decl.c,300,12,1169576fcd62100afd5d15ba35ce6571f44f4a77fd6030a40923717ebe78b4e8,inventoried
koreader/base,9f9b664083d8cdab967638781096f5b089cb2e36,ffi-cdecl/wrap-mupdf_cdecl.c,4829,191,d89e1530fb136b90e092dd98608883300e6db1c97bd6e67a12d955f667b39f86,inventoried
koreader/base,9f9b664083d8cdab967638781096f5b089cb2e36,ffi-cdecl/xxhash_cdecl.c,255,12,e79a417e49425e485a01d8050874f027dc516c7374b3ba47fb81a0100f505369,inventoried
koreader/base,9f9b664083d8cdab967638781096f5b089cb2e36,ffi-cdecl/xz_cdecl.c,1381,74,f0ed674fda76e23d2b2a964145623b7c6270484355ecafb8ed8a70993d96ab9d,inventoried
koreader/base,9f9b664083d8cdab967638781096f5b089cb2e36,ffi-cdecl/zeromq_cdecl.c,917,48,07d2918f3362537dda71531292f1a045eca9a7b3d4220ad749ac9ba18f54c88e,inventoried
koreader/base,9f9b664083d8cdab967638781096f5b089cb2e36,ffi-cdecl/zlib_decl.c,198,12,a0878c5ac1b501aa3370e59fd9d915c4b306b3a83540a9ec37b169dec1612310,inventoried
koreader/base,9f9b664083d8cdab967638781096f5b089cb2e36,ffi-cdecl/zstd_decl.c,399,17,9d6c33f8cb8f712eab935d2c85df1fbb7d1f75183be9061663d0889dc59f764f,inventoried
koreader/base,9f9b664083d8cdab967638781096f5b089cb2e36,ffi/MD5.lua,604,34,fb751e8a65e21dec8fe0440d052f76663f87b895d0797d78ab9a233c469ec623,inventoried
koreader/base,9f9b664083d8cdab967638781096f5b089cb2e36,ffi/SDL3.lua,31399,846,6491d45f09febd6db26e7c64d47f8fa04d7c14d8b157d70bc65dd345b375be18,inventoried
koreader/base,9f9b664083d8cdab967638781096f5b089cb2e36,ffi/SDL3_h.lua,30906,1078,7a3c42461290300c4bb14129e7a54b5956135aae9a27dbe8c66fa67b8fbbeda0,inventoried
koreader/base,9f9b664083d8cdab967638781096f5b089cb2e36,ffi/__gc.lua,660,22,e01e633d113b15159f7322aef0e81f874df5a1642dbb0f0df91eeee181a98f2f,inventoried
koreader/base,9f9b664083d8cdab967638781096f5b089cb2e36,ffi/archiver.lua,11838,374,0c07394b52a7b7e1b28082f61a531af9fd38b4e6db1d24d8459eb1ba204cf46d,inventoried
koreader/base,9f9b664083d8cdab967638781096f5b089cb2e36,ffi/bitser.lua,12545,488,076d0709a4f79de76d1ffe8638e3e0343a3e11b63d9391f54a9f06ff859e45d4,inventoried
koreader/base,9f9b664083d8cdab967638781096f5b089cb2e36,ffi/blight.lua,699,35,02d01a549bbab9eb00c5b06cd01a13255f26608f764c421c2463fe9b42196d7f,inventoried
koreader/base,9f9b664083d8cdab967638781096f5b089cb2e36,ffi/blight_h.lua,4063,154,4f87dc8fb7f55d07738b7a0f5d0171a98d072d9cc03391414ccc674bffc1c656,inventoried
koreader/base,9f9b664083d8cdab967638781096f5b089cb2e36,ffi/blitbuffer.lua,107250,2794,c6772d88eee2636c5886241972e10c592a1452a83c471deec4f458bfb2fac42f,inventoried
koreader/base,9f9b664083d8cdab967638781096f5b089cb2e36,ffi/crypto.lua,2477,90,58f26450dc9906bb982226eb9fc9d4b744ffce2c8ad42f9f76f9efee23de52ed,inventoried
koreader/base,9f9b664083d8cdab967638781096f5b089cb2e36,ffi/crypto_h.lua,883,18,63e5bf44c2ae78f0c5aca9b76af25eaaed9e1bb02f465de61b08a3a061fd2a94,inventoried
koreader/base,9f9b664083d8cdab967638781096f5b089cb2e36,ffi/downloader.lua,2190,72,15216d6137ad735276addacaacea4abdc69c0583f51f8b02caec5641481cacd8,inventoried
koreader/base,9f9b664083d8cdab967638781096f5b089cb2e36,ffi/drawcontext.lua,1415,46,9e669973119aaf36a0cd1a0895ccd7cb88210929cfc96f47078d74a4ac4b7b16,inventoried
koreader/base,9f9b664083d8cdab967638781096f5b089cb2e36,ffi/einkfb_h.lua,1266,49,d5e371a7b7cf1dcb7a3a08aa18c92c68af3fd67725af492b86a970a1c794db4a,inventoried
koreader/base,9f9b664083d8cdab967638781096f5b089cb2e36,ffi/fbink_input_h.lua,1369,45,2550491b1ade4de3aed3aaa15b59d91081f0bcec23567bbd06f1bbef7fa3af2c,inventoried
koreader/base,9f9b664083d8cdab967638781096f5b089cb2e36,ffi/framebuffer.lua,19743,588,a379a07c8d8dec2515d3a99e166b258159ea5b5e49643b72a920f600a33c5bbc,inventoried
koreader/base,9f9b664083d8cdab967638781096f5b089cb2e36,ffi/framebuffer_SDL3.lua,5887,172,46db3804f9f8f8a99700cdbb442102f29a291042fe71d3daa0ac3cc8b954e750,inventoried
koreader/base,9f9b664083d8cdab967638781096f5b089cb2e36,ffi/framebuffer_android.lua,6336,190,92ea6de0fdd1f81fa84b57aeebfd3f768764b2756434d6d7c3fbd9b4a1b21a1a,inventoried
koreader/base,9f9b664083d8cdab967638781096f5b089cb2e36,ffi/framebuffer_blight.lua,4864,161,32e1f9649f33e9a78c2233827c4c75e51bb804bf7398ed6a75df76b14102c11e,inventoried
koreader/base,9f9b664083d8cdab967638781096f5b089cb2e36,ffi/framebuffer_dummy.lua,1353,63,718a43bf67321d5051e2295cc1003884564d7143d8929d04b9c94d3b16991b74,inventoried
koreader/base,9f9b664083d8cdab967638781096f5b089cb2e36,ffi/framebuffer_einkfb.lua,1041,34,d07e9b14c6375d1f9c36e3ea8bf39cbfc7072f9060ccca298c528557aad8a640,inventoried
koreader/base,9f9b664083d8cdab967638781096f5b089cb2e36,ffi/framebuffer_ion.lua,13818,369,c6145fefb7b02fd799e1a5eb2f90cf75c28bb3692c556394a97123c4ae96be5a,inventoried
koreader/base,9f9b664083d8cdab967638781096f5b089cb2e36,ffi/framebuffer_linux.lua,11793,287,e3132a7dfcdc14b2b61d34a993fa9c0fd6e3d0c753f1d74436263515b32bde7b,inventoried
koreader/base,9f9b664083d8cdab967638781096f5b089cb2e36,ffi/framebuffer_mxcfb.lua,61977,1227,41fb642f79a50f3d7b5c5884323fc5e4b893bf5bcf5b537fde173506d3fe1525,inventoried
koreader/base,9f9b664083d8cdab967638781096f5b089cb2e36,ffi/framebuffer_pocketbook.lua,5153,183,0ff5308c9034162330e429ab5ea717cc7b7120c2c20c3ca6ff64d1fa835f8cce,inventoried
koreader/base,9f9b664083d8cdab967638781096f5b089cb2e36,ffi/framebuffer_qtfb.lua,6488,205,e226cdb6466177f34c18ae6893b6c91e30ba8de373540a11721cfa368c3b9a6b,inventoried
koreader/base,9f9b664083d8cdab967638781096f5b089cb2e36,ffi/framebuffer_sunxi.lua,13797,347,4e1d73151d7178d56aec64898119e21c52f841b08239747a26ffa2041cd809fd,inventoried
koreader/base,9f9b664083d8cdab967638781096f5b089cb2e36,ffi/freetype.lua,8863,237,64bebe32c461da5b2100494a79b01167a7c15723d8b3e6495ba9d5c3874b2c99,inventoried
koreader/base,9f9b664083d8cdab967638781096f5b089cb2e36,ffi/freetype_h.lua,12612,319,113d24083d64f3f3a2a63d05c324628d584f801ffc2f82426b3dcd3df3d12830,inventoried
koreader/base,9f9b664083d8cdab967638781096f5b089cb2e36,ffi/giflib_h.lua,2061,74,22e9a04d871559d9bba6963fe46203ad8bde9fede675329416f7a4cbae70227a,inventoried
koreader/base,9f9b664083d8cdab967638781096f5b089cb2e36,ffi/harfbuzz.lua,3935,121,be8d73a2563784bdd6d1418c7b97d18073546f5304ef2790909b9810d319986d,inventoried
koreader/base,9f9b664083d8cdab967638781096f5b089cb2e36,ffi/harfbuzz_coverage.lua,94127,430,d771fa33e6ab700d184e619095613ad5ca1081b9cb4b3ee724450a5d2b0c0756,inventoried
koreader/base,9f9b664083d8cdab967638781096f5b089cb2e36,ffi/harfbuzz_h.lua,1901,52,edc67c31dda76bd023175dac1c25ba32cea2fda83c795723865014f428c32eff,inventoried
koreader/base,9f9b664083d8cdab967638781096f5b089cb2e36,ffi/hashoir.lua,828,41,5d63fe8086cd9dbadd4c32a255bc2c67a71988da8ef9b19ac6f4ca593d5a17c4,inventoried
koreader/base,9f9b664083d8cdab967638781096f5b089cb2e36,ffi/inkview.lua,754,22,9016f32d24475315e81bcea7a1e0413cd071339b06b5769692082109be165679,inventoried
koreader/base,9f9b664083d8cdab967638781096f5b089cb2e36,ffi/inkview_h.lua,13621,518,535b4923bdc6018c42bfcb3b464950fe120c2dafe09b910441f7ca02f3a28aca,inventoried
koreader/base,9f9b664083d8cdab967638781096f5b089cb2e36,ffi/inotify_h.lua,1400,41,78d6a06ca6c0ce51b00a9245e39309c545025a7b019800f9c4dcbabb86a4468f,inventoried
koreader/base,9f9b664083d8cdab967638781096f5b089cb2e36,ffi/input_SDL3.lua,608,18,8d3ec2daac0890062f32317f13b71c24b7a0bf0286814b3181d258e34f6205ba,inventoried
koreader/base,9f9b664083d8cdab967638781096f5b089cb2e36,ffi/input_android.lua,15924,329,a2a1fe9f987f8b1d612c100b2b58937ab292a280da0277908638ae27a922b238,inventoried
koreader/base,9f9b664083d8cdab967638781096f5b089cb2e36,ffi/input_blight.lua,4555,159,aa93b8b3180575509617283798881454220f13d58ffe62792f11cd6e26e0a64a,inventoried
koreader/base,9f9b664083d8cdab967638781096f5b089cb2e36,ffi/input_pocketbook.lua,21209,531,c9ba9241362a25d8c8ab46f82bb23b05976bff5fa8509b845e0acf09753c11d3,inventoried
koreader/base,9f9b664083d8cdab967638781096f5b089cb2e36,ffi/input_qtfb.lua,7635,216,9498f6a8bcd53f2987cbfffeb370bfbe966dbcdb959e51cd8b1177a01c81fe53,inventoried
koreader/base,9f9b664083d8cdab967638781096f5b089cb2e36,ffi/ion_kobo_h.lua,1107,40,16027852dae54f87b9049528ecd6f3003ef8ebd5d5ec793454a349de5ddac5e2,inventoried
koreader/base,9f9b664083d8cdab967638781096f5b089cb2e36,ffi/jpeg.lua,5088,153,2b58c265d0c39473b2ededa1d3fbaf8d5b511e313ce9fe1a4689f09830ad25aa,inventoried
koreader/base,9f9b664083d8cdab967638781096f5b089cb2e36,ffi/kobolight.lua,1311,51,69e0c5500d6bde704f2647daa917773a600b12fc4ebdf3ebf60cf302b705831d,inventoried
koreader/base,9f9b664083d8cdab967638781096f5b089cb2e36,ffi/koptcontext.lua,30305,815,7f6804835e7c1e6928b44c6245d15a39ede972dd5fc280b86cc619da87a64816,inventoried
koreader/base,9f9b664083d8cdab967638781096f5b089cb2e36,ffi/koptcontext_h.lua,3285,159,2291ca423f17d23e2153cee1aeadddc580669274db303348286f52743ce665c6,inventoried
koreader/base,9f9b664083d8cdab967638781096f5b089cb2e36,ffi/kotasync.lua,21617,657,ea9e0365b269454ae1eea17fcab85c4fab123930f14232fcead4473d6183e43d,inventoried
koreader/base,9f9b664083d8cdab967638781096f5b089cb2e36,ffi/leptonica_h.lua,2076,56,1300cb9e8e2c603c6ce91255000d4d970c2997e0977dc669414490d44926222f,inventoried
koreader/base,9f9b664083d8cdab967638781096f5b089cb2e36,ffi/libarchive_h.lua,3201,63,e3f0e4555f962b390639e4da7801912cee6002b4bad6d00afbb2f6ffaeabe599,inventoried
koreader/base,9f9b664083d8cdab967638781096f5b089cb2e36,ffi/libwebp_h.lua,1351,49,416b080e15b3ed5f4e97b7269babf2586abdb7b4303c16c97670b908ec7d0d81,inventoried
koreader/base,9f9b664083d8cdab967638781096f5b089cb2e36,ffi/linux_fb_h.lua,1484,67,129af7a426c574fee55afd35407b5d226eec6a53a8a442179baac087bb5fea8e,inventoried
koreader/base,9f9b664083d8cdab967638781096f5b089cb2e36,ffi/linux_input_h.lua,2779,76,8461bc7684687ab16d92dc1fb33bad950ede9ff8b3d99a14d7f85e73fd032387,inventoried
koreader/base,9f9b664083d8cdab967638781096f5b089cb2e36,ffi/loadlib.lua,5685,170,66d493c3fc2f54d38c7aaf603862a253cb7944b6f9603540a023f5d2f8295eb5,inventoried
koreader/base,9f9b664083d8cdab967638781096f5b089cb2e36,ffi/lodepng_h.lua,3976,104,063caf67f740a2e03129dbbc55985291c06db795a790f0eb68b64e83b96c202b,inventoried
koreader/base,9f9b664083d8cdab967638781096f5b089cb2e36,ffi/lru.lua,8159,303,b15c9b1d208e8f88dae45744ee320162ea69c8cb641b69f8bae93340c65cc1e8,inventoried
koreader/base,9f9b664083d8cdab967638781096f5b089cb2e36,ffi/mupdf.lua,41630,1188,1d6627890135a97ecb22e725400c91645c4d21b43eca4eb8088d1e0cf6c1896d,inventoried
koreader/base,9f9b664083d8cdab967638781096f5b089cb2e36,ffi/mupdf_h.lua,11127,328,6ac58fdb8e950f9ef4e5f0a98df5c8844d0a98a0be4aa46248b0d3d9702c777b,inventoried
koreader/base,9f9b664083d8cdab967638781096f5b089cb2e36,ffi/mxcfb_cervantes_h.lua,1695,50,ddcf7f0234d496b29f11a67e4d6f3236d62cc65eebbfad65d81e184b0ddd74d5,inventoried
koreader/base,9f9b664083d8cdab967638781096f5b089cb2e36,ffi/mxcfb_kindle_h.lua,7422,204,9a09782b09e00744c240b88302a959e15db32902be58a37f1b2ecaf3f52be164,inventoried
koreader/base,9f9b664083d8cdab967638781096f5b089cb2e36,ffi/mxcfb_kobo_h.lua,5443,158,9ecc98d2ced79f6af819f9c57d7f04b00eb2d8c8c4940d5acadac422f9055166,inventoried
koreader/base,9f9b664083d8cdab967638781096f5b089cb2e36,ffi/mxcfb_pocketbook_h.lua,2766,75,fc34583b418da5de36403327e8e858c5438e0c4a360ba2116674f90d7f22c064,inventoried
koreader/base,9f9b664083d8cdab967638781096f5b089cb2e36,ffi/mxcfb_remarkable_h.lua,1841,59,ae01a1fc9111b500ed451b2a6eb05631bf4f64adecb1d00ca5e8aa129b1013ea,inventoried
koreader/base,9f9b664083d8cdab967638781096f5b089cb2e36,ffi/mxcfb_sony_h.lua,1339,44,717a9096a014243fa1bd75e8a68406c62f32c7aaecfcede336c4d92f6e7f210e,inventoried
koreader/base,9f9b664083d8cdab967638781096f5b089cb2e36,ffi/netinfo.lua,6511,213,7cafb324f5d11bca779ddce9b80c482267c5236278f070c3f3d41dc5893aee3e,inventoried
koreader/base,9f9b664083d8cdab967638781096f5b089cb2e36,ffi/pic.lua,11557,392,b90c9ece8938e1e3b7c4efe1fd923a34b1b535e2c33549c5558d94a05581be24,inventoried
koreader/base,9f9b664083d8cdab967638781096f5b089cb2e36,ffi/png.lua,4476,119,781a791de7545a24ea99d8bc2994dd59f7be9dacce1632be70bed5e1bf337a85,inventoried
koreader/base,9f9b664083d8cdab967638781096f5b089cb2e36,ffi/posix.lua,1967,79,15631b547d089d752e735d69eecf753c059a286bfd865011d24ee4194b5f4314,inventoried
koreader/base,9f9b664083d8cdab967638781096f5b089cb2e36,ffi/posix_h.lua,35832,1333,d7852371a302ac18eca82dab51fe1ab90c0ba46eefd750a3e7f842891777d5a8,inventoried
koreader/base,9f9b664083d8cdab967638781096f5b089cb2e36,ffi/qrencode.lua,60972,1324,8bb11f37d8d8aa789af0425afd061f220dbb2de43e41dd0ee4c523000919b5e1,inventoried
koreader/base,9f9b664083d8cdab967638781096f5b089cb2e36,ffi/qtfb.lua,1381,56,1a3afafd46b001698be630af19cbe9f3d6f198bbf2e03dbbb2605c871efdae90,inventoried
koreader/base,9f9b664083d8cdab967638781096f5b089cb2e36,ffi/qtfb_h.lua,874,44,857ec18436d99ff9cc8f6ffd96c0f4da7c4428de978fc45268fbf2605aa249e0,inventoried
koreader/base,9f9b664083d8cdab967638781096f5b089cb2e36,ffi/rtc.lua,13330,413,1fac623a7ab115efb2d0dc326e49d2b182908d72bea63fe8e9799d4acaf868df,inventoried
koreader/base,9f9b664083d8cdab967638781096f5b089cb2e36,ffi/rtc_h.lua,575,27,91ce459da23033fd9aad428599a5e9d65fc6e0301d9ddc0dd5eb6ae7a8d32a01,inventoried
koreader/base,9f9b664083d8cdab967638781096f5b089cb2e36,ffi/serpent.lua,8979,152,b68ac3898b533d2ff82e45e26b179d6f4a5a2baaee9a44f2ddbd51d4febc892e,inventoried
koreader/base,9f9b664083d8cdab967638781096f5b089cb2e36,ffi/sha2.lua,276232,5675,62d2e0885931a1f14db87e61cb3d74936bb5b1e19eb2b4994ab04c03d78f9ed6,inventoried
koreader/base,9f9b664083d8cdab967638781096f5b089cb2e36,ffi/sunxi_kobo_h.lua,10237,362,7f88d09a9f8817d6dc75a83ddb7793b84c2454ef687ba8529fa81a22f40f2ee5,inventoried
koreader/base,9f9b664083d8cdab967638781096f5b089cb2e36,ffi/tree_sitter_h.lua,3042,91,cd3a84c08eed35686c3b2ab45aaedee9555f03dbee406240ba5121ca1f736388,inventoried
koreader/base,9f9b664083d8cdab967638781096f5b089cb2e36,ffi/turbojpeg_h.lua,1700,77,b5648184fd76023256fd5493f7ac74b97c1eba175747294cc769e5ea4d8923a6,inventoried
koreader/base,9f9b664083d8cdab967638781096f5b089cb2e36,ffi/updater.lua,4003,143,012447731516c0901c777dd685dcf024952aa2475f5edf2cb16a4a415c642e7e,inventoried
koreader/base,9f9b664083d8cdab967638781096f5b089cb2e36,ffi/utf8proc.lua,3130,111,c709dd362ffb55f3462eb88a5b8fb29755f6d39c435292e0cd736a9d86064927,inventoried
koreader/base,9f9b664083d8cdab967638781096f5b089cb2e36,ffi/utf8proc_h.lua,581,13,d9cc70d64252f31765842e9014e14a2db30fb9f56780bfcd2e4ad79c394864c8,inventoried
koreader/base,9f9b664083d8cdab967638781096f5b089cb2e36,ffi/util.lua,27498,805,47e91ce7e4be3e79f6a578c7790484bd2bae100f8101909e089cd40c70d34160,inventoried
koreader/base,9f9b664083d8cdab967638781096f5b089cb2e36,ffi/webp.lua,5698,139,2d2d85a4da59ee7e818c33018a3594deb5faf5346d94336e0480c28e61f68ee7,inventoried
koreader/base,9f9b664083d8cdab967638781096f5b089cb2e36,ffi/xxhash_h.lua,461,15,4e5b3586f6e83fab5989e92c8c925d362e9c5794f76f683e9e6676883a26e20c,inventoried
koreader/base,9f9b664083d8cdab967638781096f5b089cb2e36,ffi/xz_h.lua,5434,172,1b4bfe020dd1799e5a66f924e8a2c1cad22b2f545e63379e20fe629e5f4a816d,inventoried
koreader/base,9f9b664083d8cdab967638781096f5b089cb2e36,ffi/zeromq_h.lua,1377,41,13585bdddccb9df9c89260646d4eb283bf10ae63b9fd064fe6f69acac7226aa0,inventoried
koreader/base,9f9b664083d8cdab967638781096f5b089cb2e36,ffi/zlib.lua,835,33,c05aea3ef2f6cb5ae8a621225e2eb37bbae143e2ab4412ac94aeec12e070762a,inventoried
koreader/base,9f9b664083d8cdab967638781096f5b089cb2e36,ffi/zlib_h.lua,378,13,15c9b4c16a007c52f6d0b80270f97f6d01a0d9de74261d2c2c3cf00ef27c0fcc,inventoried
koreader/base,9f9b664083d8cdab967638781096f5b089cb2e36,ffi/zstd.lua,3309,81,93a0f15a184d568d2ca75e368e84be3ecdf9dc5aa979a43466fa92bd4aeff9f6,inventoried
koreader/base,9f9b664083d8cdab967638781096f5b089cb2e36,ffi/zstd_h.lua,798,21,bd55f2f3c2d86a5e4343a08f5e929a2c45e5915560ba23a253170a57d3d1a4d3,inventoried
koreader/base,9f9b664083d8cdab967638781096f5b089cb2e36,input/.clang-format,4413,151,bae03fc4721163361b578849ceeb7580a43cbb2e0d3c47dc968c733242065d09,inventoried
koreader/base,9f9b664083d8cdab967638781096f5b089cb2e36,input/atomicio.h,3415,90,831d4583256f81d284ddf60f1d1080e285166709798e66cbd51832bb3de9213d,inventoried
koreader/base,9f9b664083d8cdab967638781096f5b089cb2e36,input/inkview-compat.c,1588,69,e40dc5a0b4be316f3b5c6a34167d7bd143a22403a0a03d53a8f4fd7d261448a1,inventoried
koreader/base,9f9b664083d8cdab967638781096f5b089cb2e36,input/input-cervantes.h,2474,75,89baccf944ecfb6256435f73ae2d34038a981a03a3140adf96ff7ee473ca4612,inventoried
koreader/base,9f9b664083d8cdab967638781096f5b089cb2e36,input/input-kindle.h,8752,227,864fac5ae67e18d8c6097218fd800632deb00e7c095cb4c33ba372c24e91888f,inventoried
koreader/base,9f9b664083d8cdab967638781096f5b089cb2e36,input/input-kobo.h,4920,125,efb4e34b8d9695f9bff876b8c071816015dc14c23f5f69ebfa2550a7ebd3f37f,inventoried
koreader/base,9f9b664083d8cdab967638781096f5b089cb2e36,input/input-remarkable.h,5252,151,3abe3f2c404e545e09fee49be4ae6fbf147f0bb28119cb08d92f84dcc4a455a9,inventoried
koreader/base,9f9b664083d8cdab967638781096f5b089cb2e36,input/input-sony-prstux.h,4166,117,8354544cf7e3b98570dff4a429421de95bb28f14c6389440b87718193fd9cd0b,inventoried
koreader/base,9f9b664083d8cdab967638781096f5b089cb2e36,input/input.c,21335,570,53f9df24194ccea8929c705a298e198efa9e79b1a070eba18ad4ae2dfcc4bef0,inventoried
koreader/base,9f9b664083d8cdab967638781096f5b089cb2e36,input/input.h,1052,31,b68d54dc5cd9ce49bc8b283fc2b74483c4ce4eaaeb49960bdcaeb9b621bc0c9f,inventoried
koreader/base,9f9b664083d8cdab967638781096f5b089cb2e36,input/libue.h,9593,283,ea9131f28741522453118c23cdbba4f48f3d0db94db6209e7fedd12f2099c663,inventoried
koreader/base,9f9b664083d8cdab967638781096f5b089cb2e36,input/timerfd-callbacks.h,5454,186,694c0208234205ab529d86c7a0203e587a7658f908b6cb309f8c384dd2f88673,inventoried
koreader/base,9f9b664083d8cdab967638781096f5b089cb2e36,koptcontext.h,957,28,748f17b43c434cd1b3ec5e49d177b47e454d570cfcb9e4aa96d72252c728143b,inventoried
koreader/base,9f9b664083d8cdab967638781096f5b089cb2e36,kotasync/AppRun,337,13,4793b562761e6bd49cd376184db190165b48bc82a45a529ed5935c5aa700cb70,inventoried
koreader/base,9f9b664083d8cdab967638781096f5b089cb2e36,kotasync/Makefile,1228,66,f57556658477f7620ffd77c7f00280a681d65b3d1ff8039dda20ea3c646da5a7,inventoried
koreader/base,9f9b664083d8cdab967638781096f5b089cb2e36,kotasync/kotasync.desktop,139,8,c53a8b2812534171970c7974811a8b5a5c5f273bf4a19d2101db5e5554e7f128,inventoried
koreader/base,9f9b664083d8cdab967638781096f5b089cb2e36,kotasync/kotasync.lua,8577,230,e3d83205469bc44ec703790db5635f4ab46f0c338c64bd134495dca0d257683b,inventoried
koreader/base,9f9b664083d8cdab967638781096f5b089cb2e36,kotasync/kotasync.png,340,,c971b1459b4e99e343adc9af4fcea94b249d199d6705bcbde5fa0a56f53dddbb,inventoried
koreader/base,9f9b664083d8cdab967638781096f5b089cb2e36,monolibtic.cpp,26,1,d2d8eb7d64a59ea566ab9f2d6976a67f456dd600f169270f1753778cf6c54f2f,inventoried
koreader/base,9f9b664083d8cdab967638781096f5b089cb2e36,nnsvg.c,6517,182,d2071e7491bdd0d733627d782889d6bc6fa7a09768808a42f0a4a8a2fd08e829,inventoried
koreader/base,9f9b664083d8cdab967638781096f5b089cb2e36,nnsvg.h,330,16,0e08f72df8752f1dcb3eb5b270effe5a0344ee0e6c58894d3aa9853ccbee4300,inventoried
koreader/base,9f9b664083d8cdab967638781096f5b089cb2e36,origin.ldflags,55,1,c338e441f4f0deb4b16e0dde6317b082fa281e846625b930e58bd453a2adfb9b,inventoried
koreader/base,9f9b664083d8cdab967638781096f5b089cb2e36,osx_loader.c,3171,94,5eaf14a06e6582cdd03a2a10506796dbf302028464f36e6a18b0441322144c97,inventoried
koreader/base,9f9b664083d8cdab967638781096f5b089cb2e36,spec/unit/blitbuffer_spec.lua,27307,522,cc6ca3349fbbe56d5bdec861efe7d34e2bb14942154dc25142f1e3a89c3d3df0,inventoried
koreader/base,9f9b664083d8cdab967638781096f5b089cb2e36,spec/unit/common_spec.lua,2025,60,91c15dfc9e73b658d77b45ac93e7eedb377448eac746f04c32044b84acb7a33d,inventoried
koreader/base,9f9b664083d8cdab967638781096f5b089cb2e36,spec/unit/crypto_spec.lua,129,5,d74654d8f4343b4ab65ca4541c00a99cf72db9a9675604b7e510f8dccfd06270,inventoried
koreader/base,9f9b664083d8cdab967638781096f5b089cb2e36,spec/unit/data/2col.jbig2.pdf,2217,,69fbfb827ba9e10a1a2615dec0215fe748bc2b7952a0b78d8c25ae3bc3b8422f,inventoried
koreader/base,9f9b664083d8cdab967638781096f5b089cb2e36,spec/unit/data/Alice.pdf,711671,,f6dd04bcb9cf62087625edc5a38f091e6fe7edbf5cb39d612479bb332f5dbbd3,inventoried
koreader/base,9f9b664083d8cdab967638781096f5b089cb2e36,spec/unit/data/Paper.pdf,90191,,efb98193fb0c5f24d95110391ec0e5f3bbf360ceb2720d8ad5616f819097ea0b,inventoried
koreader/base,9f9b664083d8cdab967638781096f5b089cb2e36,spec/unit/data/encrypted-aes.zip,54271,,0470f6aa42f8c603afcc381d7838eaf868b07043ae39e47c5586e6dac2abaf2c,inventoried
koreader/base,9f9b664083d8cdab967638781096f5b089cb2e36,spec/unit/data/encrypted-none.zip,54229,,82556cd953656b2e87802f91c8db6df51f21334ad18c63fc00d625252623beaf,inventoried
koreader/base,9f9b664083d8cdab967638781096f5b089cb2e36,spec/unit/data/encrypted-plain.zip,54599,,a2b839f52cddb9dba6068571bd1cb278c32365cd120fb8b1ff736d847f1c7211,inventoried
koreader/base,9f9b664083d8cdab967638781096f5b089cb2e36,spec/unit/data/ko.gray,256,,08ec0c8c1efd6ac70d93ed54efa2f0d2b1b6b62aff901b7d8fabf508c50ffa85,inventoried
koreader/base,9f9b664083d8cdab967638781096f5b089cb2e36,spec/unit/data/ko.gray.bmp,1334,,9d2e56975192011d2eed26b8239b6089c58a3ed8cb3986d279994c846483a74a,inventoried
koreader/base,9f9b664083d8cdab967638781096f5b089cb2e36,spec/unit/data/ko.gray.png,481,,67aef88e13f2dd58d8b24fc3c3e16496d57d4cb480695da47a3240298be9a53b,inventoried
koreader/base,9f9b664083d8cdab967638781096f5b089cb2e36,spec/unit/data/ko.graya,512,,d3aa40e079c23a747d5e2d1a69453c38aec9849ad530877e226eac949c07351c,inventoried
koreader/base,9f9b664083d8cdab967638781096f5b089cb2e36,spec/unit/data/ko.graya.png,550,,dfe972dc628e847d8d5a7d5b08e2adb61c10830ee915f6e0ee99f1806b41b2ed,inventoried
koreader/base,9f9b664083d8cdab967638781096f5b089cb2e36,spec/unit/data/ko.rgb,768,,ef79298fc6ea9ce877f17cc7b864bf5eca260e9a87f018a70a65dfec0cdfcdf6,inventoried
koreader/base,9f9b664083d8cdab967638781096f5b089cb2e36,spec/unit/data/ko.rgb.bmp,822,,369bdbee3e5eb6827d31caec55afc1bc53a702841911851148ffb8349d6cb7b9,inventoried
koreader/base,9f9b664083d8cdab967638781096f5b089cb2e36,spec/unit/data/ko.rgb.jpg,1069,,1f30b007049d582e343916bf827d8988200fa10af1541bab22c93a63b75034f6,inventoried
koreader/base,9f9b664083d8cdab967638781096f5b089cb2e36,spec/unit/data/ko.rgb.jpg.gray,256,,32f39872fbed52c6a31e4bf08e344eba5962f9f952c3095a33935484d7a153cc,inventoried
koreader/base,9f9b664083d8cdab967638781096f5b089cb2e36,spec/unit/data/ko.rgb.jpg.rgb,768,,b2a4ba63afd2d3137977d62ae7c3903dcd47ae5df8ba406d14ff8ab730d4ac3b,inventoried
koreader/base,9f9b664083d8cdab967638781096f5b089cb2e36,spec/unit/data/ko.rgb.png,863,,af278716c3ce7a5b6150be84352593daab26afa48646060c840856afa69fcd60,inventoried
koreader/base,9f9b664083d8cdab967638781096f5b089cb2e36,spec/unit/data/ko.rgba,1024,,0cfc2f9e2c518021cf98409ef15e4d8aef7e15b435b39fa8b07bd0ff0611d940,inventoried
koreader/base,9f9b664083d8cdab967638781096f5b089cb2e36,spec/unit/data/ko.rgba.png,945,,0fd075a01cf69d3b866456c1c66bd2fcfdcd70eff1f579272761e942fb7ab7bd,inventoried
koreader/base,9f9b664083d8cdab967638781096f5b089cb2e36,spec/unit/data/sample.jpg,9553,,e1183758d8dd08a4a4c9d3de117ac1f0848e5d50912c4dae755ff638908dab51,inventoried
koreader/base,9f9b664083d8cdab967638781096f5b089cb2e36,spec/unit/data/saturation.pdf,11640,,bc10238a90aaedac85e0596223e0f45cdd3f7796ffdd4d26f207dc92aaf40986,inventoried
koreader/base,9f9b664083d8cdab967638781096f5b089cb2e36,spec/unit/data/simple-out-annotated.pdf,6365,,b95e44916752b99e064cb906e8b1f5c0b36542b540787fe4fc107f840c29ec6b,inventoried
koreader/base,9f9b664083d8cdab967638781096f5b089cb2e36,spec/unit/data/simple-out-annotation-deleted.pdf,6329,,387522611589f8ed51a624355604d81375707c6e3a4a4429c0751f38edbdf21f,inventoried
koreader/base,9f9b664083d8cdab967638781096f5b089cb2e36,spec/unit/data/simple-out.pdf,6335,,8c377f5de25e9bc4f3852be8b18e245a4843d8449eb12a4e0aa83cfdc3cc405f,inventoried
koreader/base,9f9b664083d8cdab967638781096f5b089cb2e36,spec/unit/data/simple.pdf,6003,,c677c33000dfccea8ac98c3984a34190b1c663b527d774b09f3c7b6bd2f6c66b,inventoried
koreader/base,9f9b664083d8cdab967638781096f5b089cb2e36,spec/unit/data/simple.svg,1170,40,1d313ed06170e18b63b2d033d6be04561f28350f98af08d5cb6430700f11b6b1,inventoried
koreader/base,9f9b664083d8cdab967638781096f5b089cb2e36,spec/unit/data/testdocument.odt,51441,,0b90a6a6b531bb19bd6203efd25abaedc4a262f41121b83864af9f034d421553,inventoried
koreader/base,9f9b664083d8cdab967638781096f5b089cb2e36,spec/unit/data/testdocument.pdf,41580,,9ccdda8706186e3dab5e730558e0e8b20b7c3c78bde4fa323fa46cf0ca830944,inventoried
koreader/base,9f9b664083d8cdab967638781096f5b089cb2e36,spec/unit/data/testfont.ttf,5312,,b0ec0c1afb765612c5001b215a11add4ecd5964e518d2396f4510893bd1ee9fb,inventoried
koreader/base,9f9b664083d8cdab967638781096f5b089cb2e36,spec/unit/data/transparency_various_bg.png,1128,,e37463535f08cdff923e324f0f10ed2507cf6cd9f59d2f5fcaadabd9c3dd05ff,inventoried
koreader/base,9f9b664083d8cdab967638781096f5b089cb2e36,spec/unit/ffi_wrapper.lua,1129,38,eb0045795ff3126e59ec6f0b3fb8cc0fc903c6abd2e05a062549e395a74b6f31,inventoried
koreader/base,9f9b664083d8cdab967638781096f5b089cb2e36,spec/unit/font_spec.lua,1679,42,9602255a5587891fb8be753c36e953637b470182a9592bcd4abee8acef8b9a8c,inventoried
koreader/base,9f9b664083d8cdab967638781096f5b089cb2e36,spec/unit/framebuffer_spec.lua,688,30,541bc033464a87f9a9a01c63a2f3e4b9d23721cb4d7c7eefd55040171cd1c303,inventoried
koreader/base,9f9b664083d8cdab967638781096f5b089cb2e36,spec/unit/freetype_spec.lua,368,11,7068efa652fd962c54da1583aeb8893b10830a7899dda2ca561fe56b745b2338,inventoried
koreader/base,9f9b664083d8cdab967638781096f5b089cb2e36,spec/unit/inkview_h_spec.lua,774,21,e25f76ccdb56924cdc66143f05b260daf7ec9ef232078966507228a86a9a42ca,inventoried
koreader/base,9f9b664083d8cdab967638781096f5b089cb2e36,spec/unit/jpeg_spec.lua,2316,71,eb9c0134ecfd3de60409669345abe9f10abab98ad8e6568463d041e609b722bf,inventoried
koreader/base,9f9b664083d8cdab967638781096f5b089cb2e36,spec/unit/koptcontext_spec.lua,8637,227,b1d2c348cea2b4c59579e730f808f665d66a90946e9b6dc8cce484d3a639e90a,inventoried
koreader/base,9f9b664083d8cdab967638781096f5b089cb2e36,spec/unit/md5_spec.lua,1109,36,d84ee2322b53d0370aa7ebdbcce4d0e47d5393dd7413cb4c3bdf3b924dc2cb8f,inventoried
koreader/base,9f9b664083d8cdab967638781096f5b089cb2e36,spec/unit/mupdf_spec.lua,10809,266,a0bc6019fe9c74a0f223a3a0aabc4cb5775fda01477363950ea65b601e4efd91,inventoried
koreader/base,9f9b664083d8cdab967638781096f5b089cb2e36,spec/unit/nnsvg_spec.lua,681,19,2810d6d9bbcbbe3f7f0a661c47dd60d378e4b25fa38a799f327b66b5f00adc2a,inventoried
koreader/base,9f9b664083d8cdab967638781096f5b089cb2e36,spec/unit/pic_spec.lua,4161,113,fe5ec831411a07d44efa107d46304551ca4431f895e8a0e185a9dbdc767a4275,inventoried
koreader/base,9f9b664083d8cdab967638781096f5b089cb2e36,spec/unit/png_spec.lua,1725,61,10b85723b2156324d50fe5b5ad0d3a793d515914a7691a3733076b4a1bf57db3,inventoried
koreader/base,9f9b664083d8cdab967638781096f5b089cb2e36,spec/unit/posix_h_spec.lua,590,23,7da770d5c41867f1ff0e5e5568c0278aaeecac828f1689e880cd148d220be8d4,inventoried
koreader/base,9f9b664083d8cdab967638781096f5b089cb2e36,spec/unit/qrencode_spec.lua,1791,27,33ac26769cd728c16ed87bd53fdaff95bf6670925c27104f2c13f097ed8b2ff2,inventoried
koreader/base,9f9b664083d8cdab967638781096f5b089cb2e36,spec/unit/spore_spec.lua,1806,60,3c2f7c448c351a020c45d7d54ce7c69b9e57dbce25e9a346e01ca81d54735ba2,inventoried
koreader/base,9f9b664083d8cdab967638781096f5b089cb2e36,spec/unit/turbo_spec.lua,355,15,d2795a3c36defa5517edd7ff8c33b1cfa0ecb87373f511a36fccf9a11046937a,inventoried
koreader/base,9f9b664083d8cdab967638781096f5b089cb2e36,spec/unit/util_spec.lua,10274,289,94426831f31a0411541beb2cc68ba7e088daef04b540a742b3337373601e96e6,inventoried
koreader/base,9f9b664083d8cdab967638781096f5b089cb2e36,test-runner/busted_config.lua,628,24,7cdb32271615ff18e053e6b8a846195c0ca22ae800c2c7df4879d7123ef12f2c,inventoried
koreader/base,9f9b664083d8cdab967638781096f5b089cb2e36,test-runner/busted_helper.lua,883,25,da1b72972f26b6dde8fd924f62aae961b2ca88cd48e4b66a8689ff345bd99de9,inventoried
koreader/base,9f9b664083d8cdab967638781096f5b089cb2e36,test-runner/meson.build,1792,68,f29fc554e1714f25f746d2a1310d4f313acc193c01822834cd43ff0d5a3cc0a8,inventoried
koreader/base,9f9b664083d8cdab967638781096f5b089cb2e36,test-runner/runtests,6731,236,1288fe25fcced064f582b70da7fe3aadd799cc833f1c8951bd2f6d7431558a1d,inventoried
koreader/base,9f9b664083d8cdab967638781096f5b089cb2e36,thirdparty/android-luajit-launcher/CMakeLists.txt,569,21,a0b6ebfa4f8126637d44530fc4fde4bb71e4e4fe13073074c0639216966548a5,inventoried
koreader/base,9f9b664083d8cdab967638781096f5b089cb2e36,thirdparty/brotli/CMakeLists.txt,573,21,b95cfe10deab6a9b2eac51752a8f32ca354150c2acb98b88c0e53b614be58d7b,inventoried
koreader/base,9f9b664083d8cdab967638781096f5b089cb2e36,thirdparty/brotli/cmake_tweaks.patch,2072,59,3ebd19b7386d42541c3b4554fbf40b6904aca3fa87b2fccfb545ffc2fc8ab8f5,inventoried
koreader/base,9f9b664083d8cdab967638781096f5b089cb2e36,thirdparty/certifi/CMakeLists.txt,430,10,15c15ce22bc74424a4b5786cdaa1e262182151f175b3bb36d0419d8cdf8d16da,inventoried
koreader/base,9f9b664083d8cdab967638781096f5b089cb2e36,thirdparty/cmake_modules/koenv.sh,8572,306,0c89513fd1267c4e2a1bf834fb2df552be9b64e0e9d5c4203feeaf6bb8d11cd7,inventoried
koreader/base,9f9b664083d8cdab967638781096f5b089cb2e36,thirdparty/cmake_modules/koreader_external_project.cmake,13909,396,3624a27574de6b2fc0742f8c935452f79a762a272022803ffd12be78634ff4a5,inventoried
koreader/base,9f9b664083d8cdab967638781096f5b089cb2e36,thirdparty/cmake_modules/koreader_targets.cmake,9904,346,e723167fcdfb2f76e3be583fe32bbed13c3f381848873f392cecf2f4c355c760,inventoried
koreader/base,9f9b664083d8cdab967638781096f5b089cb2e36,thirdparty/cmake_modules/koreader_thirdparty_common.cmake,9797,262,1bcf9efdac31d0bbd22dcc793e41f7a0b05904c74cd28fd18bb84519a5462795,inventoried
koreader/base,9f9b664083d8cdab967638781096f5b089cb2e36,thirdparty/cmake_modules/koreader_thirdparty_libs.cmake,7084,255,169a1d6d63ee1f9302552349503cc4c8feb391b3c96cef2f45a0d03941a1d1a3,inventoried
koreader/base,9f9b664083d8cdab967638781096f5b089cb2e36,thirdparty/cpu_features/CMakeLists.txt,522,19,28272f2f9470186f9ecb6cd0718d8eb313cf86d375b5c5ba4bd11b15a68809e5,inventoried
koreader/base,9f9b664083d8cdab967638781096f5b089cb2e36,thirdparty/czmq/CMakeLists.txt,1609,48,f7639db168bd06dbaebb523dae3e980b815d75d1ca6f8d6b30881b47b4a98499,inventoried
koreader/base,9f9b664083d8cdab967638781096f5b089cb2e36,thirdparty/czmq/android.patch,260,10,1020228d0cf59dcd5385777cbb4d271670ca648785f00519bc4700a16bde9364,inventoried
koreader/base,9f9b664083d8cdab967638781096f5b089cb2e36,thirdparty/czmq/cmake_tweaks.patch,1145,41,7b8fd3fc7cef62255d13f1074851b27bd8285fec0fb1dcbe9bffc3d0b0bd7384,inventoried
koreader/base,9f9b664083d8cdab967638781096f5b089cb2e36,thirdparty/czmq/fix_prefix_handling.patch,439,13,72458737c56d184ddcae9725e34ab46bfb8070917cc0bef992ebf598d0ed2f9c,inventoried
koreader/base,9f9b664083d8cdab967638781096f5b089cb2e36,thirdparty/djvulibre/CMakeLists.txt,914,29,79be0f2931d2458c4aa824315630df9b3b9f8bbd13d8c30e0c8adea94935be69,inventoried
koreader/base,9f9b664083d8cdab967638781096f5b089cb2e36,thirdparty/djvulibre/android.patch,310,14,7add986786000ab41e010117f1e5b53994346c8fc51ec63f5f3c4c1417b730e7,inventoried
koreader/base,9f9b664083d8cdab967638781096f5b089cb2e36,thirdparty/djvulibre/no-locale-mangling.patch,1468,62,e11364ced60c9ca05c8cc60fb593a70decefe3aa2d28804294e1d284dac832ea,inventoried
koreader/base,9f9b664083d8cdab967638781096f5b089cb2e36,thirdparty/djvulibre/no_references_to_install_dir.patch,726,22,2eb72f2f99236ef79ae812bfe77ec007f9e0812c1efd82b576b557bb2e819f25,inventoried
koreader/base,9f9b664083d8cdab967638781096f5b089cb2e36,thirdparty/djvulibre/overlay/CMakeLists.txt,5497,226,ebd97d8374151125afc43bbadd10a27656bfa0f719608da37b9daa5cd89b73b8,inventoried
koreader/base,9f9b664083d8cdab967638781096f5b089cb2e36,thirdparty/djvulibre/overlay/config.h.in,3819,152,fb70026459a0e5049810e802357dcf8af88fb6afa300efba9b8ee4e91d4e6fbb,inventoried
koreader/base,9f9b664083d8cdab967638781096f5b089cb2e36,thirdparty/dkjson/CMakeLists.txt,278,10,2a19dc8e93db86333f722e29ca0bac4a85bf59492688de470cd7d9f853c29e32,inventoried
koreader/base,9f9b664083d8cdab967638781096f5b089cb2e36,thirdparty/dropbear/CMakeLists.txt,2867,88,1fbe5642e1a665093ee28cd1406ba6c7f09c84eb92d820e8222d3218d6cf2969,inventoried
koreader/base,9f9b664083d8cdab967638781096f5b089cb2e36,thirdparty/dropbear/dbscp-path.patch,791,22,550d1ce8024b77733c9b17902e831d7f3593e8e3c3f70e75012cdc84690afcba,inventoried
koreader/base,9f9b664083d8cdab967638781096f5b089cb2e36,thirdparty/dropbear/fix__GNU_SOURCE_warnings.patch,945,42,9344d4384ba5bca7a8fc9c74c60b41cda43d0022deb9b34f6283844914132a36,inventoried
koreader/base,9f9b664083d8cdab967638781096f5b089cb2e36,thirdparty/dropbear/localoptions.h.cmake,1023,22,99bfe08c72b9336ef4dc3367e550b51aba8abc8cd11f5144a72b246aa18e6377,inventoried
koreader/base,9f9b664083d8cdab967638781096f5b089cb2e36,thirdparty/dropbear/nochdir-hack.patch,384,13,cc9e097e64c873ffcd5064658559b1d86dc0d8d57820fc7e46284a07a79d5472,inventoried
koreader/base,9f9b664083d8cdab967638781096f5b089cb2e36,thirdparty/dropbear/nopasswd-hack.patch,1776,62,526f779b13e390ec76832c637f391aabd587cabb1eba760e5b8aae360c32058e,inventoried
koreader/base,9f9b664083d8cdab967638781096f5b089cb2e36,thirdparty/dropbear/pubkey-hack.patch,2395,76,89bb96ccb3a4e054626b839dd8b5f8265b2b06742e2d5d16b7c1a8005fb3cf05,inventoried
koreader/base,9f9b664083d8cdab967638781096f5b089cb2e36,thirdparty/dropbear/reduce_build_verbosity.patch,1224,39,1865eb2d25ee4ebccc58d1dc9a76135e455f1d95cb085a42caa5d9e1a8beadc8,inventoried
koreader/base,9f9b664083d8cdab967638781096f5b089cb2e36,thirdparty/fbink/CMakeLists.txt,2026,66,45e9caef40d81e866fe32ed743ef24a04cd46008c53357188ab3f05bf56d0ed1,inventoried
koreader/base,9f9b664083d8cdab967638781096f5b089cb2e36,thirdparty/freetype2/CMakeLists.txt,1029,35,492a9c1136f8fcb7dafe6d1c5e17086ca6fcaccb413673845e26d84b26fa01a9,inventoried
koreader/base,9f9b664083d8cdab967638781096f5b089cb2e36,thirdparty/freetype2/ftcalc_gcc12_arm_neon_fix.patch,301,14,628340817526d36fd150bdb9268fbefae135c4510e7b27d78d2f97415e7f3958,inventoried
koreader/base,9f9b664083d8cdab967638781096f5b089cb2e36,thirdparty/fribidi/CMakeLists.txt,745,27,db94c72185621de9da2aa01d998ec8b50dc4dc476d89a3a24123fc51e011827d,inventoried
koreader/base,9f9b664083d8cdab967638781096f5b089cb2e36,thirdparty/giflib/CMakeLists.txt,785,24,86d49404f2959f992a4ddfd80f2e7569665ffb4a90d151d139430bace233967d,inventoried
koreader/base,9f9b664083d8cdab967638781096f5b089cb2e36,thirdparty/giflib/overlay/CMakeLists.txt,448,16,7380e1368dcd80865bce139d4d0b9c5c282af00b46e9bc7c17de2fd3694b003c,inventoried
koreader/base,9f9b664083d8cdab967638781096f5b089cb2e36,thirdparty/glib/CMakeLists.txt,1444,44,ab6622aefdaa591827aeb3b224b44feaf83624043cda23e60d052c0c26971d26,inventoried
koreader/base,9f9b664083d8cdab967638781096f5b089cb2e36,thirdparty/glib/libglib-only.patch,2225,82,359c65095d225eba97464986f6aba91947232c7c7cf7be979de11f0c96489cb1,inventoried
koreader/base,9f9b664083d8cdab967638781096f5b089cb2e36,thirdparty/glib/no_glibc_2.6_or_above_symbols.patch,1560,52,b401e60f3c987737c97434d13b12d5aa29e7f88469a33609e7ba9f1cb3af8ee8,inventoried
koreader/base,9f9b664083d8cdab967638781096f5b089cb2e36,thirdparty/glib/no_regex_support.patch,2130,58,c31629878d8433b7b9f88c15b697a3ad85e93c471d04369295494d62091948de,inventoried
koreader/base,9f9b664083d8cdab967638781096f5b089cb2e36,thirdparty/harfbuzz/CMakeLists.txt,2416,74,39d66658a1e61fba04ec864da5946c1db1af6320a90a22a7392df18d656df9f7,inventoried
koreader/base,9f9b664083d8cdab967638781096f5b089cb2e36,thirdparty/harfbuzz/android.patch,821,33,f8803dcd3e0d9df4b4f96d1e0e04da6c1cd73ec47ab6a189a310191ed56737b0,inventoried
koreader/base,9f9b664083d8cdab967638781096f5b089cb2e36,thirdparty/inkview/CMakeLists.txt,188,7,1aa62dc79a0df1e465580c76e14ac722bd414831dc10bf0ea71af9516a772f47,inventoried
koreader/base,9f9b664083d8cdab967638781096f5b089cb2e36,thirdparty/kobo-usbms/CMakeLists.txt,664,20,f8bedc1d122c6a239f00af81eeb942787e1dccd9e30d4f62e46307fc222c4d60,inventoried
koreader/base,9f9b664083d8cdab967638781096f5b089cb2e36,thirdparty/koreader-lfs/CMakeLists.txt,919,30,863c15077133a86d1a29da70ed1dbbfd42fefa0400b04617867c26d551742a3c,inventoried
koreader/base,9f9b664083d8cdab967638781096f5b089cb2e36,thirdparty/koreader-lfs/lfs-pushnumber-for-wide-types.patch,2800,99,c918fbd8db904e4f533a3598b619b78bf7bda1060ffbe4b5df24f6e920487002,inventoried
koreader/base,9f9b664083d8cdab967638781096f5b089cb2e36,thirdparty/koreader-lfs/lfs-visibility.patch,271,13,5cf044e5e86535d9d5d91634ed8eff86d8df70bd163b0a0581f1df131be28cd8,inventoried
koreader/base,9f9b664083d8cdab967638781096f5b089cb2e36,thirdparty/koreader-lfs/overlay/CMakeLists.txt,460,14,fd619ea69e45e0005305ea31885669a0f33eecf565cef6ece9a5475b41b23067,inventoried
koreader/base,9f9b664083d8cdab967638781096f5b089cb2e36,thirdparty/leptonica/CMakeLists.txt,2089,66,089b7f2309945670f442e1489d7f8a705c60cb9298d3b4403f487c0bb7258318,inventoried
koreader/base,9f9b664083d8cdab967638781096f5b089cb2e36,thirdparty/leptonica/cmake_tweaks.patch,441,14,cb8e5c4fffc15bb66c5e2197e4de777b0a31025bf2228a73d2d2403461930c37,inventoried
koreader/base,9f9b664083d8cdab967638781096f5b089cb2e36,thirdparty/leptonica/fmemopen-arm-compat-symbol.patch,453,12,aa2e87cd96aef884c5f504226a0124e65f320b4fcfd940db4bed5167a8f374c5,inventoried
koreader/base,9f9b664083d8cdab967638781096f5b089cb2e36,thirdparty/leptonica/k2pdfopt.patch,8396,225,5102f36dcb7aa37252375be934d6192ca6f7e1afa7d1486bfc7da7285bb2a6e8,inventoried
koreader/base,9f9b664083d8cdab967638781096f5b089cb2e36,thirdparty/leptonica/no_messing_with_debug_flags.patch,513,13,def1303571cc8aa590373accada9f0027dae777a104f15624d3299cf2c681174,inventoried
koreader/base,9f9b664083d8cdab967638781096f5b089cb2e36,thirdparty/libarchive/CMakeLists.txt,1903,60,4033314ad13dd7a065779ab022ed82b9a4a8a73a388ce57ead76d0761213edae,inventoried
koreader/base,9f9b664083d8cdab967638781096f5b089cb2e36,thirdparty/libarchive/android.patch,541,13,ccc8fa7bf6d7c5de36cff1dd401d9677256a4eaa024b085272418057b8e47107,inventoried
koreader/base,9f9b664083d8cdab967638781096f5b089cb2e36,thirdparty/libarchive/avoid_mode_t.patch,554,13,12b50300a7c90613a1575b392b22f2a36c0ca38111b83bcbd4f2f3c01a60956e,inventoried
koreader/base,9f9b664083d8cdab967638781096f5b089cb2e36,thirdparty/libarchive/ignore_locale_and_use_utf8.patch,624,22,a7a2db4a6594c6f4ebaacffebfa2beed90dd73d5d370dbc98baf0e40601e172c,inventoried
koreader/base,9f9b664083d8cdab967638781096f5b089cb2e36,thirdparty/libjpeg-turbo/CMakeLists.txt,1198,39,153857831e4c9755804663c3c34209e23e369021c3485e2d274ec24d637f9218,inventoried
koreader/base,9f9b664083d8cdab967638781096f5b089cb2e36,thirdparty/libjpeg-turbo/no_12_or_16_bits_precision.patch,10565,300,8d5276b1e9b74f260d96693cf87cb9de62c59c012305b5be0a8abb601f95fdf6,inventoried
koreader/base,9f9b664083d8cdab967638781096f5b089cb2e36,thirdparty/libjpeg-turbo/no_cmake_rpath_shenanigans.patch,413,15,ba907811f4dad4fde54ed760873bbfd219893a0598c7aeaea5293db162c7a82c,inventoried
koreader/base,9f9b664083d8cdab967638781096f5b089cb2e36,thirdparty/libjpeg-turbo/no_other_image_formats_except_bmp.patch,4761,167,014c9422f7cf650deeb68329723e48828f10635c14865d72115b97bd36e1595f,inventoried
koreader/base,9f9b664083d8cdab967638781096f5b089cb2e36,thirdparty/libjpeg-turbo/no_simdcoverage_exe.patch,413,13,a7bca9c6e2603b22900da140df77e71cdf4f5539294a50eec77b37e06d196f10,inventoried
koreader/base,9f9b664083d8cdab967638781096f5b089cb2e36,thirdparty/libk2pdfopt/CMakeLists.txt,1007,31,970dbd61c83b3ef99e571f85bd82e89016d29cc168112cb5a70074c7a7149a5f,inventoried
koreader/base,9f9b664083d8cdab967638781096f5b089cb2e36,thirdparty/libpng/CMakeLists.txt,904,30,3623b45e6bcc0e2384d4e42b9588742bcd0577b9364da54a90fa71f7a660fdd1,inventoried
koreader/base,9f9b664083d8cdab967638781096f5b089cb2e36,thirdparty/libressl/CMakeLists.txt,955,32,aab1d5acb5fccc9039ec28392d82101aaf0739721c885f41e4018b9c0b406afa,inventoried
koreader/base,9f9b664083d8cdab967638781096f5b089cb2e36,thirdparty/libressl/android.patch,259,10,8b188af7976dae35f342c4d524628c0cff243e0b278369709ae13a3eef61d50e,inventoried
koreader/base,9f9b664083d8cdab967638781096f5b089cb2e36,thirdparty/libressl/cmake_tweaks.patch,329,11,ad936751629c05d17b07ae62cd8ff3c02572ea83a96c6444ea436acbbfb93340,inventoried
koreader/base,9f9b664083d8cdab967638781096f5b089cb2e36,thirdparty/libunibreak/CMakeLists.txt,944,31,8097614d1455419cfdad265ecbd36d7b4333c9d24f241b754a2e611499017330,inventoried
koreader/base,9f9b664083d8cdab967638781096f5b089cb2e36,thirdparty/libunibreak/trim_the_fat.patch,989,41,3c314cfdd0cb2e43c4987a6b735650b235dcd097c8df544b55b1e461927bc63f,inventoried
koreader/base,9f9b664083d8cdab967638781096f5b089cb2e36,thirdparty/libwebp/CMakeLists.txt,1536,42,7c3f8cdc3aa6a840bb1e1bfed78509dbc33f3c93722a60f95bbb6f4f3f596eca,inventoried
koreader/base,9f9b664083d8cdab967638781096f5b089cb2e36,thirdparty/libwebp/cmake_tweaks.patch,1103,35,81a5747af2f9c2736195cc4c7f2e61b251f9adca93d4a85372371eff0609d185,inventoried
koreader/base,9f9b664083d8cdab967638781096f5b089cb2e36,thirdparty/libzmq/CMakeLists.txt,1163,39,27d8326d25a708ed75f70d0f7c7887a31c32143f751abb1a961a169938faa786,inventoried
koreader/base,9f9b664083d8cdab967638781096f5b089cb2e36,thirdparty/libzmq/cmake_tweaks.patch,580,25,66c46d062a1687c95bb26c15cc7828fc25a18e13c58356f78b5bc593ac71f2f6,inventoried
koreader/base,9f9b664083d8cdab967638781096f5b089cb2e36,thirdparty/libzmq/disable_eventfd.patch,356,13,54c6b71bf2c264228095b6d9173f2f4e7e1b84fea9e8b5e28157090212e14040,inventoried
koreader/base,9f9b664083d8cdab967638781096f5b089cb2e36,thirdparty/lj-wpaclient/CMakeLists.txt,417,15,80b48d2a27b4d4d8bdebaac23073c028337d6feb3cc6d69c12cdab9e0857af3d,inventoried
koreader/base,9f9b664083d8cdab967638781096f5b089cb2e36,thirdparty/lodepng/CMakeLists.txt,562,21,d9b1f3c5c1d2a726535596bcf2ec373b62d747df2caa956b98203dc778f5e568,inventoried
koreader/base,9f9b664083d8cdab967638781096f5b089cb2e36,thirdparty/lodepng/overlay/CMakeLists.txt,327,10,e69b1cf8901dd43fcaa87abd3e0f5bd3ae9063f91814ec900f4ee175cf1a0de4,inventoried
koreader/base,9f9b664083d8cdab967638781096f5b089cb2e36,thirdparty/lpeg/CMakeLists.txt,763,25,a08dccec2bd44e25d7595de78aa9ab8ace66eedac48fefb29dd7de77d18b3940,inventoried
koreader/base,9f9b664083d8cdab967638781096f5b089cb2e36,thirdparty/lpeg/luajit.patch,1048,32,af8ba13aee8d402684e48107613c907787c22890e76832603317fe157992938d,inventoried
koreader/base,9f9b664083d8cdab967638781096f5b089cb2e36,thirdparty/lpeg/overlay/CMakeLists.txt,485,24,c74d04eda16c5ccce6f7dd3782907550bb07329371864f44aeeee6a12421ea6e,inventoried
koreader/base,9f9b664083d8cdab967638781096f5b089cb2e36,thirdparty/lua-Spore/CMakeLists.txt,406,14,040bbc1c66a3ec3221ce057a53abcae1f9bf2117649c19a26718f932909506f5,inventoried
koreader/base,9f9b664083d8cdab967638781096f5b089cb2e36,thirdparty/lua-Spore/detect-more-json-content-types.patch,1272,33,a16c0ff3a69a54125ab3ae288a23d4104e692c6c99961c8a0980e87e8876bf59,inventoried
koreader/base,9f9b664083d8cdab967638781096f5b089cb2e36,thirdparty/lua-htmlparser/CMakeLists.txt,362,11,b9ebc3ee823458e61ead617025fcfb3d6ea4e9404b02f0f86232b98a19b5231d,inventoried
koreader/base,9f9b664083d8cdab967638781096f5b089cb2e36,thirdparty/lua-ljsqlite3/CMakeLists.txt,297,9,1b7d261c82d4fbbebd45c12c488fa59b3f634718b9e54d8ec24b0e2c7c436f32,inventoried
koreader/base,9f9b664083d8cdab967638781096f5b089cb2e36,thirdparty/lua-ljsqlite3/LICENSE,1360,26,f9263d987c5860ff10b9723a00b8ba0d84898cf6bc91494e145402dba963325a,inventoried
koreader/base,9f9b664083d8cdab967638781096f5b089cb2e36,thirdparty/lua-ljsqlite3/README.md,2055,71,89eb9b2da49ee75d251c0a5e6290d1e51117044ecf26d7f02d4e8d09473aeba5,inventoried
koreader/base,9f9b664083d8cdab967638781096f5b089cb2e36,thirdparty/lua-ljsqlite3/__meta.lua,279,12,55bd906bcd55f3a7c005df794dab26b6c960c4fe1ab90efb55db847eac1da25b,inventoried
koreader/base,9f9b664083d8cdab967638781096f5b089cb2e36,thirdparty/lua-ljsqlite3/init.lua,22762,702,8cfdeecde02c21079c4ec825348831972491d59009ccc69fe9b8a444f994073d,inventoried
koreader/base,9f9b664083d8cdab967638781096f5b089cb2e36,thirdparty/lua-ljsqlite3/notes.txt,286,5,43e410803fbcc0a1c0c7fd1a9192a0df1d48be9497cb73251a89de2590631fc8,inventoried
koreader/base,9f9b664083d8cdab967638781096f5b089cb2e36,thirdparty/lua-rapidjson/CMakeLists.txt,748,26,2e1fa20f54654678cae922bdc8026800f817c98fb48923ccf67f9ae9b23f8652,inventoried
koreader/base,9f9b664083d8cdab967638781096f5b089cb2e36,thirdparty/lua-rapidjson/cmake_tweaks.patch,1451,52,887ee3832cac9cca35fb7fae5f9d75349af6adde4449f9ff2d76bc3469cef709,inventoried
koreader/base,9f9b664083d8cdab967638781096f5b089cb2e36,thirdparty/luajit/CMakeLists.txt,3921,104,4b63a86b5d0c7229cf021fc388bff05befdbc8c9a71db57df8f454338d419685,inventoried
koreader/base,9f9b664083d8cdab967638781096f5b089cb2e36,thirdparty/luajit/koreader-luajit-enable-table_pack.patch,784,31,ac95100d2757a177eff12c12f960b637c9e506c78d393396f2e5f332c6429e08,inventoried
koreader/base,9f9b664083d8cdab967638781096f5b089cb2e36,thirdparty/luajit/koreader-luajit-makefile-tweaks.patch,2023,58,04ffaed268d9817531c7037ffaba0e873c1f64ecc7001d23213dccfe427396a4,inventoried
koreader/base,9f9b664083d8cdab967638781096f5b089cb2e36,thirdparty/luajit/koreader-luajit-verbose-build.patch,312,19,2b596ea9307b7284f79870546822a3fa3671532ddf2407eae3a4cff297ad6c34,inventoried
koreader/base,9f9b664083d8cdab967638781096f5b089cb2e36,thirdparty/luajson/CMakeLists.txt,345,11,418d60b0edb989202ed5af6a7e24a736fddca496458c555c4143319c30e70c23,inventoried
koreader/base,9f9b664083d8cdab967638781096f5b089cb2e36,thirdparty/luarocks/CMakeLists.txt,1255,38,6d4ea2790954196c4b7e37219d3644606cc6962b999c734724abcd07c3bef6bc,inventoried
koreader/base,9f9b664083d8cdab967638781096f5b089cb2e36,thirdparty/luasec/CMakeLists.txt,797,26,98b7b44e2cae52355ef76341cd13fef53cfc231443cb805737cccb059f6179a3,inventoried
koreader/base,9f9b664083d8cdab967638781096f5b089cb2e36,thirdparty/luasec/overlay/CMakeLists.txt,769,28,bcddcdc51283431a1b5c1dc771b7074936c6ddf386e6787dbeb8168d794470ff,inventoried
koreader/base,9f9b664083d8cdab967638781096f5b089cb2e36,thirdparty/luasec/visibility.patch,307,11,e2536ff2ae93a03fa3f1a0cb2152d1cc1dd4ee46f2fc88c09cde11e8309d0c4d,inventoried
koreader/base,9f9b664083d8cdab967638781096f5b089cb2e36,thirdparty/luasocket/CMakeLists.txt,2015,67,5cc6af00c3e6e72192697b640465ce920e2b09e7e69a7d3f3bf94c1bd6657efc,inventoried
koreader/base,9f9b664083d8cdab967638781096f5b089cb2e36,thirdparty/luasocket/enforce-cloexec.patch,797,22,7003553a8dddca9dbc8f4c0fb61055cc43dc3e297990cf5ee40d9b3fbd29b714,inventoried
koreader/base,9f9b664083d8cdab967638781096f5b089cb2e36,thirdparty/luasocket/export-api-for-luasec.patch,2375,79,90c94b9223543bbe1692bc8f88cc45af7a741b7326fadc5f7c43a3549fe8c29a,inventoried
koreader/base,9f9b664083d8cdab967638781096f5b089cb2e36,thirdparty/luasocket/http_headers_callback.patch,1004,30,99e36734b1af436242b446d108a9ccde4de1badd8944df5f632cf02ba96f1c5b,inventoried
koreader/base,9f9b664083d8cdab967638781096f5b089cb2e36,thirdparty/luasocket/luajit-compat.patch,313,14,cec38ee3cd0123fe54a7925e85d4300ec27bf54acd12ade9a33e9d71f97d3e33,inventoried
koreader/base,9f9b664083d8cdab967638781096f5b089cb2e36,thirdparty/luasocket/namespace.patch,2573,76,cec0631ac7d135e720362b002140ee6d9856095c6fa2a31617c5bdb246191b04,inventoried
koreader/base,9f9b664083d8cdab967638781096f5b089cb2e36,thirdparty/luasocket/overlay/CMakeLists.txt,1147,42,1feb6737aff2d3b565e45f9d9da14e7f50022108cc2846be82d2cf61bf8e59f1,inventoried
koreader/base,9f9b664083d8cdab967638781096f5b089cb2e36,thirdparty/lunasvg/CMakeLists.txt,756,30,99b8b01a984962aa87f2e7519122dcaa77e89d37ac3c6192c585615f787f8bdf,inventoried
koreader/base,9f9b664083d8cdab967638781096f5b089cb2e36,thirdparty/lunasvg/cmake_tweaks.patch,262,10,4a01d42cc0523960c57e2ede9988be137346ba7f671dcd1eb4e029a45d9ca172,inventoried
koreader/base,9f9b664083d8cdab967638781096f5b089cb2e36,thirdparty/lunasvg/extended.patch,23212,619,287eb4226093ccc8d3ebf1cba72b6b350bbead5920e2f2095e8eed097ea38e38,inventoried
koreader/base,9f9b664083d8cdab967638781096f5b089cb2e36,thirdparty/lunasvg/pkgconfig.patch,772,27,93a8d18b870902116cdb75fe274cb8fb1ef164a9e0a08476b6850b8ff527ba53,inventoried
koreader/base,9f9b664083d8cdab967638781096f5b089cb2e36,thirdparty/lunasvg/xtended/CMakeLists.txt,312,9,9e263b48ed412c24eef79276ee8cdd962f1debf2333aa275935b7122c25e4453,inventoried
koreader/base,9f9b664083d8cdab967638781096f5b089cb2e36,thirdparty/lunasvg/xtended/ximageelement.cpp,6241,163,60511d5d267fc0c7cb4caee128eedfe57a33b1dbbd558e397c159e44c960ea37,inventoried
koreader/base,9f9b664083d8cdab967638781096f5b089cb2e36,thirdparty/lunasvg/xtended/ximageelement.h,1133,53,2f9aa736b24550f56a4bc311878b77fd741db2512be2e04db727486a72c007d6,inventoried
koreader/base,9f9b664083d8cdab967638781096f5b089cb2e36,thirdparty/lunasvg/xtended/xlunasvg.h,2570,58,04deb61df1f61b6bf485065cdf4f7eab45939a34f0244cb4778326a33aa2956b,inventoried
koreader/base,9f9b664083d8cdab967638781096f5b089cb2e36,thirdparty/lunasvg/xtended/xtextelement.cpp,6201,161,acb34d9eabd598e4f93f5bf6c2bca321e843f66fd640aa9537f09af532446e0c,inventoried
koreader/base,9f9b664083d8cdab967638781096f5b089cb2e36,thirdparty/lunasvg/xtended/xtextelement.h,354,20,6878c40396d334e4253f7c2781a3ddf750da3fa42e8c9ac0262b2b2e7bf0f27b,inventoried
koreader/base,9f9b664083d8cdab967638781096f5b089cb2e36,thirdparty/lunasvg/xtended/xtspanelement.cpp,22747,505,c087276c6788a425f223511c87153bf1d5076dc8afc09aa2a3b30c36bef39967,inventoried
koreader/base,9f9b664083d8cdab967638781096f5b089cb2e36,thirdparty/lunasvg/xtended/xtspanelement.h,1460,61,bae98e350f19b101343a696059e16c458980437281b383a1430895b7056ea56b,inventoried
koreader/base,9f9b664083d8cdab967638781096f5b089cb2e36,thirdparty/md4c/CMakeLists.txt,558,20,494d322762d1df44adf0cf8f2b776b7f84d0b6c0d4042fbed34f4b2c97654dbf,inventoried
koreader/base,9f9b664083d8cdab967638781096f5b089cb2e36,thirdparty/md4c/cmake_tweaks.patch,173,8,1246781759dc3a7aed73ae8ea52e8d371ce3baa72b72a33ef8c09f7a240f6bc0,inventoried
koreader/base,9f9b664083d8cdab967638781096f5b089cb2e36,thirdparty/miniconv/CMakeLists.txt,682,26,8d7d4469834c988cb7afd4107bc45b5d6dcd0a175c68b49e9a0ff49eae4cebcd,inventoried
koreader/base,9f9b664083d8cdab967638781096f5b089cb2e36,thirdparty/miniconv/iconv-proto-compat.patch,706,14,982a7a2896252e374d7e27fe6aef5003719753ee2dad49ddf19a68e5ff713f5a,inventoried
koreader/base,9f9b664083d8cdab967638781096f5b089cb2e36,thirdparty/miniconv/miniconv-config.patch,234,12,5e0e35ff70f1fac2bc1983a82f57a668a5d349e66c180a0d8ab9fa5336e64c4c,inventoried
koreader/base,9f9b664083d8cdab967638781096f5b089cb2e36,thirdparty/miniconv/overlay/CMakeLists.txt,334,10,3238a37906bda0386f26dee79a08e98c82d8301cdd69c27b68675a7492d53473,inventoried
koreader/base,9f9b664083d8cdab967638781096f5b089cb2e36,thirdparty/miniconv/overlay/miniconv_config.h,454,20,63e3eefbac012d7853506c31a33ff79e2a45580f356cb145936c3974303042e1,inventoried
koreader/base,9f9b664083d8cdab967638781096f5b089cb2e36,thirdparty/minizip/CMakeLists.txt,793,20,4ae6e730027861ce510a39e3fa6ef583b174e0b32f6ac62e0a8756a5c593d6ab,inventoried
koreader/base,9f9b664083d8cdab967638781096f5b089cb2e36,thirdparty/minizip/overlay/CMakeLists.txt,383,12,d5d8a931d1b5957242b477386ea69fd24a4f19ab09e474114bca7d361fa0e3f0,inventoried
koreader/base,9f9b664083d8cdab967638781096f5b089cb2e36,thirdparty/mupdf/CMakeLists.txt,3862,133,9f4bedd805bf229de00e0f8499760b2d033b63e985fc6e4fc98aaca875646b03,inventoried
koreader/base,9f9b664083d8cdab967638781096f5b089cb2e36,thirdparty/mupdf/encrypted_zip.patch,9881,323,5064c3cbd1b26bfea4cf2ac29a88561b3375e765a9d90a9b1b9e7ddeb122c1f2,inventoried
koreader/base,9f9b664083d8cdab967638781096f5b089cb2e36,thirdparty/mupdf/external_fonts.patch,16478,516,334f5ed6f8618daa578d41bcbe7357e1ff9dc80e21defe16be649779bd86af77,inventoried
koreader/base,9f9b664083d8cdab967638781096f5b089cb2e36,thirdparty/mupdf/free-html-doc-fonts-on-close.patch,553,16,1c45d30f1eefe7de983bed2f443dd51451248af353d035f12075bd0a421a1538,inventoried
koreader/base,9f9b664083d8cdab967638781096f5b089cb2e36,thirdparty/mupdf/honor_cflags.patch,399,17,e961fcb5686ca67882c55efab56d82ec9f30d555c0359525ca92b26f56f5d1ee,inventoried
koreader/base,9f9b664083d8cdab967638781096f5b089cb2e36,thirdparty/mupdf/mupdf_cbz_chapter_support.patch,3896,136,76d9fd27a8da9dbabd68bcf1a7029a8db7350dc282aeb12ce8ac1ece4f578857,inventoried
koreader/base,9f9b664083d8cdab967638781096f5b089cb2e36,thirdparty/mupdf/no_arm_asm.patch,439,18,3e62e0f0d2d5f89edc109d8cfd563c4540b239b43477673665f48e942dbd6aba,inventoried
koreader/base,9f9b664083d8cdab967638781096f5b089cb2e36,thirdparty/mupdf/passthrough_device.patch,406,14,9e59ad75071e88398a4d4399d741587374bc7cb99c79c31d4d9f6213e1ee41ee,inventoried
koreader/base,9f9b664083d8cdab967638781096f5b089cb2e36,thirdparty/mupdf/relink_on_xlibs_change.patch,454,13,732de951956810106919fdd420dfabfe50fe0b3c051e34d20bb6986b08df25d3,inventoried
koreader/base,9f9b664083d8cdab967638781096f5b089cb2e36,thirdparty/mupdf/visibility.patch,12747,409,ce5e36203ab84ce6e6204312d182a0f892c96f2fc08bfa92f2a98bca40785476,inventoried
koreader/base,9f9b664083d8cdab967638781096f5b089cb2e36,thirdparty/mupdf/webp-upstream-697749.patch,14308,455,e70a025f912b572342b226275fd28ae9c9fcb9c31a40906ad6af9f1c4124eb51,inventoried
koreader/base,9f9b664083d8cdab967638781096f5b089cb2e36,thirdparty/nanosvg/CMakeLists.txt,380,15,ead306836c1b71bfdafce110543ee3d584534ef085821143be6a57254e044d77,inventoried
koreader/base,9f9b664083d8cdab967638781096f5b089cb2e36,thirdparty/nanosvg/stb_image_write.h,71221,1724,cbd5f0ad7a9cf4468affb36354a1d2338034f2c12473cf1a8e32053cb6914a05,inventoried
koreader/base,9f9b664083d8cdab967638781096f5b089cb2e36,thirdparty/openlipclua/CMakeLists.txt,604,20,6d4b3b198f95648ef96ae93cd9eb88f7597e0f887c594480f64e8c01d8e6fe11,inventoried
koreader/base,9f9b664083d8cdab967638781096f5b089cb2e36,thirdparty/openssh/CMakeLists.txt,1028,34,e38ce08a8b39abef75b3aaea6f909f03f8fb5885ae264a33edf2aaed384db54f,inventoried
koreader/base,9f9b664083d8cdab967638781096f5b089cb2e36,thirdparty/popen-noshell/CMakeLists.txt,738,22,8cc4bddaf6d2e67c710ce432447f78266cde61af9cc866c6889e9cf46c979c22,inventoried
koreader/base,9f9b664083d8cdab967638781096f5b089cb2e36,thirdparty/popen-noshell/kindle_legacy.patch,542,12,48158afe8fc31ad1b11f5efab32787ef8c25f8ac3371cec9a45a963b8c51c376,inventoried
koreader/base,9f9b664083d8cdab967638781096f5b089cb2e36,thirdparty/popen-noshell/overlay/CMakeLists.txt,201,7,2e43cbfaeade2fb73edcd6fce1b6a0b6e831c55651c5a8aa456b3a266827f5ed,inventoried
koreader/base,9f9b664083d8cdab967638781096f5b089cb2e36,thirdparty/proxy-libintl/CMakeLists.txt,422,17,e9e4f651a0ddbb682efdf5d40d7f565fc6965b6a53651de543b6d6630b1c7797,inventoried
koreader/base,9f9b664083d8cdab967638781096f5b089cb2e36,thirdparty/sdcv/CMakeLists.txt,2196,71,76651f48f32d2be4c17c75a5c95ba4ca61e1df582c19bdfbb681e8ee05bc8125,inventoried
koreader/base,9f9b664083d8cdab967638781096f5b089cb2e36,thirdparty/sdcv/compat_with_newer_glib.patch,689,16,0ec1744a451c1b9a6f66331eed8f36ec06e05d1031aa7f645f7c7cca39da159a,inventoried
koreader/base,9f9b664083d8cdab967638781096f5b089cb2e36,thirdparty/sdcv/ignore_hidden.patch,521,13,6565d0ec60278a349783f5dd833ef32d82f8e21186bc17cadbd1d57892f1d87e,inventoried
koreader/base,9f9b664083d8cdab967638781096f5b089cb2e36,thirdparty/sdcv/sdcv-locale-hack.patch,2382,46,65fb0b791e942259e0414011150489b11b5ccdbf1714a87e49dd47b53a37d746,inventoried
koreader/base,9f9b664083d8cdab967638781096f5b089cb2e36,thirdparty/sdcv/sdcv-no-unknown-dict-warning.patch,781,22,ebb3a2bf440d3f9fef29ed11ffe7166eb232e1f69a31e3b36a433f35245ae3e0,inventoried
koreader/base,9f9b664083d8cdab967638781096f5b089cb2e36,thirdparty/sdcv/sdcv-syn-oft-cache.patch,6707,168,4860e68f65b51564f50f279904a865c7f84bc4271e75c71c4a536af0b77acb3e,inventoried
koreader/base,9f9b664083d8cdab967638781096f5b089cb2e36,thirdparty/sdl3/CMakeLists.txt,1614,58,39ef56080011a83795ebc2cb31820af61af07c7d208e507c171d825ac01b21d2,inventoried
koreader/base,9f9b664083d8cdab967638781096f5b089cb2e36,thirdparty/sdl3/cmake_tweaks.patch,824,20,37e764cf3f5061cfcefd357f3a9f49bdac58804890af81005027055cb94bdc48,inventoried
koreader/base,9f9b664083d8cdab967638781096f5b089cb2e36,thirdparty/sdl3/cocoa.patch,3638,92,a974ca90cb3a7f906f518851bae140eaf08003532aaa64255a0b9d782b02a306,inventoried
koreader/base,9f9b664083d8cdab967638781096f5b089cb2e36,thirdparty/sdl3/ensure_deps.patch,2869,74,b50a6f2b1e18ed03d751cf940125c12bdaba5564cb6072afa968d788a9871ba8,inventoried
koreader/base,9f9b664083d8cdab967638781096f5b089cb2e36,thirdparty/sdl3/pkg-config_jailbreak.patch,839,21,3b1ae6ecaccf076921f5e0cfc2a5430a6d76a4695b3fac3261fd17ce8ee75fd1,inventoried
koreader/base,9f9b664083d8cdab967638781096f5b089cb2e36,thirdparty/spec/busted/CMakeLists.txt,122,4,61b2d3863e8c162a28055d071d6d22a2daacc05916be00d9755805b8ca4fa492,inventoried
koreader/base,9f9b664083d8cdab967638781096f5b089cb2e36,thirdparty/spec/cluacov/CMakeLists.txt,119,4,a9c694f6e661af878b7337d5063c4e8fddd97165564af58ecfecb848e29717a6,inventoried
koreader/base,9f9b664083d8cdab967638781096f5b089cb2e36,thirdparty/spec/lua-term/CMakeLists.txt,147,5,4093b4bb6a2da5772b8b900389ca41c4a78cd9e4d2bb73c942d0351773284b9b,inventoried
koreader/base,9f9b664083d8cdab967638781096f5b089cb2e36,thirdparty/spec/lua_cliargs/CMakeLists.txt,182,5,bb8f9885b0653d0af7081d8210faac72fc0fba316930919634baffc0b6eff3bb,inventoried
koreader/base,9f9b664083d8cdab967638781096f5b089cb2e36,thirdparty/spec/luacov/CMakeLists.txt,117,4,961fa7c0d385765667a59009a162b69bcf0d8ca9798298cb134fe7163b5e7f5a,inventoried
koreader/base,9f9b664083d8cdab967638781096f5b089cb2e36,thirdparty/spec/luafilesystem/CMakeLists.txt,123,4,311088e65298b3b929c7f646425b51de799d55d4eb6dd31eb5f7645561faad2b,inventoried
koreader/base,9f9b664083d8cdab967638781096f5b089cb2e36,thirdparty/spec/luassert/CMakeLists.txt,124,4,bbc569244b462c9085bfb1f26337b6fbe65631cc47b07fad84332fafe785f4f3,inventoried
koreader/base,9f9b664083d8cdab967638781096f5b089cb2e36,thirdparty/spec/luasystem/CMakeLists.txt,125,4,1b9bc9a990b9877065a72d17fe9fffe027d864ca866a3333c63867a31da1821b,inventoried
koreader/base,9f9b664083d8cdab967638781096f5b089cb2e36,thirdparty/spec/mediator_lua/CMakeLists.txt,166,5,1a24e257fe6d6b4511beadeb97a4caac3d53389749344a3278a189145d77b29d,inventoried
koreader/base,9f9b664083d8cdab967638781096f5b089cb2e36,thirdparty/spec/penlight/CMakeLists.txt,119,4,3042259284a11b6197e4294d4d7bbbb9e5fd7cb43e49438c9819c74d490ee544,inventoried
koreader/base,9f9b664083d8cdab967638781096f5b089cb2e36,thirdparty/spec/say/CMakeLists.txt,119,4,ee0c4e610cf29de835d1015fbf8a3efbda303965bd3e3a146ef5328a2458b5de,inventoried
koreader/base,9f9b664083d8cdab967638781096f5b089cb2e36,thirdparty/sqlite/CMakeLists.txt,714,23,ff7fabdf61105d8965c6b9b012594de58ccb66a60f8ba5d2470f052ca9271ce6,inventoried
koreader/base,9f9b664083d8cdab967638781096f5b089cb2e36,thirdparty/sqlite/overlay/CMakeLists.txt,2106,78,f8bf48e2f2ed113eefdad5cc35b1ad23a0f80744f8ece9f2052f420722ee067e,inventoried
koreader/base,9f9b664083d8cdab967638781096f5b089cb2e36,thirdparty/srell/CMakeLists.txt,193,8,42e02856d0f5c5e569241c262fdb14eba01f2efbb53453a344e0e8b86605bb16,inventoried
koreader/base,9f9b664083d8cdab967638781096f5b089cb2e36,thirdparty/srell/history_en.txt,28033,617,4972a950eb48ff6421d95a7fe2373ccffebf15753899385d74dff4d8c10d7046,inventoried
koreader/base,9f9b664083d8cdab967638781096f5b089cb2e36,thirdparty/srell/history_ja.txt,29161,534,5fc90e66275b48ca2079777597eb0157b80837fc675374bd50423cc0b288ad89,inventoried
koreader/base,9f9b664083d8cdab967638781096f5b089cb2e36,thirdparty/srell/license.txt,1650,32,013ba4e9f5ba60c72efa40f638d09b3d1a72c9a4787560207179710e1060d3be,inventoried
koreader/base,9f9b664083d8cdab967638781096f5b089cb2e36,thirdparty/srell/misc/sample01.cpp,10147,379,3a4757586f9f1ef2fbce82e957b337732c9aec7ca9f95a0f405436c04e7a15ba,inventoried
koreader/base,9f9b664083d8cdab967638781096f5b089cb2e36,thirdparty/srell/readme_en.txt,691,21,887f3de1cb2c3fb63d3b374103d6f819959a0f1cabe4926ecbccb5416d7a5e19,inventoried
koreader/base,9f9b664083d8cdab967638781096f5b089cb2e36,thirdparty/srell/readme_ja.txt,940,23,e2d6b15d237761eacf54335d54489dc4833583c0a3be069277c6614c9db20d68,inventoried
koreader/base,9f9b664083d8cdab967638781096f5b089cb2e36,thirdparty/srell/single-header/srell.hpp,726720,18493,1a9d9ae6e70a35ae5d11a51af8e1857327b1191cd830a52bf2cb8eaf135416fa,inventoried
koreader/base,9f9b664083d8cdab967638781096f5b089cb2e36,thirdparty/srell/srell.hpp,259743,9971,80c2d6436d76822ef8722a7132845e6d9e0231bc4f90b57e5999a608b9aa9101,inventoried
koreader/base,9f9b664083d8cdab967638781096f5b089cb2e36,thirdparty/srell/srell_ucfdata2.hpp,100045,2484,a866775759fe30aeab3265ad239bf3888ca584159ca5cda0421a9e81db1dfa64,inventoried
koreader/base,9f9b664083d8cdab967638781096f5b089cb2e36,thirdparty/srell/srell_updata.hpp,366874,6036,3083ff66d830db851d7ea8eac0747f82bd50b541d211d07401047d1c81fba5f1,inventoried
koreader/base,9f9b664083d8cdab967638781096f5b089cb2e36,thirdparty/srell/unicode/readme_en.txt,2751,76,f17f2dddcc0462bb258a4eec957b378ce542af2fb81d67ca533b743f204a25ea,inventoried
koreader/base,9f9b664083d8cdab967638781096f5b089cb2e36,thirdparty/srell/unicode/readme_ja.txt,3680,84,08b16e89890c289489c1062dd32a254c14b2e363a12e74272a43740d7290b238,inventoried
koreader/base,9f9b664083d8cdab967638781096f5b089cb2e36,thirdparty/srell/unicode/ucfdataout2.cpp,16427,590,2e618d77a6cca396342f8b4ff621583db80f4f9d8ce30d97439c6b4c7e2db09c,inventoried
koreader/base,9f9b664083d8cdab967638781096f5b089cb2e36,thirdparty/srell/unicode/updataout.cpp,36771,1068,8d795f9eaf7aaa92c75d9585a2eff4f3cf6ce6759842b7dddf31d829097344c5,inventoried
koreader/base,9f9b664083d8cdab967638781096f5b089cb2e36,thirdparty/tesseract/CMakeLists.txt,877,34,8be74d04d79aa5375d2eb932fae593ebb37ad520024aedeb5b0311c01a6b1f1e,inventoried
koreader/base,9f9b664083d8cdab967638781096f5b089cb2e36,thirdparty/tesseract/cmake_tweaks.patch,3492,91,101f80231c1f002d45215ca0a8791e9615e2050e2e90f1b9896fa3a6e395bcee,inventoried
koreader/base,9f9b664083d8cdab967638781096f5b089cb2e36,thirdparty/tesseract/k2pdfopt.patch,2720,92,616dd3bcfe637f4abcdf7987514f71d4fc623e99eb1d67b98a2389cf219d964d,inventoried
koreader/base,9f9b664083d8cdab967638781096f5b089cb2e36,thirdparty/tesseract/no_debug_fonts.patch,438,13,2d2b9a242e835bbb3d458c22c6501d3e598e9f955997e6be4a9d618cd5420803,inventoried
koreader/base,9f9b664083d8cdab967638781096f5b089cb2e36,thirdparty/tesseract/trim_the_fat.patch,15025,373,d4bc7b97f5be7000df293fc4f5bb59c3d32735502ddd10e6471d3d453135c055,inventoried
koreader/base,9f9b664083d8cdab967638781096f5b089cb2e36,thirdparty/tree-sitter-c/CMakeLists.txt,747,24,310ed644384027f90b33c8d9b56f8a994cd7938ebd1f74a758fb1bb2bb3c8c14,inventoried
koreader/base,9f9b664083d8cdab967638781096f5b089cb2e36,thirdparty/tree-sitter-c/no_tree-sitter-cli.patch,675,18,bf6245ac0d9a426a545053f09f9a4af4ca3c168a65f766b96d1097bce0e1f9ff,inventoried
koreader/base,9f9b664083d8cdab967638781096f5b089cb2e36,thirdparty/tree-sitter/CMakeLists.txt,542,19,f70a05a0517fd51fa7a3050b49537abe3fc17b15d9909a8fee1932f83ca23125,inventoried
koreader/base,9f9b664083d8cdab967638781096f5b089cb2e36,thirdparty/turbo/CMakeLists.txt,1888,62,6fa4964f11b44469d271705f0853f31951943ab6ae2697e7776f335d793c1f6b,inventoried
koreader/base,9f9b664083d8cdab967638781096f5b089cb2e36,thirdparty/turbo/d7a8a247a4a2689b0f207162eb804141c87c4899.patch,517,14,906f2c5ca385e3813654833adba1ed4d1c2cb95ab8c294f2b8142c751b06628c,inventoried
koreader/base,9f9b664083d8cdab967638781096f5b089cb2e36,thirdparty/turbo/fix_cdefs.patch,3475,152,75635f9290a66f440894dd1d36db8089f661ac08c2cf2a93a9df3da9c38dcd6f,inventoried
koreader/base,9f9b664083d8cdab967638781096f5b089cb2e36,thirdparty/turbo/fix_ssl_load.patch,369,13,743d48592dba0ef1d4e60a351fd13090b7310f87f9d0f360fc8c09f5d8390365,inventoried
koreader/base,9f9b664083d8cdab967638781096f5b089cb2e36,thirdparty/turbo/fix_tffi_wrap_load.patch,544,17,510ff5e7e5c2afb39f2752215440dfe930c522d21f906239f7110b7bedecdc7f,inventoried
koreader/base,9f9b664083d8cdab967638781096f5b089cb2e36,thirdparty/turbo/no_httpserver_api.patch,507,12,64b0a0cd96f27b45343bfe74fc22da8ea5850f10dd55f153adc1ebe010eb3a44,inventoried
koreader/base,9f9b664083d8cdab967638781096f5b089cb2e36,thirdparty/turbo/no_linux_only_apis.patch,1671,42,336070d79452b22c67cde58b928b599cf66d8fbc8f4a1add09a1f11a67ae66ed,inventoried
koreader/base,9f9b664083d8cdab967638781096f5b089cb2e36,thirdparty/turbo/no_signal_handler_api.patch,3796,94,19d56bcfbd57e7991c31800868c6e9d1f387acc2232276d476dc061d56eeee9c,inventoried
koreader/base,9f9b664083d8cdab967638781096f5b089cb2e36,thirdparty/turbo/no_tcpserver_api.patch,460,12,298f6ed9aaf9b62c900205359df1238c13401fa3fcff71e677407dd946a4105e,inventoried
koreader/base,9f9b664083d8cdab967638781096f5b089cb2e36,thirdparty/turbo/no_web_api.patch,494,12,ab366f7f11d9bba92d2dbb17e6079a664968c0fc9b27ac840eaf81f840ae5368,inventoried
koreader/base,9f9b664083d8cdab967638781096f5b089cb2e36,thirdparty/turbo/no_websocket_api.patch,503,12,16e5eeeb6ef6dcb1e11a762c8d07d23381c891a7d4d65d93ce4ef23f1a687997,inventoried
koreader/base,9f9b664083d8cdab967638781096f5b089cb2e36,thirdparty/turbo/overlay/CMakeLists.txt,394,10,0e2b27fe2244e4fbe75544a6395780555cf98a894a3eb1c493622352c3b7a4ad,inventoried
koreader/base,9f9b664083d8cdab967638781096f5b089cb2e36,thirdparty/utf8proc/CMakeLists.txt,573,20,bdd643bb9db02a041d0857779bff15a06513c00ec01c317a39659acaac1dce2f,inventoried
koreader/base,9f9b664083d8cdab967638781096f5b089cb2e36,thirdparty/xxhash/CMakeLists.txt,590,21,fa0387e415b3d0d95d8ce717b3b5d5b5b1efcec35b650a65e3105304f8c5b49f,inventoried
koreader/base,9f9b664083d8cdab967638781096f5b089cb2e36,thirdparty/xxhash/overlay/CMakeLists.txt,888,25,8222c047d50c0e2ba8eab84ee7a49f87e702df6b6e8dbaf0c2a8ba5b66085f6a,inventoried
koreader/base,9f9b664083d8cdab967638781096f5b089cb2e36,thirdparty/xz/CMakeLists.txt,1695,54,3d48f8dba800f566a184b20fe79bf8eaa43539fc29021db85f1c3119f6cf145f,inventoried
koreader/base,9f9b664083d8cdab967638781096f5b089cb2e36,thirdparty/xz/cmake_tweaks.patch,1102,31,281177354ff9c714f8c7a46707b2041f7409ace40b5b92eb3b76048043ff38ab,inventoried
koreader/base,9f9b664083d8cdab967638781096f5b089cb2e36,thirdparty/xz/no_glibc_2.6_or_above_symbols.patch,812,23,707619eb19d8934caf2ae76bb1ae23cdc91551861c38d96a7288cec431aead54,inventoried
koreader/base,9f9b664083d8cdab967638781096f5b089cb2e36,thirdparty/zlib/CMakeLists.txt,644,24,9a7cf9c1fef91ee4fe7ef10d456e1bf75ec23ae63890eb6960d9dd6815b1d77b,inventoried
koreader/base,9f9b664083d8cdab967638781096f5b089cb2e36,thirdparty/zstd/CMakeLists.txt,948,32,4357fb52a91c3afc3027331bb5c774e8c4ae990ea94b374a925a54b0091d70d6,inventoried
koreader/base,9f9b664083d8cdab967638781096f5b089cb2e36,thirdparty/zstd/no_qsort_r.patch,1426,38,2c71f9c79ee9b2aca05793ba15a4bb7b73c248b9f9d62f5d255d4ed982057c0f,inventoried
koreader/base,9f9b664083d8cdab967638781096f5b089cb2e36,toolchain/Makefile,1753,63,6f9f95ca5b2c83eadf4926209ac58249fb2787ba1e5f773cf98fc1ca8a5fa07e,inventoried
koreader/base,9f9b664083d8cdab967638781096f5b089cb2e36,unpack.c,10288,378,1e6753e2b01ec0ad14916b289fab051db2498becb08d9dcb3b861475de9426c2,inventoried
koreader/base,9f9b664083d8cdab967638781096f5b089cb2e36,utils/bincheck.py,7214,206,b4a66eaef8af8030885b3a930f9578d291cb09be19f2bb9eaf298fd3c3f2e097,inventoried
koreader/base,9f9b664083d8cdab967638781096f5b089cb2e36,utils/bincheck/libinkview.c,210,11,b6c474ec57c4836c66e9fb55f9783c4e49de3f309653b50f1ce070b7d8d47a33,inventoried
koreader/base,9f9b664083d8cdab967638781096f5b089cb2e36,utils/bincheck/liblipc.c,582,23,455e1fedcbac9cccff322a822502970a1ff6882b57747727378c4cbef86df854,inventoried
koreader/base,9f9b664083d8cdab967638781096f5b089cb2e36,utils/bincheck/stub.h,46,1,90fbbff45b4ffc3f9614c3af6ede1810dfeb6179f0b65fa8036dbcd610e8d3de,inventoried
koreader/base,9f9b664083d8cdab967638781096f5b089cb2e36,utils/binfind.py,1441,52,11b6438ca9c598d5252a96b56978523fccb438b57b57f78e00294e9bd4f45408,inventoried
koreader/base,9f9b664083d8cdab967638781096f5b089cb2e36,utils/bininfo.py,8703,249,c2e69a5c14733b738a7257a6a8bcb7f8d58a7af1b38af19250574af72d1f96bb,inventoried
koreader/base,9f9b664083d8cdab967638781096f5b089cb2e36,utils/fake_tty.py,257,11,121c8bb688ed795a1ce99c2affbbf8eef64954e80cc268f162ad1ca0f093dc02,inventoried
koreader/base,9f9b664083d8cdab967638781096f5b089cb2e36,utils/gen_linker_exports.sh,2004,93,612e366b33619df045fa5f2bd2b2db7a7ad8341e1ef8d8b9ce2a5288c6a5d786,inventoried
koreader/base,9f9b664083d8cdab967638781096f5b089cb2e36,utils/gen_merged_cdecl_h.py,5157,144,6f9bb00a1def50a401fc6b0e71898c4a72bfe4cbb5bfcedc68a68b2d3e592881,inventoried
koreader/base,9f9b664083d8cdab967638781096f5b089cb2e36,utils/pdfattach,3508,125,5a64e4ca2831cb0d584583ef63502b79a6965e13a1f5a91153ed42e36e176640,inventoried
koreader/base,9f9b664083d8cdab967638781096f5b089cb2e36,utils/shellcheck.sh,1756,73,9d7058d9513fceb3dcfc6a69eef25d54e7c322c0611ea9bf3ab8badcf8590e1a,inventoried
koreader/base,9f9b664083d8cdab967638781096f5b089cb2e36,wrap-mupdf.c,7372,272,36c3bc4f39537bdc45d20f289ea167a3456d502f8e2a67b5ea76c7f1bec49056,inventoried
koreader/base,9f9b664083d8cdab967638781096f5b089cb2e36,wrap-mupdf.h,9687,218,9a31d1be1c14aa26520843ec1dad918a8b05d7a5a531fe13488037294b9f1cae,inventoried
koreader/base,9f9b664083d8cdab967638781096f5b089cb2e36,xtext.cpp,123706,2592,dbb57cc80e6767625db85f9b751769fdce2bc280c6052481a69c6ccb22855e4d,inventoried
koreader/base,9f9b664083d8cdab967638781096f5b089cb2e36,xtext.h,482,21,eb8f5a410ebaef020eaab1f0c1fd587e5816eeeae1bcfbf9945f15e5a85026a8,inventoried
